/*
Navicat MySQL Data Transfer

Source Server         : easycms_v2
Source Server Version : 50613
Source Host           : 10.0.1.103:3306
Source Database       : easycms_v2

Target Server Type    : MYSQL
Target Server Version : 50613
File Encoding         : 65001

Date: 2015-07-17 21:44:40
*/

SET FOREIGN_KEY_CHECKS=0;

-- ----------------------------
-- Table structure for ACT_EVT_LOG
-- ----------------------------
DROP TABLE IF EXISTS `ACT_EVT_LOG`;
CREATE TABLE `ACT_EVT_LOG` (
  `LOG_NR_` bigint(20) NOT NULL AUTO_INCREMENT,
  `TYPE_` varchar(64) COLLATE utf8_bin DEFAULT NULL,
  `PROC_DEF_ID_` varchar(64) COLLATE utf8_bin DEFAULT NULL,
  `PROC_INST_ID_` varchar(64) COLLATE utf8_bin DEFAULT NULL,
  `EXECUTION_ID_` varchar(64) COLLATE utf8_bin DEFAULT NULL,
  `TASK_ID_` varchar(64) COLLATE utf8_bin DEFAULT NULL,
  `TIME_STAMP_` timestamp(3) NOT NULL,
  `USER_ID_` varchar(255) COLLATE utf8_bin DEFAULT NULL,
  `DATA_` longblob,
  `LOCK_OWNER_` varchar(255) COLLATE utf8_bin DEFAULT NULL,
  `LOCK_TIME_` timestamp(3) NULL DEFAULT NULL,
  `IS_PROCESSED_` tinyint(4) DEFAULT '0',
  PRIMARY KEY (`LOG_NR_`)
) ENGINE=InnoDB DEFAULT CHARSET=utf8 COLLATE=utf8_bin;

-- ----------------------------
-- Records of ACT_EVT_LOG
-- ----------------------------

-- ----------------------------
-- Table structure for ACT_GE_BYTEARRAY
-- ----------------------------
DROP TABLE IF EXISTS `ACT_GE_BYTEARRAY`;
CREATE TABLE `ACT_GE_BYTEARRAY` (
  `ID_` varchar(64) COLLATE utf8_bin NOT NULL DEFAULT '',
  `REV_` int(11) DEFAULT NULL,
  `NAME_` varchar(255) COLLATE utf8_bin DEFAULT NULL,
  `DEPLOYMENT_ID_` varchar(64) COLLATE utf8_bin DEFAULT NULL,
  `BYTES_` longblob,
  `GENERATED_` tinyint(4) DEFAULT NULL,
  PRIMARY KEY (`ID_`),
  KEY `ACT_FK_BYTEARR_DEPL` (`DEPLOYMENT_ID_`),
  CONSTRAINT `ACT_FK_BYTEARR_DEPL` FOREIGN KEY (`DEPLOYMENT_ID_`) REFERENCES `ACT_RE_DEPLOYMENT` (`ID_`)
) ENGINE=InnoDB DEFAULT CHARSET=utf8 COLLATE=utf8_bin;

-- ----------------------------
-- Records of ACT_GE_BYTEARRAY
-- ----------------------------
INSERT INTO `ACT_GE_BYTEARRAY` VALUES ('10005', '1', 'hist.var-solver', null, 0xACED0005737200136A6176612E7574696C2E41727261794C6973747881D21D99C7619D03000149000473697A6578700000000177040000000174000331373978, null);
INSERT INTO `ACT_GE_BYTEARRAY` VALUES ('12505', '1', 'hist.var-solver', null, 0xACED0005737200136A6176612E7574696C2E41727261794C6973747881D21D99C7619D03000149000473697A6578700000000177040000000174000331373978, null);
INSERT INTO `ACT_GE_BYTEARRAY` VALUES ('15005', '1', 'hist.var-solver', null, 0xACED0005737200136A6176612E7574696C2E41727261794C6973747881D21D99C7619D03000149000473697A6578700000000177040000000174000331373978, null);
INSERT INTO `ACT_GE_BYTEARRAY` VALUES ('17514', '1', 'hist.var-solver', null, 0xACED0005737200136A6176612E7574696C2E41727261794C6973747881D21D99C7619D03000149000473697A6578700000000177040000000174000331373978, null);
INSERT INTO `ACT_GE_BYTEARRAY` VALUES ('17532', '1', 'hist.var-solver', null, 0xACED0005737200136A6176612E7574696C2E41727261794C6973747881D21D99C7619D03000149000473697A6578700000000177040000000174000331333178, null);
INSERT INTO `ACT_GE_BYTEARRAY` VALUES ('2', '1', 'problemProcess.bpmn20.xml', '1', 0x3C3F786D6C2076657273696F6E3D22312E302220656E636F64696E673D225554462D38223F3E0A3C646566696E6974696F6E7320786D6C6E733D22687474703A2F2F7777772E6F6D672E6F72672F737065632F42504D4E2F32303130303532342F4D4F44454C2220786D6C6E733A7873693D22687474703A2F2F7777772E77332E6F72672F323030312F584D4C536368656D612D696E7374616E63652220786D6C6E733A7873643D22687474703A2F2F7777772E77332E6F72672F323030312F584D4C536368656D612220786D6C6E733A61637469766974693D22687474703A2F2F61637469766974692E6F72672F62706D6E2220786D6C6E733A62706D6E64693D22687474703A2F2F7777772E6F6D672E6F72672F737065632F42504D4E2F32303130303532342F44492220786D6C6E733A6F6D6764633D22687474703A2F2F7777772E6F6D672E6F72672F737065632F44442F32303130303532342F44432220786D6C6E733A6F6D6764693D22687474703A2F2F7777772E6F6D672E6F72672F737065632F44442F32303130303532342F44492220747970654C616E67756167653D22687474703A2F2F7777772E77332E6F72672F323030312F584D4C536368656D61222065787072657373696F6E4C616E67756167653D22687474703A2F2F7777772E77332E6F72672F313939392F585061746822207461726765744E616D6573706163653D22687474703A2F2F7777772E61637469766974692E6F72672F70726F63657373646566223E0A20203C70726F636573732069643D2270726F626C656D50726F6365737322206E616D653D22E997AEE9A298E6B581E7A88B2220697345786563757461626C653D2274727565223E0A202020203C73746172744576656E742069643D227369642D35443936434245422D394533362D344435302D413134302D38313437464546423030323822206E616D653D22E68F90E587BAE997AEE9A298223E3C2F73746172744576656E743E0A202020203C757365725461736B2069643D22736F6C76657222206E616D653D22E8A7A3E586B3E4BABA222061637469766974693A63616E64696461746555736572733D22247B736F6C7665727D223E3C2F757365725461736B3E0A202020203C6578636C7573697665476174657761792069643D227369642D33323137433039452D334130362D344434452D414637372D303038324535333738353542223E3C2F6578636C7573697665476174657761793E0A202020203C757365725461736B2069643D227175697A7A657222206E616D653D22E696BDE5B7A5E7BB84E8B49FE8B4A3E4BABA222061637469766974693A61737369676E65653D22247B776F726B65727D223E0A2020202020203C646F63756D656E746174696F6E3EE696BDE5B7A5E7BB84E8B49FE8B4A3E4BABA3C2F646F63756D656E746174696F6E3E0A202020203C2F757365725461736B3E0A202020203C6578636C7573697665476174657761792069643D227369642D44453542423130432D364445302D344633322D423938352D454145363730334139344132223E3C2F6578636C7573697665476174657761793E0A202020203C656E644576656E742069643D22656E6422206E616D653D22E997AEE9A298E8A7A3E586B3223E0A2020202020203C646F63756D656E746174696F6E3EE997AEE9A298E8A7A3E586B3EFBC8CE6B581E7A88BE7BB93E69D9F3C2F646F63756D656E746174696F6E3E0A202020203C2F656E644576656E743E0A202020203C73657175656E6365466C6F772069643D226E6F74576F726B22206E616D653D22E69CAAE8A7A3E586B32220736F757263655265663D227369642D44453542423130432D364445302D344633322D423938352D45414536373033413934413222207461726765745265663D22736F6C766572223E0A2020202020203C646F63756D656E746174696F6E3EE4B88DE883BDE8A7A3E586B3E997AEE9A2983C2F646F63756D656E746174696F6E3E0A2020202020203C636F6E646974696F6E45787072657373696F6E207873693A747970653D2274466F726D616C45787072657373696F6E223E3C215B43444154415B247B776F726B73203D3D202766616C7365277D5D5D3E3C2F636F6E646974696F6E45787072657373696F6E3E0A202020203C2F73657175656E6365466C6F773E0A202020203C73657175656E6365466C6F772069643D227369642D41394345453844302D453734422D343230352D424631342D3532303044394136433039302220736F757263655265663D227175697A7A657222207461726765745265663D227369642D44453542423130432D364445302D344633322D423938352D454145363730334139344132223E3C2F73657175656E6365466C6F773E0A202020203C73657175656E6365466C6F772069643D227369642D44443944383745342D393746422D343732312D383246382D4636433446304435324334382220736F757263655265663D227369642D35443936434245422D394533362D344435302D413134302D38313437464546423030323822207461726765745265663D22736F6C766572223E3C2F73657175656E6365466C6F773E0A202020203C73657175656E6365466C6F772069643D22736F6C76656422206E616D653D22E5B7B2E8A7A3E586B32220736F757263655265663D227369642D44453542423130432D364445302D344633322D423938352D45414536373033413934413222207461726765745265663D22656E64223E0A2020202020203C636F6E646974696F6E45787072657373696F6E207873693A747970653D2274466F726D616C45787072657373696F6E223E3C215B43444154415B247B776F726B73203D3D202774727565277D5D5D3E3C2F636F6E646974696F6E45787072657373696F6E3E0A202020203C2F73657175656E6365466C6F773E0A202020203C73657175656E6365466C6F772069643D227369642D35463645383932392D333644362D344134412D393443422D4232383030464542354235422220736F757263655265663D22736F6C76657222207461726765745265663D227369642D33323137433039452D334130362D344434452D414637372D303038324535333738353542223E3C2F73657175656E6365466C6F773E0A202020203C73657175656E6365466C6F772069643D2263616E4265536F6C76656422206E616D653D22E883BDE8A7A3E586B32220736F757263655265663D227369642D33323137433039452D334130362D344434452D414637372D30303832453533373835354222207461726765745265663D227175697A7A6572223E0A2020202020203C646F63756D656E746174696F6E3EE883BDE8A7A3E586B3E997AEEFBC8CE588B6E5AE9AE8A7A3E586B3E696B9E6A188E7BB99E696BDE5B7A5E7BB84E8B49FE8B4A3E4BABA3C2F646F63756D656E746174696F6E3E0A2020202020203C636F6E646974696F6E45787072657373696F6E207873693A747970653D2274466F726D616C45787072657373696F6E223E3C215B43444154415B247B736F6C766564203D3D202774727565277D5D5D3E3C2F636F6E646974696F6E45787072657373696F6E3E0A202020203C2F73657175656E6365466C6F773E0A202020203C73657175656E6365466C6F772069643D2263616E4E6F744265536F6C76656422206E616D653D22E4B88DE883BDE8A7A3E586B32220736F757263655265663D227369642D33323137433039452D334130362D344434452D414637372D30303832453533373835354222207461726765745265663D22736F6C766572223E0A2020202020203C646F63756D656E746174696F6E3EE4B88DE883BDE8A7A3E586B3E997AEE9A298E4BAA4E7BB99E4BAA4E7BB99E4B88AE7BAA7E8A7A3E586B33C2F646F63756D656E746174696F6E3E0A2020202020203C636F6E646974696F6E45787072657373696F6E207873693A747970653D2274466F726D616C45787072657373696F6E223E3C215B43444154415B247B736F6C766564203D3D202766616C7365277D5D5D3E3C2F636F6E646974696F6E45787072657373696F6E3E0A202020203C2F73657175656E6365466C6F773E0A202020203C73657175656E6365466C6F772069643D2264656C65746522206E616D653D22E588A0E999A4E997AEE9A2982220736F757263655265663D227369642D33323137433039452D334130362D344434452D414637372D30303832453533373835354222207461726765745265663D22656E64223E0A2020202020203C646F63756D656E746174696F6E3EE588A0E999A4E997AEE9A2983C2F646F63756D656E746174696F6E3E0A2020202020203C636F6E646974696F6E45787072657373696F6E207873693A747970653D2274466F726D616C45787072657373696F6E223E3C215B43444154415B247B736F6C766564203D3D202764656C657465277D5D5D3E3C2F636F6E646974696F6E45787072657373696F6E3E0A202020203C2F73657175656E6365466C6F773E0A202020203C73657175656E6365466C6F772069643D227369642D32463346344233342D394134372D343043322D424635372D46394437363937303241463422206E616D653D22E588A0E999A4E997AEE9A2982220736F757263655265663D227175697A7A657222207461726765745265663D22656E64223E0A2020202020203C636F6E646974696F6E45787072657373696F6E207873693A747970653D2274466F726D616C45787072657373696F6E223E3C215B43444154415B247B736F6C766564203D3D202764656C657465277D5D5D3E3C2F636F6E646974696F6E45787072657373696F6E3E0A202020203C2F73657175656E6365466C6F773E0A20203C2F70726F636573733E0A20203C62706D6E64693A42504D4E4469616772616D2069643D2242504D4E4469616772616D5F70726F626C656D50726F63657373223E0A202020203C62706D6E64693A42504D4E506C616E652062706D6E456C656D656E743D2270726F626C656D50726F63657373222069643D2242504D4E506C616E655F70726F626C656D50726F63657373223E0A2020202020203C62706D6E64693A42504D4E53686170652062706D6E456C656D656E743D227369642D35443936434245422D394533362D344435302D413134302D383134374645464230303238222069643D2242504D4E53686170655F7369642D35443936434245422D394533362D344435302D413134302D383134374645464230303238223E0A20202020202020203C6F6D6764633A426F756E6473206865696768743D2233302E30222077696474683D2233302E302220783D223137382E352220793D2237352E30223E3C2F6F6D6764633A426F756E64733E0A2020202020203C2F62706D6E64693A42504D4E53686170653E0A2020202020203C62706D6E64693A42504D4E53686170652062706D6E456C656D656E743D22736F6C766572222069643D2242504D4E53686170655F736F6C766572223E0A20202020202020203C6F6D6764633A426F756E6473206865696768743D2238302E30222077696474683D223130302E302220783D223331352E302220793D2235302E30223E3C2F6F6D6764633A426F756E64733E0A2020202020203C2F62706D6E64693A42504D4E53686170653E0A2020202020203C62706D6E64693A42504D4E53686170652062706D6E456C656D656E743D227369642D33323137433039452D334130362D344434452D414637372D303038324535333738353542222069643D2242504D4E53686170655F7369642D33323137433039452D334130362D344434452D414637372D303038324535333738353542223E0A20202020202020203C6F6D6764633A426F756E6473206865696768743D2234302E30222077696474683D2234302E302220783D223439352E302220793D2237302E30223E3C2F6F6D6764633A426F756E64733E0A2020202020203C2F62706D6E64693A42504D4E53686170653E0A2020202020203C62706D6E64693A42504D4E53686170652062706D6E456C656D656E743D227175697A7A6572222069643D2242504D4E53686170655F7175697A7A6572223E0A20202020202020203C6F6D6764633A426F756E6473206865696768743D2238302E30222077696474683D223130302E302220783D223631352E302220793D2235302E30223E3C2F6F6D6764633A426F756E64733E0A2020202020203C2F62706D6E64693A42504D4E53686170653E0A2020202020203C62706D6E64693A42504D4E53686170652062706D6E456C656D656E743D227369642D44453542423130432D364445302D344633322D423938352D454145363730334139344132222069643D2242504D4E53686170655F7369642D44453542423130432D364445302D344633322D423938352D454145363730334139344132223E0A20202020202020203C6F6D6764633A426F756E6473206865696768743D2234302E30222077696474683D2234302E302220783D223736352E302220793D2237302E30223E3C2F6F6D6764633A426F756E64733E0A2020202020203C2F62706D6E64693A42504D4E53686170653E0A2020202020203C62706D6E64693A42504D4E53686170652062706D6E456C656D656E743D22656E64222069643D2242504D4E53686170655F656E64223E0A20202020202020203C6F6D6764633A426F756E6473206865696768743D2232382E30222077696474683D2232382E302220783D223835302E302220793D2237362E30223E3C2F6F6D6764633A426F756E64733E0A2020202020203C2F62706D6E64693A42504D4E53686170653E0A2020202020203C62706D6E64693A42504D4E456467652062706D6E456C656D656E743D227369642D35463645383932392D333644362D344134412D393443422D423238303046454235423542222069643D2242504D4E456467655F7369642D35463645383932392D333644362D344134412D393443422D423238303046454235423542223E0A20202020202020203C6F6D6764693A776179706F696E7420783D223431352E302220793D2239302E3136363131323935363831303632223E3C2F6F6D6764693A776179706F696E743E0A20202020202020203C6F6D6764693A776179706F696E7420783D223439352E34333333333333333333333333342220793D2239302E3433333333333333333333333334223E3C2F6F6D6764693A776179706F696E743E0A2020202020203C2F62706D6E64693A42504D4E456467653E0A2020202020203C62706D6E64693A42504D4E456467652062706D6E456C656D656E743D227369642D32463346344233342D394134372D343043322D424635372D463944373639373032414634222069643D2242504D4E456467655F7369642D32463346344233342D394134372D343043322D424635372D463944373639373032414634223E0A20202020202020203C6F6D6764693A776179706F696E7420783D223636352E302220793D2235302E30223E3C2F6F6D6764693A776179706F696E743E0A20202020202020203C6F6D6764693A776179706F696E7420783D223636352E302220793D2233322E30223E3C2F6F6D6764693A776179706F696E743E0A20202020202020203C6F6D6764693A776179706F696E7420783D223836342E302220793D2233322E30223E3C2F6F6D6764693A776179706F696E743E0A20202020202020203C6F6D6764693A776179706F696E7420783D223836342E302220793D2237362E30223E3C2F6F6D6764693A776179706F696E743E0A2020202020203C2F62706D6E64693A42504D4E456467653E0A2020202020203C62706D6E64693A42504D4E456467652062706D6E456C656D656E743D227369642D44443944383745342D393746422D343732312D383246382D463643344630443532433438222069643D2242504D4E456467655F7369642D44443944383745342D393746422D343732312D383246382D463643344630443532433438223E0A20202020202020203C6F6D6764693A776179706F696E7420783D223230382E352220793D2239302E30223E3C2F6F6D6764693A776179706F696E743E0A20202020202020203C6F6D6764693A776179706F696E7420783D223331352E302220793D2239302E30223E3C2F6F6D6764693A776179706F696E743E0A2020202020203C2F62706D6E64693A42504D4E456467653E0A2020202020203C62706D6E64693A42504D4E456467652062706D6E456C656D656E743D226E6F74576F726B222069643D2242504D4E456467655F6E6F74576F726B223E0A20202020202020203C6F6D6764693A776179706F696E7420783D223738352E352220793D223130392E35223E3C2F6F6D6764693A776179706F696E743E0A20202020202020203C6F6D6764693A776179706F696E7420783D223738352E352220793D223138322E30223E3C2F6F6D6764693A776179706F696E743E0A20202020202020203C6F6D6764693A776179706F696E7420783D223336352E302220793D223138322E30223E3C2F6F6D6764693A776179706F696E743E0A20202020202020203C6F6D6764693A776179706F696E7420783D223336352E302220793D223133302E30223E3C2F6F6D6764693A776179706F696E743E0A2020202020203C2F62706D6E64693A42504D4E456467653E0A2020202020203C62706D6E64693A42504D4E456467652062706D6E456C656D656E743D2263616E4E6F744265536F6C766564222069643D2242504D4E456467655F63616E4E6F744265536F6C766564223E0A20202020202020203C6F6D6764693A776179706F696E7420783D223531352E352220793D223130392E35223E3C2F6F6D6764693A776179706F696E743E0A20202020202020203C6F6D6764693A776179706F696E7420783D223531352E352220793D223138302E30223E3C2F6F6D6764693A776179706F696E743E0A20202020202020203C6F6D6764693A776179706F696E7420783D223336352E302220793D223138302E30223E3C2F6F6D6764693A776179706F696E743E0A20202020202020203C6F6D6764693A776179706F696E7420783D223336352E302220793D223133302E30223E3C2F6F6D6764693A776179706F696E743E0A2020202020203C2F62706D6E64693A42504D4E456467653E0A2020202020203C62706D6E64693A42504D4E456467652062706D6E456C656D656E743D2263616E4265536F6C766564222069643D2242504D4E456467655F63616E4265536F6C766564223E0A20202020202020203C6F6D6764693A776179706F696E7420783D223533342E353633373538333839323631372220793D2239302E3433363234313631303733383235223E3C2F6F6D6764693A776179706F696E743E0A20202020202020203C6F6D6764693A776179706F696E7420783D223631352E302220793D2239302E3136373232343038303236373536223E3C2F6F6D6764693A776179706F696E743E0A2020202020203C2F62706D6E64693A42504D4E456467653E0A2020202020203C62706D6E64693A42504D4E456467652062706D6E456C656D656E743D22736F6C766564222069643D2242504D4E456467655F736F6C766564223E0A20202020202020203C6F6D6764693A776179706F696E7420783D223830342E363231373934383731373934392220793D2239302E3337383230353132383230353132223E3C2F6F6D6764693A776179706F696E743E0A20202020202020203C6F6D6764693A776179706F696E7420783D223835302E303030323833393738353339342220793D2239302E3038393137303136353734313739223E3C2F6F6D6764693A776179706F696E743E0A2020202020203C2F62706D6E64693A42504D4E456467653E0A2020202020203C62706D6E64693A42504D4E456467652062706D6E456C656D656E743D227369642D41394345453844302D453734422D343230352D424631342D353230304439413643303930222069643D2242504D4E456467655F7369642D41394345453844302D453734422D343230352D424631342D353230304439413643303930223E0A20202020202020203C6F6D6764693A776179706F696E7420783D223731352E302220793D2239302E3230373436383837393636383036223E3C2F6F6D6764693A776179706F696E743E0A20202020202020203C6F6D6764693A776179706F696E7420783D223736352E343136363636363636363636362220793D2239302E3431363636363636363636363637223E3C2F6F6D6764693A776179706F696E743E0A2020202020203C2F62706D6E64693A42504D4E456467653E0A2020202020203C62706D6E64693A42504D4E456467652062706D6E456C656D656E743D2264656C657465222069643D2242504D4E456467655F64656C657465223E0A20202020202020203C6F6D6764693A776179706F696E7420783D223531352E352220793D2237302E35223E3C2F6F6D6764693A776179706F696E743E0A20202020202020203C6F6D6764693A776179706F696E7420783D223531352E352220793D2233312E30223E3C2F6F6D6764693A776179706F696E743E0A20202020202020203C6F6D6764693A776179706F696E7420783D223836342E302220793D2233312E30223E3C2F6F6D6764693A776179706F696E743E0A20202020202020203C6F6D6764693A776179706F696E7420783D223836342E302220793D2237362E30223E3C2F6F6D6764693A776179706F696E743E0A2020202020203C2F62706D6E64693A42504D4E456467653E0A202020203C2F62706D6E64693A42504D4E506C616E653E0A20203C2F62706D6E64693A42504D4E4469616772616D3E0A3C2F646566696E6974696F6E733E, '0');
INSERT INTO `ACT_GE_BYTEARRAY` VALUES ('22505', '1', 'hist.var-solver', null, 0xACED0005737200136A6176612E7574696C2E41727261794C6973747881D21D99C7619D03000149000473697A6578700000000177040000000174000331373978, null);
INSERT INTO `ACT_GE_BYTEARRAY` VALUES ('25005', '1', 'hist.var-solver', null, 0xACED0005737200136A6176612E7574696C2E41727261794C6973747881D21D99C7619D03000149000473697A6578700000000177040000000174000331373978, null);
INSERT INTO `ACT_GE_BYTEARRAY` VALUES ('25026', '1', 'hist.var-solver', null, 0xACED0005737200136A6176612E7574696C2E41727261794C6973747881D21D99C7619D03000149000473697A6578700000000177040000000174000331373978, null);
INSERT INTO `ACT_GE_BYTEARRAY` VALUES ('2503', '1', 'var-solver', null, 0xACED0005737200136A6176612E7574696C2E41727261794C6973747881D21D99C7619D03000149000473697A6578700000000177040000000174000331373978, null);
INSERT INTO `ACT_GE_BYTEARRAY` VALUES ('2505', '1', 'hist.var-solver', null, 0xACED0005737200136A6176612E7574696C2E41727261794C6973747881D21D99C7619D03000149000473697A6578700000000177040000000174000331373978, null);
INSERT INTO `ACT_GE_BYTEARRAY` VALUES ('27505', '1', 'hist.var-solver', null, 0xACED0005737200136A6176612E7574696C2E41727261794C6973747881D21D99C7619D03000149000473697A6578700000000177040000000174000331373978, null);
INSERT INTO `ACT_GE_BYTEARRAY` VALUES ('27514', '1', 'hist.var-solver', null, 0xACED0005737200136A6176612E7574696C2E41727261794C6973747881D21D99C7619D03000149000473697A6578700000000177040000000174000331373978, null);
INSERT INTO `ACT_GE_BYTEARRAY` VALUES ('27550', '1', 'hist.var-solver', null, 0xACED0005737200136A6176612E7574696C2E41727261794C6973747881D21D99C7619D03000149000473697A6578700000000177040000000174000331373878, null);
INSERT INTO `ACT_GE_BYTEARRAY` VALUES ('3', '1', 'problemProcess.png', '1', 0x89504E470D0A1A0A0000000D49484452000002CB000000A608060000002CFDC276000017274944415478DAEDDD7F8CDC759DC7F1F557C418A37F6872C6336A8E3F8831688C24673C4DC39950630D4424C3B6DB6EE54711DA4A2D256AB1B6401A40C086524351E48423504248E3710DBDFE86A63F82C82157AD502CD076E92FA0408BDB96B6DFFBBEE7E6BBF7ED7466777676773AB3F37826EFECECFCEEB79F7DBEDEF399CFF7FBEDE8000000000000000000000000000000000000000000008056E7E28B2F4E94524A35AE240F00B458B36C2BC08730A534CB0000CD328C2BC0DF060080B871FAD8BB77EF850B172E8C19B4CFDA1A00E70200710325922439E38D37DE3890924C9932E53F6D1180730180B881123B77EEFCF7A4C4C68D1B7B3A3B3B2FB05500CE0500E246DB73E8D0A12F1E3F7EFC449263FEFCF93B274F9EFC315B07E05C00206EB4357BF6ECD99E94F1E69B6FEE993061C21DB60EC0B90040DC685B76ECD83127A9C2D2A54BF7A4E3EC2BB612C0B90040DC683BD27EF81F0E1F3E7CB45AB37CE2C489233FFAD18F9E1B3366CCFB6D2D702EE7020071A3ADD8B56BD7A66400B66FDFBEB3B3B37386AD05CEE55C00206EB4151B366C18A8574E7A7B7BD7C5589B3C79F219B61838170040DC681B7EFEF39F4FED6F1946F4CAB367CF7ED8CC32C0B90040DC684B962C59F27CB54EF9C5175F5C9C8EB34DD62C039C0B00C48DB6E4A28B2E3A336D8A7B2BECDCB765C284095B1C0D03E05C00206EB435B7DE7AEB9D69737C3CDF2CDF73CF3DBF2D140A0B6C1D80730180B8D1D6C4328BE5CB97EFCB9D90E4C1747C6D73063F80730180B8819469D3A69D7BE0C081C3692553A64C59D5D9D97981AD02702E00103750E2EEBBEF7E7CE1C28549A150586A6B009C8B16204992F76FDFBEFD91CD9B371F5FBD7A75B272E54AD5E05AB56A55F2E4934FBE9656971149DC18DDBE5AB66C5912E3EAD1471FE52B8073D10A44F0AC5FBF3ED9B76F5F72E4C811759A6AFFFEFDC9134F3CF1561A44DF332A891BA3DB573D3D3D7C05702E5A8598A1D128374D001D59B972E556A392B8C1577C05CE059A84F82A93F89BA7D2F079D7A8246EF0155F8173812621D6A0917E53850F511037F88AAFC0B940AB85CFA1377727DBFFF06FC99F57DD50ACB81CD7090CE143DCE02BBE0238176D1D3E070FF4245BFE6B4EF2A765D79E54715DDC2634840F7183AFF80AE05CB46DF8ECFCF37F9C123C59EDFAF3634243F81037F88AAF00CE45FB86CFD6B5B7540D9FB84D68081FE2065FF115C0B968DBF0D9B2725ED5F089DB8486F0216EF0155F019C0BE1237C840F7183AF145F8173217C4EAED89BBC5AF8C46D4243F81037F88AAF00CE45DB86CFB60D8BAA864FDC2634840F7183AFF80AE05CB46DF8BCDEF35CB265C5DC53BFD24CAF8BDB8486F0216EF0155F019C8BB60D9FA8979EBEFF94F089EB0486F0216EF0155F019C8BF60E9FC387936D1BEF3AF52BCDF4BAB84D68081FE2065FF115C0B968CBF089335EBDB0E1CEAA6B00E33667C5123EC40DBEE22B60907EDD138E1DA00ED95268DEF0397C38D9BD6D4DF23FCB67570D9EACE23E715FB336C247B30CBEE22BA046BF4E1CA8592E140AD7DB5268CAF0196876C6AC8DF0D12C83AF145F61181CBBBF9F66F9E0983163CEB095D094E153CBEC4C7FB3364244F86896C1577CD5C67CCC2618FAEC726767E74DB6109A367CEA0D9EAC8488F019258C2D35CB636D0ABE527C55AB37D2E28DC135CC95D62E1F32AB8CA60E1F257CD0F1CDB40EA4B5A0F4739C4DC2578AAF78A331B3CBD62A43F828E1D31A81372E3753B45FF0F195E22BDE18B186F955B3CA103E4AF8B466E00D743DF88AAFC01B43A450285C966B967F668B40F828E1D39C8C1D20D8B2DBAD45E42BC557BC31FCB3CBC5B5CB4D3BABBC62C58A7F5DBC78F1D21B6FBC71F7F4E9D38F7677779F88373C71E2C464EAD4A9EFDE70C30DFB162D5AB46CCD9A35E7F9EF143E4AF88CE2C01B28D0CC14F195E22BDE1806264C98F08F8542615ADA6F3E92D6B6B47A4B33CBF1F3A5F4B6A5E9CF5971BFD3FA466FBFFDF65973E6CC393063C68CE4EEBBEF4E366FDE9CF4F4F424BDBDBD49103FF7EDDB97FCF18F7F4CEEBBEFBE24EE77DD75D7BD7DCB2DB7DCE0BF59F828E1334AF8E620677E067B7FF0155FF1066F94E8ECECBC20AD95691DA9E10C7E59AD4DEFDFD5D0377AEBADB79EFDD39FFEB467D6AC5927A2113E76EC58522BCF3EFB6C327BF6EC247DECFEDB6EBBED1CFA163E4AF88C82C01B57C7E30E0A3EBEE22BDEE08DDA481BDECFA60DEFF24134C8956AFD45175D7466231AE5B9575C71C5F1C71E7B6C504D7239CB972F4FE279D286793E850B1F257CDA28F086EBF1E02BBEE28DB6A050285C3C7EFCF837F28DEF840913929B6EBA2959B3664DB263C78EE4EDB7DF2EF697EFBCF34E7195C3860D1B92050B16149704979FD96F446799172F5EFCB369D3A69D78E1851792E1E0E5975F4EE2F96EBFFDF685342E7C94F0692106DA29A7D1CF03BEE22BDE18AD8DF2B8B4B93D966F921F78E081E232DF5A3870E040F1FEF1B8B233FC5D36EC6F76CE9C3933D3C6F678AD6FAE56E2F9E279E7CD9BF7132A173E4AF8B450E00DD757A16698F98AAF788337AACC28E71BE5993367166791EB211E77EDB5D79637CCC337C33C65CA947FBAFCF2CB8F0ED78C72A519E678FE74237C91CE858F123E4D4CF94E36EF49ABBBF47330943FCECE3B7CC557BCC11B39628D727EE9C5DCB973FB965AD44B2CD1983F7F7EF9928CB386E50DCF9831E38558A33C92C41AE6E9D3A7BF4CE7C247099F260FBC71B9E0FA6D5A49E967ADC157ED711A66BEE22BDEE08D1269A3BC2A3FA33CD44639DF3097CD30AF1FF29B4D1BD809D75C73CDB1A3478F26234DFAE68FA5AF7725A50B1F257C9A3CF03A4A333C49AE6A09BE7CE065352977BB35CC7CC557BCD1F6DE88C3C3E5D728D7BBF4A2BF2519F935CC435E8E9176F32FC6E1E11AC173CF3D975C7DF5D53B285DF828E1D344540BA24A01D65FF055BAFF3D15EE6F0D335FF1156FB4B537E238CA59231B3BE78D040F3DF4D0F0CC2EC7594FAEBCF2CA23433944DC60893300C63A155A3FFD0335AD7F113EC2A79DC6733F81377610415629F86A0DBCF2E0B32483AFF88A37468D376AD9A6D17B663BF5C5ECEFEBAFBF3E22FD661C25A3ECB072F5F59E53A74E9DFD9BDFFCE678D240E21344DAA05F4FFFA797DC57132B0B85C23F0B1FE1D30EE3B9CEE01928F8061B78F9D7DF6F8699AFF88A37468B376AD9A6A5535817EFF78B5FFC62447BCE380E73AE599E55D73FEAEAABAFDE14A7B06E24B1E463FAF4E94FD37F730CE85C3D5EE9D3A0F0113EA3693C5708BC5A03A75AF0BDB7CEC02B9FA1D230F3155FF146CB7BA3966D9A5EF74876FBBA75EB46B4E78C1397E4DECB6375FDA32EB9E492BDBB77EF6E68B31CC75DEEEEEE7E83FE9B6E40F77D1ACC0F6CE1237C46D378AE33F0FA0BBEE7871078437D3FFE7FF98AAF78635CAB6DD3F4F76DD9F5C3BD635F3971A6BFDCFBD859D73FAAABABEB486F6F6F439BE578BDF1E3C7BF4BFFCD39A0F39F06E32B14E1237C46D3781E8619994AC13794C02B0F3E6B98F98AAF78A365BD51CB364DEBEFD9EFC375B8B8FE0E23977BEDDEBAFF51A7831A36A66A92123ECD55C664FDF5DDEF7E370BA70543CC83F75698197ABE74FD5058E0FF89AFF88A37DAC91B8DEE39EB9D593E7C9A66968F9A2B69DA4F7F7F88F3B48F1933E6FDCDF4B5E6830F3E98AC58B1E2A4198BC71F7FBCAF3EFEF18FF7DD167BC0963F3EC4F4E31FFFB8A6D78AFB5E75D555666A46E178EE18FA2969FB9B211ACC0908CC2C37A1AFE2FF71F1E2C57DBFFFED6F7F2B5EB77AF5EA61F9FBFDFDEF7FDFD7D03FFDF4D3C9C18307FB2A6EEBEF7DFDF0873F2C5E8EFBD6F25AE1C50F7DE8437DBFFFE52F7F69B8F75A7866993746709BC659F55A6A66F9FBDFFFFEEED3B16679D2A449AFD17FD30DE87239743453B39C8558FC8C66F8ADB7DE2A5EBEE38E3BFA6E7FE491478A97E378DEF1FBAE5DBB8A87A4C96E7FF4D1476B7EADEF7CE73B9AE551389E730173B06364D61ED6137CD62C3789AF5E7AE9A5E2FF63F6C13C2E7FE6339F2936CB51F17BD6749E7FFEF9C925975C926CDBB6AD5871F9073FF841DFEF71DFEBAFBFFE14B7DC7FFFFD277926FFDC959AF2F5EBD7176FBBF0C20B8B0D75353F455370F6D967275FFFFAD78BF78BD7FEF0873F5CBCDCD5D555AC467BAF059B65DE68C0366DB935CBDDDDDD8F6DDAB4E958239BE5381A46FABA2BE8BF6906F4A638934E15393445B31CEF2184FFECB3CF261FFDE8478B8D7234CC59704548C4E538657B5EFC71FF679E79A6B8376CFCFEEB5FFFBA2FC4A2A1EE2F343EF9C94F6A9647E1781EC28C4CB5C33C55DAAB7D30C1E768184DE0AB575F7D3559BA7469F1FF2F5C73CE39E724BFFAD5AF92CF7FFEF3C5EB5F79E595BE19E0F876B4D2739C79E699C5C7557B8D70D1B265CB8A1FE2B3B1929F25CE7FE0CF2ABB6F34CCD96CF4C30F3FDCEFBF251AE6F266399E63A06D3312DE6BA16699371AB84D5BEE681871ACBB458B16BDDEC866F9DE7BEF3D50F7B1EE309C03BABF4FD04DD32CEFD9B3A72892F84AF1139FF8447176F87DEF7B5F7C3B519C358EEBE3F608B64AF2CF6681E2721632713902B0D2EB4510C6EDD1946B9647DF78AE736666A0E3A1BEA7CEE0FB4A87E32C3795AFB20FD2D937574F3DF55492BE66711639FB46ABDA63FB6B96A3198FE78BF30CC4CF687AE3E72F7FF9CB9366A2D7AE5DDBF79868D0C36BE1A258429635F1F1333C984D08E497788417A3E2F28D37DE987CE4231F49AEBBEEBABEEBE231E1D44679AF059A65DE380DDBB4E58EB31C6751B9F4D24B0F34F20C7E975F7EF9EBCEE0D73A9CEE6639665E42F831231332F9DAD7BE560C9C089B9B6FBEB94FFEE521168F8BDBFEFAD7BF9EB20CA3BF6639C2319B61A93683A4591E550C344353EB8903061B7CD957BA17F82F681E5F651FCCB3A6399660DC79E79DC917BEF085E44B5FFA52F1723DCD72547CC8CFFC9235A7F959E2F299E52D5BB69C727D5C8E263A260ACA678B335F852FCF3BEFBC931AE778FFB7DD765BD5F73652DE1BC5BEE28D2110BD67DA07BEDB8833F87575759D18F219FC82F489D6A67F286F35A2514E3F051F4C5F6F33A56B96071B60D9CC4B045934CB31CB9CCDD2646B99F3928FDFE7CE9D5B9C59CE1E3B6DDAB4E2E5987189AF272B2DC588FB7DEB5BDFEA5B27D86C0DB3667944A8365334D8336CD51A7CD9EB69949BC85759031BB3B51DA5FD21B20FE8E19D2C70EB6D96B36FC9F24D707FCD72F96C77B6DC2C1E5FA9592EBF7FEC9C18BE8BEBA209FEF6B7BFDDAF6347C27BA3DC57BC3104E2B8CBD9DF5464F948F0D0430FE56795D70FF50D5F70C51557EC6EC4ECF255575DB52B7DBD2E4AD72C0FA6E2ABC108919048ACC78BE678D3A64D270543AC078C308919E57BEFBDF7A4757E59087EE31BDFA8292CF33BE0C457449AE5B699612EFF6AB3BB63F0C743AD147C9306312385D3E4ABF8162AFEBFB225133B77EE4C3EF5A94F255FFDEA578B47E38946383B22C5609BE5ACD18DA353C44C6FB623617C3B566D194679F39BEDB81C4D772DCDF2E73EF7B9E27B8FEBE2DF11B3CD8DF65E1BF88A3786D07B668D6CCC2E0FF78E7EF17CE3C78F3F913B294AD770BCE9754B962C7979241BE5A54B97EE4C5F67C320D70641B3DCB79CA2A3B497FAA73FFDE964F2E4C97D6BF0A2393EF7DC734F3AF45247697D607639669523FCE2720455B5D7493F389EF435683E4434CB6DD130E777DEC907D8604E1C50ED710E0FD7C4BEEAC8ED14FC810F7CA0D89066CD72B8259AE14AFB46D43AB39C1DD2329ADD6CD943F6A17FA099E5587AD1513AB45B3C369AEF6A3B2967CD72FCFCDDEF7E57BC2E9C198E6CB4F7DAC457BC51276913BB366B6667CE9C396C87918BBF8F6BAEB9E6587E5679587ACF58C79176F6FBD386E4E04834CA6973F24E3C7FDA2C9F45E79AE57A422C9B898930C91F53B952C064EB95635D731C8A297FACD10F7EF083C519974AAF917E0A3DE5FA6C479A2F7FF9CB158FDFAC591E75947FB5FA9ED20CCF600FEB54FEB8A11EA7150D6896B3F5CAF1E13A9BBD8DA3E8647FFBF17BCC32C7512AE2306B51975D7659DF0EC8D19466C77E8F66336B88B30FEAD96B545B8611C11E415F3EF39B3D7776848C6C7F8D4AC7668E66379E37969A45F31F0D7336A9D068EFB591AF78A3CEDE33ADFD59531B4B2787DA30C7DFCFFCF9F3F3EB940F0E6BEF5928142EEEEEEEDEB377EFDEC3C3D928C7F3A5CFBBD7F20BCD723D150D6F044D76B9237770FE4CF695022366A263A7C0988529BF2DD62C67CD74044FCC223DF1C41355DF43DCD6DF8CB46679D407DF70CC3C39EA4513FB2A669363F945D620C7E5685267CD9A55FC709ED559679D5574463CA6BF236354AAECC815F1B89881CE66ACB39DF0A241CD7F43167E8A6FD2E235F333D0E5274CC97E8FD9E47055ECCC57BE8C223FD99035DC8DF05E9BF98A37EAEC3DB39DFDB219E67A9764C4E3CA66949311E93DD3279E9CFEE1EEDEBA75EB6BC3D1286FDFBEFDB578BE7463FC84C635CBF5EE74D3C8C7357B69965B2EF89C70A48D7CD50CEEE32BDE68C119E6C9F98639D630C732CAF856A3D6A35EC4CE7CF935CA5123DA7B46979F76E2AFDD77DF7DFF3D949DFE962C59F2A7F48DEF8D8D40E1C247099F1664A85F815A7AC1577CC51BBC5163EF99D6817CB31B4D737C4B12272E8959E36C89462CB58833F3C50947162E5C1827BA3B5E76D6C0830DE93D631D491CD6237D032F6EDCB871CB609AE4A79E7AEAF94B2FBD744B2CA8B64659F828E1334A826FB0333C76E6E32BBE6A5F5FF1C6107ACF0AA7CC1E4C35BEF74C5FF47BF1C6BBBABA7AE6CD9BB771EDDAB5CFEC4AE9EDED3D148D71FCDCBD7BF7CEB4A1FED3CD37DFBC7ED2A4493BE28D4647EFA817C247099F51C260BF12B5F482AF145FF1C6107BCFFCD28C5A9AE4D3DE7BC6D956D2373EA3743EEF97D2EA2DBDB9F8B933CEB71DA71174663EE1A3844F9B075F9C8AD699F9F84AF1156FE83D217C94F0693BC696026D6C3FB7EF17787CA5F88A3700E1A3848F99A2FA6690C0577CC51BBC01081F257CDA2AF8041E5F29BEE20D40F828E1830AC1B740E0F195E22BDE00848F123E3895B1B1B34987C3C3F195E22BDE00848F123E389552E881AF145FF106207C94F081D0E32BC557BC0140F8081F083DBE527CC51B00848FF081D0E32BC557BC0140F8081F083DBE527CC51B00848FF081D0E32BC557BC0140F8081F083DF0155FF10600E1A3848FD0035FF1156F00103E4AF8083DF0155FF10600E1A3848FD0035FF1156F00103E4AF8083DF0155F813700E1A3848FD0035F29BEE20D40F828E103A1C7578AAF780380F0113E107A7CA5F88A3700081FE103A1C7578AAF780380F0113E107A7CA5F88A37000C2BAB57AF26FDE6A9DE347CDE352A851EF88AAF78034093F0E4934FEEDEB76F1FF13741F5F4F42C49C367AB5129F4C0577CC51B009A84356BD69CBF6EDDBA37F7EEDDFB770170FA6668227856AD5AF54A5ADF332A851EF88AAF78034013910A6FDCCA952BFF105FA9C51AB456ABBBEEBA2B0939B5E27B2F556CF7AD8247E861F4FB6A14145FF106801614D39E90D3983163CEB03520F400F006009428140A9785984AF5335B04420F006F00C0FF4BE9D55CB37CC81681D003C01B00F07F429A986B948B552814AEB76520F400F00600422AAD552EAB43D62E43E801E00D00ED2EA389151AE562757676DE640B41E801E00D00ED2CA3FDD59AE5B40EDA42107A00780340BB8A68623F8DB2B5CB107A007803405B8B68CF40CDB2236340E801E00D002027185700780300C809C61500DE000072827105803700809C605C01E00D002027185700780300C809C61500DEB0150090138C2B00E00D00E404E30A007803003901C61500DE00404E8071058037009013605C01E00D002027185700780300C809C61500DE000072827105803700809C605C01E00D002027185700780300C809C61500DE00007282710500BC01809C605C01006F002027C0B802C01B00C80930AE00F0060072028C2B00BC01809CC809C61500DE000072827105803700809C605C01E00D002027185700780300C809C61500DE000072827105803700809C605C01006F002027185700C01B00C80930AE00F0060072028C2B00BC01809C00E30A006F002027C0B802C01B00404E30AE00F0060090138C2B00BC0100E404E30A006F000039C1B802C01B00404E30AE00F0060090138C2B00E00D004D2D27A546A2FC7501D02C0320270000E41180D12C27A59452CA375200000000000000000000000000000000000000000000000000000000000000000000000000D026FC2FED9979CB8C2852EB0000000049454E44AE426082, '0');
INSERT INTO `ACT_GE_BYTEARRAY` VALUES ('30005', '1', 'hist.var-solver', null, 0xACED0005737200136A6176612E7574696C2E41727261794C6973747881D21D99C7619D03000149000473697A6578700000000177040000000174000331373978, null);
INSERT INTO `ACT_GE_BYTEARRAY` VALUES ('30023', '1', 'hist.var-solver', null, 0xACED0005737200136A6176612E7574696C2E41727261794C6973747881D21D99C7619D03000149000473697A6578700000000177040000000174000331373978, null);
INSERT INTO `ACT_GE_BYTEARRAY` VALUES ('32505', '1', 'hist.var-solver', null, 0xACED0005737200136A6176612E7574696C2E41727261794C6973747881D21D99C7619D03000149000473697A6578700000000177040000000174000331373978, null);
INSERT INTO `ACT_GE_BYTEARRAY` VALUES ('35003', '2', 'var-solver', null, 0xACED0005737200136A6176612E7574696C2E41727261794C6973747881D21D99C7619D03000149000473697A65787000000001770400000001740002383978, null);
INSERT INTO `ACT_GE_BYTEARRAY` VALUES ('35005', '2', 'hist.var-solver', null, 0xACED0005737200136A6176612E7574696C2E41727261794C6973747881D21D99C7619D03000149000473697A65787000000001770400000001740002383978, null);
INSERT INTO `ACT_GE_BYTEARRAY` VALUES ('35018', '1', 'var-solver', null, 0xACED0005737200136A6176612E7574696C2E41727261794C6973747881D21D99C7619D03000149000473697A6578700000000177040000000174000331373978, null);
INSERT INTO `ACT_GE_BYTEARRAY` VALUES ('35020', '1', 'hist.var-solver', null, 0xACED0005737200136A6176612E7574696C2E41727261794C6973747881D21D99C7619D03000149000473697A6578700000000177040000000174000331373978, null);
INSERT INTO `ACT_GE_BYTEARRAY` VALUES ('35029', '2', 'hist.var-solver', null, 0xACED0005737200136A6176612E7574696C2E41727261794C6973747881D21D99C7619D03000149000473697A6578700000000177040000000174000331373478, null);
INSERT INTO `ACT_GE_BYTEARRAY` VALUES ('35036', '1', 'var-solver', null, 0xACED0005737200136A6176612E7574696C2E41727261794C6973747881D21D99C7619D03000149000473697A6578700000000177040000000174000331373878, null);
INSERT INTO `ACT_GE_BYTEARRAY` VALUES ('35038', '1', 'hist.var-solver', null, 0xACED0005737200136A6176612E7574696C2E41727261794C6973747881D21D99C7619D03000149000473697A6578700000000177040000000174000331373878, null);
INSERT INTO `ACT_GE_BYTEARRAY` VALUES ('37503', '1', 'var-solver', null, 0xACED0005737200136A6176612E7574696C2E41727261794C6973747881D21D99C7619D03000149000473697A6578700000000177040000000174000331373978, null);
INSERT INTO `ACT_GE_BYTEARRAY` VALUES ('37505', '1', 'hist.var-solver', null, 0xACED0005737200136A6176612E7574696C2E41727261794C6973747881D21D99C7619D03000149000473697A6578700000000177040000000174000331373978, null);
INSERT INTO `ACT_GE_BYTEARRAY` VALUES ('37512', '1', 'var-solver', null, 0xACED0005737200136A6176612E7574696C2E41727261794C6973747881D21D99C7619D03000149000473697A6578700000000177040000000174000331373978, null);
INSERT INTO `ACT_GE_BYTEARRAY` VALUES ('37514', '1', 'hist.var-solver', null, 0xACED0005737200136A6176612E7574696C2E41727261794C6973747881D21D99C7619D03000149000473697A6578700000000177040000000174000331373978, null);
INSERT INTO `ACT_GE_BYTEARRAY` VALUES ('37521', '1', 'var-solver', null, 0xACED0005737200136A6176612E7574696C2E41727261794C6973747881D21D99C7619D03000149000473697A6578700000000177040000000174000331373978, null);
INSERT INTO `ACT_GE_BYTEARRAY` VALUES ('37523', '1', 'hist.var-solver', null, 0xACED0005737200136A6176612E7574696C2E41727261794C6973747881D21D99C7619D03000149000473697A6578700000000177040000000174000331373978, null);
INSERT INTO `ACT_GE_BYTEARRAY` VALUES ('37532', '1', 'hist.var-solver', null, 0xACED0005737200136A6176612E7574696C2E41727261794C6973747881D21D99C7619D03000149000473697A6578700000000177040000000174000331373978, null);
INSERT INTO `ACT_GE_BYTEARRAY` VALUES ('37541', '1', 'hist.var-solver', null, 0xACED0005737200136A6176612E7574696C2E41727261794C6973747881D21D99C7619D03000149000473697A6578700000000177040000000174000331373978, null);
INSERT INTO `ACT_GE_BYTEARRAY` VALUES ('37569', '1', 'var-solver', null, 0xACED0005737200136A6176612E7574696C2E41727261794C6973747881D21D99C7619D03000149000473697A6578700000000177040000000174000331373978, null);
INSERT INTO `ACT_GE_BYTEARRAY` VALUES ('37571', '1', 'hist.var-solver', null, 0xACED0005737200136A6176612E7574696C2E41727261794C6973747881D21D99C7619D03000149000473697A6578700000000177040000000174000331373978, null);
INSERT INTO `ACT_GE_BYTEARRAY` VALUES ('40003', '2', 'var-solver', null, 0xACED0005737200136A6176612E7574696C2E41727261794C6973747881D21D99C7619D03000149000473697A65787000000001770400000001740002383978, null);
INSERT INTO `ACT_GE_BYTEARRAY` VALUES ('40005', '2', 'hist.var-solver', null, 0xACED0005737200136A6176612E7574696C2E41727261794C6973747881D21D99C7619D03000149000473697A65787000000001770400000001740002383978, null);
INSERT INTO `ACT_GE_BYTEARRAY` VALUES ('45005', '1', 'hist.var-solver', null, 0xACED0005737200136A6176612E7574696C2E41727261794C6973747881D21D99C7619D03000149000473697A6578700000000177040000000174000331373978, null);
INSERT INTO `ACT_GE_BYTEARRAY` VALUES ('45014', '3', 'hist.var-solver', null, 0xACED0005737200136A6176612E7574696C2E41727261794C6973747881D21D99C7619D03000149000473697A65787000000001770400000001740002383978, null);
INSERT INTO `ACT_GE_BYTEARRAY` VALUES ('47505', '1', 'hist.var-solver', null, 0xACED0005737200136A6176612E7574696C2E41727261794C6973747881D21D99C7619D03000149000473697A6578700000000177040000000174000331373978, null);
INSERT INTO `ACT_GE_BYTEARRAY` VALUES ('47514', '2', 'hist.var-solver', null, 0xACED0005737200136A6176612E7574696C2E41727261794C6973747881D21D99C7619D03000149000473697A65787000000001770400000001740002383978, null);
INSERT INTO `ACT_GE_BYTEARRAY` VALUES ('50003', '2', 'var-solver', null, 0xACED0005737200136A6176612E7574696C2E41727261794C6973747881D21D99C7619D03000149000473697A65787000000001770400000001740002383978, null);
INSERT INTO `ACT_GE_BYTEARRAY` VALUES ('50005', '2', 'hist.var-solver', null, 0xACED0005737200136A6176612E7574696C2E41727261794C6973747881D21D99C7619D03000149000473697A65787000000001770400000001740002383978, null);
INSERT INTO `ACT_GE_BYTEARRAY` VALUES ('50023', '2', 'var-solver', null, 0xACED0005737200136A6176612E7574696C2E41727261794C6973747881D21D99C7619D03000149000473697A65787000000001770400000001740002383978, null);
INSERT INTO `ACT_GE_BYTEARRAY` VALUES ('50025', '2', 'hist.var-solver', null, 0xACED0005737200136A6176612E7574696C2E41727261794C6973747881D21D99C7619D03000149000473697A65787000000001770400000001740002383978, null);
INSERT INTO `ACT_GE_BYTEARRAY` VALUES ('5003', '1', 'var-solver', null, 0xACED0005737200136A6176612E7574696C2E41727261794C6973747881D21D99C7619D03000149000473697A6578700000000177040000000174000331373978, null);
INSERT INTO `ACT_GE_BYTEARRAY` VALUES ('5005', '1', 'hist.var-solver', null, 0xACED0005737200136A6176612E7574696C2E41727261794C6973747881D21D99C7619D03000149000473697A6578700000000177040000000174000331373978, null);
INSERT INTO `ACT_GE_BYTEARRAY` VALUES ('52503', '1', 'var-solver', null, 0xACED0005737200136A6176612E7574696C2E41727261794C6973747881D21D99C7619D03000149000473697A6578700000000177040000000174000331373878, null);
INSERT INTO `ACT_GE_BYTEARRAY` VALUES ('52505', '1', 'hist.var-solver', null, 0xACED0005737200136A6176612E7574696C2E41727261794C6973747881D21D99C7619D03000149000473697A6578700000000177040000000174000331373878, null);
INSERT INTO `ACT_GE_BYTEARRAY` VALUES ('52512', '1', 'var-solver', null, 0xACED0005737200136A6176612E7574696C2E41727261794C6973747881D21D99C7619D03000149000473697A6578700000000177040000000174000331373878, null);
INSERT INTO `ACT_GE_BYTEARRAY` VALUES ('52514', '1', 'hist.var-solver', null, 0xACED0005737200136A6176612E7574696C2E41727261794C6973747881D21D99C7619D03000149000473697A6578700000000177040000000174000331373878, null);

-- ----------------------------
-- Table structure for ACT_GE_PROPERTY
-- ----------------------------
DROP TABLE IF EXISTS `ACT_GE_PROPERTY`;
CREATE TABLE `ACT_GE_PROPERTY` (
  `NAME_` varchar(64) COLLATE utf8_bin NOT NULL DEFAULT '',
  `VALUE_` varchar(300) COLLATE utf8_bin DEFAULT NULL,
  `REV_` int(11) DEFAULT NULL,
  PRIMARY KEY (`NAME_`)
) ENGINE=InnoDB DEFAULT CHARSET=utf8 COLLATE=utf8_bin;

-- ----------------------------
-- Records of ACT_GE_PROPERTY
-- ----------------------------
INSERT INTO `ACT_GE_PROPERTY` VALUES ('next.dbid', '55001', '23');
INSERT INTO `ACT_GE_PROPERTY` VALUES ('schema.history', 'create(5.16)', '1');
INSERT INTO `ACT_GE_PROPERTY` VALUES ('schema.version', '5.16', '1');

-- ----------------------------
-- Table structure for ACT_HI_ACTINST
-- ----------------------------
DROP TABLE IF EXISTS `ACT_HI_ACTINST`;
CREATE TABLE `ACT_HI_ACTINST` (
  `ID_` varchar(64) COLLATE utf8_bin NOT NULL,
  `PROC_DEF_ID_` varchar(64) COLLATE utf8_bin NOT NULL,
  `PROC_INST_ID_` varchar(64) COLLATE utf8_bin NOT NULL,
  `EXECUTION_ID_` varchar(64) COLLATE utf8_bin NOT NULL,
  `ACT_ID_` varchar(255) COLLATE utf8_bin NOT NULL,
  `TASK_ID_` varchar(64) COLLATE utf8_bin DEFAULT NULL,
  `CALL_PROC_INST_ID_` varchar(64) COLLATE utf8_bin DEFAULT NULL,
  `ACT_NAME_` varchar(255) COLLATE utf8_bin DEFAULT NULL,
  `ACT_TYPE_` varchar(255) COLLATE utf8_bin NOT NULL,
  `ASSIGNEE_` varchar(255) COLLATE utf8_bin DEFAULT NULL,
  `START_TIME_` datetime(3) NOT NULL,
  `END_TIME_` datetime(3) DEFAULT NULL,
  `DURATION_` bigint(20) DEFAULT NULL,
  `TENANT_ID_` varchar(255) COLLATE utf8_bin DEFAULT '',
  PRIMARY KEY (`ID_`),
  KEY `ACT_IDX_HI_ACT_INST_START` (`START_TIME_`),
  KEY `ACT_IDX_HI_ACT_INST_END` (`END_TIME_`),
  KEY `ACT_IDX_HI_ACT_INST_PROCINST` (`PROC_INST_ID_`,`ACT_ID_`),
  KEY `ACT_IDX_HI_ACT_INST_EXEC` (`EXECUTION_ID_`,`ACT_ID_`)
) ENGINE=InnoDB DEFAULT CHARSET=utf8 COLLATE=utf8_bin;

-- ----------------------------
-- Records of ACT_HI_ACTINST
-- ----------------------------
INSERT INTO `ACT_HI_ACTINST` VALUES ('10002', 'problemProcess:1:4', '10001', '10001', 'sid-5D96CBEB-9E36-4D50-A140-8147FEFB0028', null, null, '提出问题', 'startEvent', null, '2015-07-10 11:00:31.570', '2015-07-10 11:00:31.584', '14', '');
INSERT INTO `ACT_HI_ACTINST` VALUES ('10006', 'problemProcess:1:4', '10001', '10001', 'solver', '10007', null, '解决人', 'userTask', null, '2015-07-10 11:00:31.584', '2015-07-10 11:01:00.562', '28978', '');
INSERT INTO `ACT_HI_ACTINST` VALUES ('10012', 'problemProcess:1:4', '10001', '10001', 'sid-3217C09E-3A06-4D4E-AF77-0082E537855B', null, null, null, 'exclusiveGateway', null, '2015-07-10 11:01:00.563', '2015-07-10 11:01:00.565', '2', '');
INSERT INTO `ACT_HI_ACTINST` VALUES ('10013', 'problemProcess:1:4', '10001', '10001', 'quizzer', '10014', null, '施工组负责人', 'userTask', '178', '2015-07-10 11:01:00.565', '2015-07-10 12:31:17.841', '5417276', '');
INSERT INTO `ACT_HI_ACTINST` VALUES ('12502', 'problemProcess:1:4', '12501', '12501', 'sid-5D96CBEB-9E36-4D50-A140-8147FEFB0028', null, null, '提出问题', 'startEvent', null, '2015-07-10 11:38:35.732', '2015-07-10 11:38:35.752', '20', '');
INSERT INTO `ACT_HI_ACTINST` VALUES ('12506', 'problemProcess:1:4', '12501', '12501', 'solver', '12507', null, '解决人', 'userTask', null, '2015-07-10 11:38:35.752', '2015-07-10 11:39:25.456', '49704', '');
INSERT INTO `ACT_HI_ACTINST` VALUES ('12512', 'problemProcess:1:4', '12501', '12501', 'sid-3217C09E-3A06-4D4E-AF77-0082E537855B', null, null, null, 'exclusiveGateway', null, '2015-07-10 11:39:25.456', '2015-07-10 11:39:25.458', '2', '');
INSERT INTO `ACT_HI_ACTINST` VALUES ('12513', 'problemProcess:1:4', '12501', '12501', 'quizzer', '12514', null, '施工组负责人', 'userTask', '178', '2015-07-10 11:39:25.458', '2015-07-10 12:31:12.719', '3107261', '');
INSERT INTO `ACT_HI_ACTINST` VALUES ('15002', 'problemProcess:1:4', '15001', '15001', 'sid-5D96CBEB-9E36-4D50-A140-8147FEFB0028', null, null, '提出问题', 'startEvent', null, '2015-07-10 12:15:11.083', '2015-07-10 12:15:11.100', '17', '');
INSERT INTO `ACT_HI_ACTINST` VALUES ('15006', 'problemProcess:1:4', '15001', '15001', 'solver', '15007', null, '解决人', 'userTask', null, '2015-07-10 12:15:11.100', '2015-07-10 12:16:03.343', '52243', '');
INSERT INTO `ACT_HI_ACTINST` VALUES ('15012', 'problemProcess:1:4', '15001', '15001', 'sid-3217C09E-3A06-4D4E-AF77-0082E537855B', null, null, null, 'exclusiveGateway', null, '2015-07-10 12:16:03.343', '2015-07-10 12:16:03.345', '2', '');
INSERT INTO `ACT_HI_ACTINST` VALUES ('15013', 'problemProcess:1:4', '15001', '15001', 'quizzer', '15014', null, '施工组负责人', 'userTask', '178', '2015-07-10 12:16:03.345', '2015-07-10 12:31:06.714', '903369', '');
INSERT INTO `ACT_HI_ACTINST` VALUES ('17502', 'problemProcess:1:4', '15001', '15001', 'sid-DE5BB10C-6DE0-4F32-B985-EAE6703A94A2', null, null, null, 'exclusiveGateway', null, '2015-07-10 12:31:06.714', '2015-07-10 12:31:06.714', '0', '');
INSERT INTO `ACT_HI_ACTINST` VALUES ('17503', 'problemProcess:1:4', '15001', '15001', 'end', null, null, '问题解决', 'endEvent', null, '2015-07-10 12:31:06.715', '2015-07-10 12:31:06.715', '0', '');
INSERT INTO `ACT_HI_ACTINST` VALUES ('17505', 'problemProcess:1:4', '12501', '12501', 'sid-DE5BB10C-6DE0-4F32-B985-EAE6703A94A2', null, null, null, 'exclusiveGateway', null, '2015-07-10 12:31:12.719', '2015-07-10 12:31:12.720', '1', '');
INSERT INTO `ACT_HI_ACTINST` VALUES ('17506', 'problemProcess:1:4', '12501', '12501', 'end', null, null, '问题解决', 'endEvent', null, '2015-07-10 12:31:12.720', '2015-07-10 12:31:12.720', '0', '');
INSERT INTO `ACT_HI_ACTINST` VALUES ('17508', 'problemProcess:1:4', '10001', '10001', 'sid-DE5BB10C-6DE0-4F32-B985-EAE6703A94A2', null, null, null, 'exclusiveGateway', null, '2015-07-10 12:31:17.842', '2015-07-10 12:31:17.842', '0', '');
INSERT INTO `ACT_HI_ACTINST` VALUES ('17509', 'problemProcess:1:4', '10001', '10001', 'end', null, null, '问题解决', 'endEvent', null, '2015-07-10 12:31:17.842', '2015-07-10 12:31:17.842', '0', '');
INSERT INTO `ACT_HI_ACTINST` VALUES ('17511', 'problemProcess:1:4', '17510', '17510', 'sid-5D96CBEB-9E36-4D50-A140-8147FEFB0028', null, null, '提出问题', 'startEvent', null, '2015-07-10 12:32:39.186', '2015-07-10 12:32:39.193', '7', '');
INSERT INTO `ACT_HI_ACTINST` VALUES ('17515', 'problemProcess:1:4', '17510', '17510', 'solver', '17516', null, '解决人', 'userTask', null, '2015-07-10 12:32:39.193', '2015-07-10 12:33:33.072', '53879', '');
INSERT INTO `ACT_HI_ACTINST` VALUES ('17521', 'problemProcess:1:4', '17510', '17510', 'sid-3217C09E-3A06-4D4E-AF77-0082E537855B', null, null, null, 'exclusiveGateway', null, '2015-07-10 12:33:33.073', '2015-07-10 12:33:33.073', '0', '');
INSERT INTO `ACT_HI_ACTINST` VALUES ('17522', 'problemProcess:1:4', '17510', '17510', 'quizzer', '17523', null, '施工组负责人', 'userTask', '178', '2015-07-10 12:33:33.073', '2015-07-10 12:33:51.912', '18839', '');
INSERT INTO `ACT_HI_ACTINST` VALUES ('17526', 'problemProcess:1:4', '17510', '17510', 'sid-DE5BB10C-6DE0-4F32-B985-EAE6703A94A2', null, null, null, 'exclusiveGateway', null, '2015-07-10 12:33:51.912', '2015-07-10 12:33:51.912', '0', '');
INSERT INTO `ACT_HI_ACTINST` VALUES ('17527', 'problemProcess:1:4', '17510', '17510', 'end', null, null, '问题解决', 'endEvent', null, '2015-07-10 12:33:51.912', '2015-07-10 12:33:51.913', '1', '');
INSERT INTO `ACT_HI_ACTINST` VALUES ('17529', 'problemProcess:1:4', '17528', '17528', 'sid-5D96CBEB-9E36-4D50-A140-8147FEFB0028', null, null, '提出问题', 'startEvent', null, '2015-07-10 12:34:48.661', '2015-07-10 12:34:48.662', '1', '');
INSERT INTO `ACT_HI_ACTINST` VALUES ('17533', 'problemProcess:1:4', '17528', '17528', 'solver', '17534', null, '解决人', 'userTask', null, '2015-07-10 12:34:48.662', '2015-07-10 12:37:53.457', '184795', '');
INSERT INTO `ACT_HI_ACTINST` VALUES ('20003', 'problemProcess:1:4', '17528', '17528', 'sid-3217C09E-3A06-4D4E-AF77-0082E537855B', null, null, null, 'exclusiveGateway', null, '2015-07-10 12:37:53.457', '2015-07-10 12:37:53.462', '5', '');
INSERT INTO `ACT_HI_ACTINST` VALUES ('20004', 'problemProcess:1:4', '17528', '17528', 'quizzer', '20005', null, '施工组负责人', 'userTask', '178', '2015-07-10 12:37:53.462', '2015-07-10 12:38:25.589', '32127', '');
INSERT INTO `ACT_HI_ACTINST` VALUES ('20008', 'problemProcess:1:4', '17528', '17528', 'sid-DE5BB10C-6DE0-4F32-B985-EAE6703A94A2', null, null, null, 'exclusiveGateway', null, '2015-07-10 12:38:25.590', '2015-07-10 12:38:25.590', '0', '');
INSERT INTO `ACT_HI_ACTINST` VALUES ('20009', 'problemProcess:1:4', '17528', '17528', 'end', null, null, '问题解决', 'endEvent', null, '2015-07-10 12:38:25.590', '2015-07-10 12:38:25.590', '0', '');
INSERT INTO `ACT_HI_ACTINST` VALUES ('22502', 'problemProcess:1:4', '22501', '22501', 'sid-5D96CBEB-9E36-4D50-A140-8147FEFB0028', null, null, '提出问题', 'startEvent', null, '2015-07-10 12:39:58.205', '2015-07-10 12:39:58.223', '18', '');
INSERT INTO `ACT_HI_ACTINST` VALUES ('22506', 'problemProcess:1:4', '22501', '22501', 'solver', '22507', null, '解决人', 'userTask', null, '2015-07-10 12:39:58.223', '2015-07-10 12:40:24.019', '25796', '');
INSERT INTO `ACT_HI_ACTINST` VALUES ('22512', 'problemProcess:1:4', '22501', '22501', 'sid-3217C09E-3A06-4D4E-AF77-0082E537855B', null, null, null, 'exclusiveGateway', null, '2015-07-10 12:40:24.019', '2015-07-10 12:40:24.021', '2', '');
INSERT INTO `ACT_HI_ACTINST` VALUES ('22513', 'problemProcess:1:4', '22501', '22501', 'quizzer', '22514', null, '施工组负责人', 'userTask', '178', '2015-07-10 12:40:24.021', '2015-07-10 12:48:41.914', '497893', '');
INSERT INTO `ACT_HI_ACTINST` VALUES ('25002', 'problemProcess:1:4', '25001', '25001', 'sid-5D96CBEB-9E36-4D50-A140-8147FEFB0028', null, null, '提出问题', 'startEvent', null, '2015-07-10 12:48:16.757', '2015-07-10 12:48:16.775', '18', '');
INSERT INTO `ACT_HI_ACTINST` VALUES ('25006', 'problemProcess:1:4', '25001', '25001', 'solver', '25007', null, '解决人', 'userTask', null, '2015-07-10 12:48:16.776', '2015-07-10 12:48:31.639', '14863', '');
INSERT INTO `ACT_HI_ACTINST` VALUES ('25012', 'problemProcess:1:4', '25001', '25001', 'sid-3217C09E-3A06-4D4E-AF77-0082E537855B', null, null, null, 'exclusiveGateway', null, '2015-07-10 12:48:31.639', '2015-07-10 12:48:31.641', '2', '');
INSERT INTO `ACT_HI_ACTINST` VALUES ('25013', 'problemProcess:1:4', '25001', '25001', 'quizzer', '25014', null, '施工组负责人', 'userTask', '178', '2015-07-10 12:48:31.641', '2015-07-10 12:48:47.151', '15510', '');
INSERT INTO `ACT_HI_ACTINST` VALUES ('25017', 'problemProcess:1:4', '22501', '22501', 'sid-DE5BB10C-6DE0-4F32-B985-EAE6703A94A2', null, null, null, 'exclusiveGateway', null, '2015-07-10 12:48:41.914', '2015-07-10 12:48:41.914', '0', '');
INSERT INTO `ACT_HI_ACTINST` VALUES ('25018', 'problemProcess:1:4', '22501', '22501', 'end', null, null, '问题解决', 'endEvent', null, '2015-07-10 12:48:41.915', '2015-07-10 12:48:41.915', '0', '');
INSERT INTO `ACT_HI_ACTINST` VALUES ('2502', 'problemProcess:1:4', '2501', '2501', 'sid-5D96CBEB-9E36-4D50-A140-8147FEFB0028', null, null, '提出问题', 'startEvent', null, '2015-07-10 00:11:13.693', '2015-07-10 00:11:13.701', '8', '');
INSERT INTO `ACT_HI_ACTINST` VALUES ('25020', 'problemProcess:1:4', '25001', '25001', 'sid-DE5BB10C-6DE0-4F32-B985-EAE6703A94A2', null, null, null, 'exclusiveGateway', null, '2015-07-10 12:48:47.151', '2015-07-10 12:48:47.151', '0', '');
INSERT INTO `ACT_HI_ACTINST` VALUES ('25021', 'problemProcess:1:4', '25001', '25001', 'end', null, null, '问题解决', 'endEvent', null, '2015-07-10 12:48:47.151', '2015-07-10 12:48:47.151', '0', '');
INSERT INTO `ACT_HI_ACTINST` VALUES ('25023', 'problemProcess:1:4', '25022', '25022', 'sid-5D96CBEB-9E36-4D50-A140-8147FEFB0028', null, null, '提出问题', 'startEvent', null, '2015-07-10 12:49:14.853', '2015-07-10 12:49:14.853', '0', '');
INSERT INTO `ACT_HI_ACTINST` VALUES ('25027', 'problemProcess:1:4', '25022', '25022', 'solver', '25028', null, '解决人', 'userTask', null, '2015-07-10 12:49:14.853', '2015-07-10 12:51:43.197', '148344', '');
INSERT INTO `ACT_HI_ACTINST` VALUES ('2506', 'problemProcess:1:4', '2501', '2501', 'solver', '2507', null, '解决人', 'userTask', null, '2015-07-10 00:11:13.702', '2015-07-10 09:35:12.287', '33838585', '');
INSERT INTO `ACT_HI_ACTINST` VALUES ('2512', 'problemProcess:1:4', '2501', '2501', 'sid-3217C09E-3A06-4D4E-AF77-0082E537855B', null, null, null, 'exclusiveGateway', null, '2015-07-10 09:35:12.287', '2015-07-10 09:35:12.288', '1', '');
INSERT INTO `ACT_HI_ACTINST` VALUES ('2513', 'problemProcess:1:4', '2501', '2501', 'quizzer', '2514', null, '施工组负责人', 'userTask', '178', '2015-07-10 09:35:12.288', null, null, '');
INSERT INTO `ACT_HI_ACTINST` VALUES ('27502', 'problemProcess:1:4', '27501', '27501', 'sid-5D96CBEB-9E36-4D50-A140-8147FEFB0028', null, null, '提出问题', 'startEvent', null, '2015-07-10 12:51:11.460', '2015-07-10 12:51:11.524', '64', '');
INSERT INTO `ACT_HI_ACTINST` VALUES ('27506', 'problemProcess:1:4', '27501', '27501', 'solver', '27507', null, '解决人', 'userTask', null, '2015-07-10 12:51:11.524', '2015-07-10 12:51:50.926', '39402', '');
INSERT INTO `ACT_HI_ACTINST` VALUES ('27511', 'problemProcess:1:4', '27510', '27510', 'sid-5D96CBEB-9E36-4D50-A140-8147FEFB0028', null, null, '提出问题', 'startEvent', null, '2015-07-10 12:51:12.343', '2015-07-10 12:51:12.344', '1', '');
INSERT INTO `ACT_HI_ACTINST` VALUES ('27515', 'problemProcess:1:4', '27510', '27510', 'solver', '27516', null, '解决人', 'userTask', null, '2015-07-10 12:51:12.344', '2015-07-10 12:51:55.313', '42969', '');
INSERT INTO `ACT_HI_ACTINST` VALUES ('27521', 'problemProcess:1:4', '25022', '25022', 'sid-3217C09E-3A06-4D4E-AF77-0082E537855B', null, null, null, 'exclusiveGateway', null, '2015-07-10 12:51:43.197', '2015-07-10 12:51:43.199', '2', '');
INSERT INTO `ACT_HI_ACTINST` VALUES ('27522', 'problemProcess:1:4', '25022', '25022', 'quizzer', '27523', null, '施工组负责人', 'userTask', '178', '2015-07-10 12:51:43.199', '2015-07-10 12:52:34.486', '51287', '');
INSERT INTO `ACT_HI_ACTINST` VALUES ('27527', 'problemProcess:1:4', '27501', '27501', 'sid-3217C09E-3A06-4D4E-AF77-0082E537855B', null, null, null, 'exclusiveGateway', null, '2015-07-10 12:51:50.926', '2015-07-10 12:51:50.926', '0', '');
INSERT INTO `ACT_HI_ACTINST` VALUES ('27528', 'problemProcess:1:4', '27501', '27501', 'quizzer', '27529', null, '施工组负责人', 'userTask', '178', '2015-07-10 12:51:50.926', '2015-07-10 12:52:28.166', '37240', '');
INSERT INTO `ACT_HI_ACTINST` VALUES ('27533', 'problemProcess:1:4', '27510', '27510', 'sid-3217C09E-3A06-4D4E-AF77-0082E537855B', null, null, null, 'exclusiveGateway', null, '2015-07-10 12:51:55.313', '2015-07-10 12:51:55.313', '0', '');
INSERT INTO `ACT_HI_ACTINST` VALUES ('27534', 'problemProcess:1:4', '27510', '27510', 'quizzer', '27535', null, '施工组负责人', 'userTask', '178', '2015-07-10 12:51:55.313', '2015-07-10 12:52:19.568', '24255', '');
INSERT INTO `ACT_HI_ACTINST` VALUES ('27538', 'problemProcess:1:4', '27510', '27510', 'sid-DE5BB10C-6DE0-4F32-B985-EAE6703A94A2', null, null, null, 'exclusiveGateway', null, '2015-07-10 12:52:19.568', '2015-07-10 12:52:19.568', '0', '');
INSERT INTO `ACT_HI_ACTINST` VALUES ('27539', 'problemProcess:1:4', '27510', '27510', 'end', null, null, '问题解决', 'endEvent', null, '2015-07-10 12:52:19.568', '2015-07-10 12:52:19.569', '1', '');
INSERT INTO `ACT_HI_ACTINST` VALUES ('27541', 'problemProcess:1:4', '27501', '27501', 'sid-DE5BB10C-6DE0-4F32-B985-EAE6703A94A2', null, null, null, 'exclusiveGateway', null, '2015-07-10 12:52:28.167', '2015-07-10 12:52:28.167', '0', '');
INSERT INTO `ACT_HI_ACTINST` VALUES ('27542', 'problemProcess:1:4', '27501', '27501', 'end', null, null, '问题解决', 'endEvent', null, '2015-07-10 12:52:28.167', '2015-07-10 12:52:28.167', '0', '');
INSERT INTO `ACT_HI_ACTINST` VALUES ('27544', 'problemProcess:1:4', '25022', '25022', 'sid-DE5BB10C-6DE0-4F32-B985-EAE6703A94A2', null, null, null, 'exclusiveGateway', null, '2015-07-10 12:52:34.486', '2015-07-10 12:52:34.486', '0', '');
INSERT INTO `ACT_HI_ACTINST` VALUES ('27545', 'problemProcess:1:4', '25022', '25022', 'end', null, null, '问题解决', 'endEvent', null, '2015-07-10 12:52:34.486', '2015-07-10 12:52:34.487', '1', '');
INSERT INTO `ACT_HI_ACTINST` VALUES ('27547', 'problemProcess:1:4', '27546', '27546', 'sid-5D96CBEB-9E36-4D50-A140-8147FEFB0028', null, null, '提出问题', 'startEvent', null, '2015-07-10 12:52:48.056', '2015-07-10 12:52:48.057', '1', '');
INSERT INTO `ACT_HI_ACTINST` VALUES ('27551', 'problemProcess:1:4', '27546', '27546', 'solver', '27552', null, '解决人', 'userTask', null, '2015-07-10 12:52:48.057', '2015-07-10 12:53:17.438', '29381', '');
INSERT INTO `ACT_HI_ACTINST` VALUES ('27557', 'problemProcess:1:4', '27546', '27546', 'sid-3217C09E-3A06-4D4E-AF77-0082E537855B', null, null, null, 'exclusiveGateway', null, '2015-07-10 12:53:17.438', '2015-07-10 12:53:17.438', '0', '');
INSERT INTO `ACT_HI_ACTINST` VALUES ('27558', 'problemProcess:1:4', '27546', '27546', 'quizzer', '27559', null, '施工组负责人', 'userTask', '178', '2015-07-10 12:53:17.438', '2015-07-10 12:53:24.990', '7552', '');
INSERT INTO `ACT_HI_ACTINST` VALUES ('27561', 'problemProcess:1:4', '27546', '27546', 'sid-DE5BB10C-6DE0-4F32-B985-EAE6703A94A2', null, null, null, 'exclusiveGateway', null, '2015-07-10 12:53:24.990', '2015-07-10 12:53:24.990', '0', '');
INSERT INTO `ACT_HI_ACTINST` VALUES ('27562', 'problemProcess:1:4', '27546', '27546', 'solver', '27563', null, '解决人', 'userTask', null, '2015-07-10 12:53:24.991', '2015-07-10 12:53:33.555', '8564', '');
INSERT INTO `ACT_HI_ACTINST` VALUES ('27565', 'problemProcess:1:4', '27546', '27546', 'sid-3217C09E-3A06-4D4E-AF77-0082E537855B', null, null, null, 'exclusiveGateway', null, '2015-07-10 12:53:33.555', '2015-07-10 12:53:33.555', '0', '');
INSERT INTO `ACT_HI_ACTINST` VALUES ('27566', 'problemProcess:1:4', '27546', '27546', 'quizzer', '27567', null, '施工组负责人', 'userTask', '178', '2015-07-10 12:53:33.555', '2015-07-10 12:53:40.671', '7116', '');
INSERT INTO `ACT_HI_ACTINST` VALUES ('27568', 'problemProcess:1:4', '27546', '27546', 'sid-DE5BB10C-6DE0-4F32-B985-EAE6703A94A2', null, null, null, 'exclusiveGateway', null, '2015-07-10 12:53:40.671', '2015-07-10 12:53:40.671', '0', '');
INSERT INTO `ACT_HI_ACTINST` VALUES ('27569', 'problemProcess:1:4', '27546', '27546', 'end', null, null, '问题解决', 'endEvent', null, '2015-07-10 12:53:40.672', '2015-07-10 12:53:40.672', '0', '');
INSERT INTO `ACT_HI_ACTINST` VALUES ('30002', 'problemProcess:1:4', '30001', '30001', 'sid-5D96CBEB-9E36-4D50-A140-8147FEFB0028', null, null, '提出问题', 'startEvent', null, '2015-07-10 13:38:04.402', '2015-07-10 13:38:04.412', '10', '');
INSERT INTO `ACT_HI_ACTINST` VALUES ('30006', 'problemProcess:1:4', '30001', '30001', 'solver', '30007', null, '解决人', 'userTask', null, '2015-07-10 13:38:04.412', '2015-07-10 13:38:56.788', '52376', '');
INSERT INTO `ACT_HI_ACTINST` VALUES ('30012', 'problemProcess:1:4', '30001', '30001', 'sid-3217C09E-3A06-4D4E-AF77-0082E537855B', null, null, null, 'exclusiveGateway', null, '2015-07-10 13:38:56.789', '2015-07-10 13:38:56.790', '1', '');
INSERT INTO `ACT_HI_ACTINST` VALUES ('30013', 'problemProcess:1:4', '30001', '30001', 'quizzer', '30014', null, '施工组负责人', 'userTask', '178', '2015-07-10 13:38:56.790', '2015-07-10 13:39:35.626', '38836', '');
INSERT INTO `ACT_HI_ACTINST` VALUES ('30017', 'problemProcess:1:4', '30001', '30001', 'sid-DE5BB10C-6DE0-4F32-B985-EAE6703A94A2', null, null, null, 'exclusiveGateway', null, '2015-07-10 13:39:35.626', '2015-07-10 13:39:35.626', '0', '');
INSERT INTO `ACT_HI_ACTINST` VALUES ('30018', 'problemProcess:1:4', '30001', '30001', 'end', null, null, '问题解决', 'endEvent', null, '2015-07-10 13:39:35.626', '2015-07-10 13:39:35.626', '0', '');
INSERT INTO `ACT_HI_ACTINST` VALUES ('30020', 'problemProcess:1:4', '30019', '30019', 'sid-5D96CBEB-9E36-4D50-A140-8147FEFB0028', null, null, '提出问题', 'startEvent', null, '2015-07-10 13:49:29.702', '2015-07-10 13:49:29.702', '0', '');
INSERT INTO `ACT_HI_ACTINST` VALUES ('30024', 'problemProcess:1:4', '30019', '30019', 'solver', '30025', null, '解决人', 'userTask', null, '2015-07-10 13:49:29.702', '2015-07-10 13:50:25.748', '56046', '');
INSERT INTO `ACT_HI_ACTINST` VALUES ('30030', 'problemProcess:1:4', '30019', '30019', 'sid-3217C09E-3A06-4D4E-AF77-0082E537855B', null, null, null, 'exclusiveGateway', null, '2015-07-10 13:50:25.748', '2015-07-10 13:50:25.748', '0', '');
INSERT INTO `ACT_HI_ACTINST` VALUES ('30031', 'problemProcess:1:4', '30019', '30019', 'quizzer', '30032', null, '施工组负责人', 'userTask', '178', '2015-07-10 13:50:25.748', '2015-07-10 13:50:52.468', '26720', '');
INSERT INTO `ACT_HI_ACTINST` VALUES ('30035', 'problemProcess:1:4', '30019', '30019', 'sid-DE5BB10C-6DE0-4F32-B985-EAE6703A94A2', null, null, null, 'exclusiveGateway', null, '2015-07-10 13:50:52.469', '2015-07-10 13:50:52.470', '1', '');
INSERT INTO `ACT_HI_ACTINST` VALUES ('30036', 'problemProcess:1:4', '30019', '30019', 'end', null, null, '问题解决', 'endEvent', null, '2015-07-10 13:50:52.471', '2015-07-10 13:50:52.471', '0', '');
INSERT INTO `ACT_HI_ACTINST` VALUES ('32502', 'problemProcess:1:4', '32501', '32501', 'sid-5D96CBEB-9E36-4D50-A140-8147FEFB0028', null, null, '提出问题', 'startEvent', null, '2015-07-10 20:31:02.302', '2015-07-10 20:31:02.309', '7', '');
INSERT INTO `ACT_HI_ACTINST` VALUES ('32506', 'problemProcess:1:4', '32501', '32501', 'solver', '32507', null, '解决人', 'userTask', null, '2015-07-10 20:31:02.309', '2015-07-10 22:31:56.298', '7253989', '');
INSERT INTO `ACT_HI_ACTINST` VALUES ('32512', 'problemProcess:1:4', '32501', '32501', 'sid-3217C09E-3A06-4D4E-AF77-0082E537855B', null, null, null, 'exclusiveGateway', null, '2015-07-10 22:31:56.300', '2015-07-10 22:31:56.304', '4', '');
INSERT INTO `ACT_HI_ACTINST` VALUES ('32513', 'problemProcess:1:4', '32501', '32501', 'quizzer', '32514', null, '施工组负责人', 'userTask', '178', '2015-07-10 22:31:56.304', '2015-07-10 22:32:30.905', '34601', '');
INSERT INTO `ACT_HI_ACTINST` VALUES ('32517', 'problemProcess:1:4', '32501', '32501', 'sid-DE5BB10C-6DE0-4F32-B985-EAE6703A94A2', null, null, null, 'exclusiveGateway', null, '2015-07-10 22:32:30.905', '2015-07-10 22:32:30.905', '0', '');
INSERT INTO `ACT_HI_ACTINST` VALUES ('32518', 'problemProcess:1:4', '32501', '32501', 'end', null, null, '问题解决', 'endEvent', null, '2015-07-10 22:32:30.905', '2015-07-10 22:32:30.906', '1', '');
INSERT INTO `ACT_HI_ACTINST` VALUES ('35002', 'problemProcess:1:4', '35001', '35001', 'sid-5D96CBEB-9E36-4D50-A140-8147FEFB0028', null, null, '提出问题', 'startEvent', null, '2015-07-13 10:31:46.623', '2015-07-13 10:31:46.690', '67', '');
INSERT INTO `ACT_HI_ACTINST` VALUES ('35006', 'problemProcess:1:4', '35001', '35001', 'solver', '35007', null, '解决人', 'userTask', null, '2015-07-13 10:31:46.690', '2015-07-13 10:35:10.481', '203791', '');
INSERT INTO `ACT_HI_ACTINST` VALUES ('35011', 'problemProcess:1:4', '35001', '35001', 'sid-3217C09E-3A06-4D4E-AF77-0082E537855B', null, null, null, 'exclusiveGateway', null, '2015-07-13 10:35:10.481', '2015-07-13 10:35:10.484', '3', '');
INSERT INTO `ACT_HI_ACTINST` VALUES ('35012', 'problemProcess:1:4', '35001', '35001', 'solver', '35013', null, '解决人', 'userTask', null, '2015-07-13 10:35:10.484', null, null, '');
INSERT INTO `ACT_HI_ACTINST` VALUES ('35017', 'problemProcess:1:4', '35016', '35016', 'sid-5D96CBEB-9E36-4D50-A140-8147FEFB0028', null, null, '提出问题', 'startEvent', null, '2015-07-13 10:52:14.319', '2015-07-13 10:52:14.319', '0', '');
INSERT INTO `ACT_HI_ACTINST` VALUES ('35021', 'problemProcess:1:4', '35016', '35016', 'solver', '35022', null, '解决人', 'userTask', null, '2015-07-13 10:52:14.320', null, null, '');
INSERT INTO `ACT_HI_ACTINST` VALUES ('35026', 'problemProcess:1:4', '35025', '35025', 'sid-5D96CBEB-9E36-4D50-A140-8147FEFB0028', null, null, '提出问题', 'startEvent', null, '2015-07-13 14:44:37.847', '2015-07-13 14:44:37.847', '0', '');
INSERT INTO `ACT_HI_ACTINST` VALUES ('35030', 'problemProcess:1:4', '35025', '35025', 'solver', '35031', null, '解决人', 'userTask', null, '2015-07-13 14:44:37.847', '2015-07-13 14:49:13.848', '276001', '');
INSERT INTO `ACT_HI_ACTINST` VALUES ('35035', 'problemProcess:1:4', '35034', '35034', 'sid-5D96CBEB-9E36-4D50-A140-8147FEFB0028', null, null, '提出问题', 'startEvent', null, '2015-07-13 14:45:23.608', '2015-07-13 14:45:23.608', '0', '');
INSERT INTO `ACT_HI_ACTINST` VALUES ('35039', 'problemProcess:1:4', '35034', '35034', 'solver', '35040', null, '解决人', 'userTask', null, '2015-07-13 14:45:23.608', null, null, '');
INSERT INTO `ACT_HI_ACTINST` VALUES ('35044', 'problemProcess:1:4', '35025', '35025', 'sid-3217C09E-3A06-4D4E-AF77-0082E537855B', null, null, null, 'exclusiveGateway', null, '2015-07-13 14:49:13.848', '2015-07-13 14:49:13.849', '1', '');
INSERT INTO `ACT_HI_ACTINST` VALUES ('35045', 'problemProcess:1:4', '35025', '35025', 'solver', '35046', null, '解决人', 'userTask', null, '2015-07-13 14:49:13.849', '2015-07-13 14:52:09.524', '175675', '');
INSERT INTO `ACT_HI_ACTINST` VALUES ('35050', 'problemProcess:1:4', '35025', '35025', 'sid-3217C09E-3A06-4D4E-AF77-0082E537855B', null, null, null, 'exclusiveGateway', null, '2015-07-13 14:52:09.524', '2015-07-13 14:52:09.524', '0', '');
INSERT INTO `ACT_HI_ACTINST` VALUES ('35051', 'problemProcess:1:4', '35025', '35025', 'quizzer', '35052', null, '施工组负责人', 'userTask', '178', '2015-07-13 14:52:09.524', '2015-07-13 14:54:13.712', '124188', '');
INSERT INTO `ACT_HI_ACTINST` VALUES ('35055', 'problemProcess:1:4', '35025', '35025', 'sid-DE5BB10C-6DE0-4F32-B985-EAE6703A94A2', null, null, null, 'exclusiveGateway', null, '2015-07-13 14:54:13.712', '2015-07-13 14:54:13.712', '0', '');
INSERT INTO `ACT_HI_ACTINST` VALUES ('35056', 'problemProcess:1:4', '35025', '35025', 'end', null, null, '问题解决', 'endEvent', null, '2015-07-13 14:54:13.712', '2015-07-13 14:54:13.712', '0', '');
INSERT INTO `ACT_HI_ACTINST` VALUES ('37502', 'problemProcess:1:4', '37501', '37501', 'sid-5D96CBEB-9E36-4D50-A140-8147FEFB0028', null, null, '提出问题', 'startEvent', null, '2015-07-14 14:29:19.141', '2015-07-14 14:29:19.151', '10', '');
INSERT INTO `ACT_HI_ACTINST` VALUES ('37506', 'problemProcess:1:4', '37501', '37501', 'solver', '37507', null, '解决人', 'userTask', null, '2015-07-14 14:29:19.151', null, null, '');
INSERT INTO `ACT_HI_ACTINST` VALUES ('37511', 'problemProcess:1:4', '37510', '37510', 'sid-5D96CBEB-9E36-4D50-A140-8147FEFB0028', null, null, '提出问题', 'startEvent', null, '2015-07-14 14:49:18.237', '2015-07-14 14:49:18.240', '3', '');
INSERT INTO `ACT_HI_ACTINST` VALUES ('37515', 'problemProcess:1:4', '37510', '37510', 'solver', '37516', null, '解决人', 'userTask', null, '2015-07-14 14:49:18.240', null, null, '');
INSERT INTO `ACT_HI_ACTINST` VALUES ('37520', 'problemProcess:1:4', '37519', '37519', 'sid-5D96CBEB-9E36-4D50-A140-8147FEFB0028', null, null, '提出问题', 'startEvent', null, '2015-07-14 14:50:06.167', '2015-07-14 14:50:06.168', '1', '');
INSERT INTO `ACT_HI_ACTINST` VALUES ('37524', 'problemProcess:1:4', '37519', '37519', 'solver', '37525', null, '解决人', 'userTask', null, '2015-07-14 14:50:06.168', null, null, '');
INSERT INTO `ACT_HI_ACTINST` VALUES ('37529', 'problemProcess:1:4', '37528', '37528', 'sid-5D96CBEB-9E36-4D50-A140-8147FEFB0028', null, null, '提出问题', 'startEvent', null, '2015-07-14 15:16:09.893', '2015-07-14 15:16:09.894', '1', '');
INSERT INTO `ACT_HI_ACTINST` VALUES ('37533', 'problemProcess:1:4', '37528', '37528', 'solver', '37534', null, '解决人', 'userTask', null, '2015-07-14 15:16:09.894', '2015-07-14 16:06:16.770', '3006876', '');
INSERT INTO `ACT_HI_ACTINST` VALUES ('37538', 'problemProcess:1:4', '37537', '37537', 'sid-5D96CBEB-9E36-4D50-A140-8147FEFB0028', null, null, '提出问题', 'startEvent', null, '2015-07-14 15:16:31.819', '2015-07-14 15:16:31.820', '1', '');
INSERT INTO `ACT_HI_ACTINST` VALUES ('37542', 'problemProcess:1:4', '37537', '37537', 'solver', '37543', null, '解决人', 'userTask', null, '2015-07-14 15:16:31.820', '2015-07-14 15:39:47.259', '1395439', '');
INSERT INTO `ACT_HI_ACTINST` VALUES ('37548', 'problemProcess:1:4', '37537', '37537', 'sid-3217C09E-3A06-4D4E-AF77-0082E537855B', null, null, null, 'exclusiveGateway', null, '2015-07-14 15:39:47.259', '2015-07-14 15:39:47.261', '2', '');
INSERT INTO `ACT_HI_ACTINST` VALUES ('37549', 'problemProcess:1:4', '37537', '37537', 'quizzer', '37550', null, '施工组负责人', 'userTask', '178', '2015-07-14 15:39:47.261', '2015-07-14 16:12:35.863', '1968602', '');
INSERT INTO `ACT_HI_ACTINST` VALUES ('37553', 'problemProcess:1:4', '40001', '40001', 'sid-3217C09E-3A06-4D4E-AF77-0082E537855B', null, null, null, 'exclusiveGateway', null, '2015-07-14 16:02:39.902', '2015-07-14 16:02:39.902', '0', '');
INSERT INTO `ACT_HI_ACTINST` VALUES ('37554', 'problemProcess:1:4', '40001', '40001', 'solver', '37555', null, '解决人', 'userTask', null, '2015-07-14 16:02:39.902', null, null, '');
INSERT INTO `ACT_HI_ACTINST` VALUES ('37560', 'problemProcess:1:4', '37528', '37528', 'sid-3217C09E-3A06-4D4E-AF77-0082E537855B', null, null, null, 'exclusiveGateway', null, '2015-07-14 16:06:16.770', '2015-07-14 16:06:16.771', '1', '');
INSERT INTO `ACT_HI_ACTINST` VALUES ('37561', 'problemProcess:1:4', '37528', '37528', 'quizzer', '37562', null, '施工组负责人', 'userTask', '178', '2015-07-14 16:06:16.771', '2015-07-14 23:52:45.231', '27988460', '');
INSERT INTO `ACT_HI_ACTINST` VALUES ('37565', 'problemProcess:1:4', '37537', '37537', 'sid-DE5BB10C-6DE0-4F32-B985-EAE6703A94A2', null, null, null, 'exclusiveGateway', null, '2015-07-14 16:12:35.863', '2015-07-14 16:12:35.864', '1', '');
INSERT INTO `ACT_HI_ACTINST` VALUES ('37566', 'problemProcess:1:4', '37537', '37537', 'end', null, null, '问题解决', 'endEvent', null, '2015-07-14 16:12:35.864', '2015-07-14 16:12:35.864', '0', '');
INSERT INTO `ACT_HI_ACTINST` VALUES ('37568', 'problemProcess:1:4', '37567', '37567', 'sid-5D96CBEB-9E36-4D50-A140-8147FEFB0028', null, null, '提出问题', 'startEvent', null, '2015-07-14 20:44:38.026', '2015-07-14 20:44:38.026', '0', '');
INSERT INTO `ACT_HI_ACTINST` VALUES ('37572', 'problemProcess:1:4', '37567', '37567', 'solver', '37573', null, '解决人', 'userTask', null, '2015-07-14 20:44:38.026', null, null, '');
INSERT INTO `ACT_HI_ACTINST` VALUES ('40002', 'problemProcess:1:4', '40001', '40001', 'sid-5D96CBEB-9E36-4D50-A140-8147FEFB0028', null, null, '提出问题', 'startEvent', null, '2015-07-14 15:46:18.248', '2015-07-14 15:46:18.267', '19', '');
INSERT INTO `ACT_HI_ACTINST` VALUES ('40006', 'problemProcess:1:4', '40001', '40001', 'solver', '40007', null, '解决人', 'userTask', null, '2015-07-14 15:46:18.268', '2015-07-14 16:02:39.902', '981634', '');
INSERT INTO `ACT_HI_ACTINST` VALUES ('42502', 'problemProcess:1:4', '37528', '37528', 'sid-DE5BB10C-6DE0-4F32-B985-EAE6703A94A2', null, null, null, 'exclusiveGateway', null, '2015-07-14 23:52:45.231', '2015-07-14 23:52:45.232', '1', '');
INSERT INTO `ACT_HI_ACTINST` VALUES ('42503', 'problemProcess:1:4', '37528', '37528', 'end', null, null, '问题解决', 'endEvent', null, '2015-07-14 23:52:45.232', '2015-07-14 23:52:45.232', '0', '');
INSERT INTO `ACT_HI_ACTINST` VALUES ('45002', 'problemProcess:1:4', '45001', '45001', 'sid-5D96CBEB-9E36-4D50-A140-8147FEFB0028', null, null, '提出问题', 'startEvent', null, '2015-07-16 17:41:08.806', '2015-07-16 17:41:08.819', '13', '');
INSERT INTO `ACT_HI_ACTINST` VALUES ('45006', 'problemProcess:1:4', '45001', '45001', 'solver', '45007', null, '解决人', 'userTask', null, '2015-07-16 17:41:08.819', '2015-07-16 20:18:29.754', '9440935', '');
INSERT INTO `ACT_HI_ACTINST` VALUES ('45011', 'problemProcess:1:4', '45010', '45010', 'sid-5D96CBEB-9E36-4D50-A140-8147FEFB0028', null, null, '提出问题', 'startEvent', null, '2015-07-16 17:41:09.722', '2015-07-16 17:41:09.722', '0', '');
INSERT INTO `ACT_HI_ACTINST` VALUES ('45015', 'problemProcess:1:4', '45010', '45010', 'solver', '45016', null, '解决人', 'userTask', null, '2015-07-16 17:41:09.723', '2015-07-16 17:47:47.909', '398186', '');
INSERT INTO `ACT_HI_ACTINST` VALUES ('45020', 'problemProcess:1:4', '45010', '45010', 'sid-3217C09E-3A06-4D4E-AF77-0082E537855B', null, null, null, 'exclusiveGateway', null, '2015-07-16 17:47:47.910', '2015-07-16 17:47:47.912', '2', '');
INSERT INTO `ACT_HI_ACTINST` VALUES ('45021', 'problemProcess:1:4', '45010', '45010', 'solver', '45022', null, '解决人', 'userTask', null, '2015-07-16 17:47:47.912', '2015-07-16 17:50:54.129', '186217', '');
INSERT INTO `ACT_HI_ACTINST` VALUES ('45025', 'problemProcess:1:4', '45010', '45010', 'sid-3217C09E-3A06-4D4E-AF77-0082E537855B', null, null, null, 'exclusiveGateway', null, '2015-07-16 17:50:54.129', '2015-07-16 17:50:54.129', '0', '');
INSERT INTO `ACT_HI_ACTINST` VALUES ('45026', 'problemProcess:1:4', '45010', '45010', 'solver', '45027', null, '解决人', 'userTask', null, '2015-07-16 17:50:54.130', '2015-07-16 17:52:09.081', '74951', '');
INSERT INTO `ACT_HI_ACTINST` VALUES ('45031', 'problemProcess:1:4', '45010', '45010', 'sid-3217C09E-3A06-4D4E-AF77-0082E537855B', null, null, null, 'exclusiveGateway', null, '2015-07-16 17:52:09.081', '2015-07-16 17:52:09.081', '0', '');
INSERT INTO `ACT_HI_ACTINST` VALUES ('45032', 'problemProcess:1:4', '45010', '45010', 'quizzer', '45033', null, '施工组负责人', 'userTask', '178', '2015-07-16 17:52:09.081', '2015-07-16 17:57:46.673', '337592', '');
INSERT INTO `ACT_HI_ACTINST` VALUES ('45036', 'problemProcess:1:4', '45010', '45010', 'sid-DE5BB10C-6DE0-4F32-B985-EAE6703A94A2', null, null, null, 'exclusiveGateway', null, '2015-07-16 17:57:46.673', '2015-07-16 17:57:46.673', '0', '');
INSERT INTO `ACT_HI_ACTINST` VALUES ('45037', 'problemProcess:1:4', '45010', '45010', 'end', null, null, '问题解决', 'endEvent', null, '2015-07-16 17:57:46.673', '2015-07-16 17:57:46.673', '0', '');
INSERT INTO `ACT_HI_ACTINST` VALUES ('45040', 'problemProcess:1:4', '45001', '45001', 'sid-3217C09E-3A06-4D4E-AF77-0082E537855B', null, null, null, 'exclusiveGateway', null, '2015-07-16 20:18:29.754', '2015-07-16 20:18:29.754', '0', '');
INSERT INTO `ACT_HI_ACTINST` VALUES ('45041', 'problemProcess:1:4', '45001', '45001', 'quizzer', '45042', null, '施工组负责人', 'userTask', '178', '2015-07-16 20:18:29.754', '2015-07-16 20:18:59.302', '29548', '');
INSERT INTO `ACT_HI_ACTINST` VALUES ('45045', 'problemProcess:1:4', '45001', '45001', 'sid-DE5BB10C-6DE0-4F32-B985-EAE6703A94A2', null, null, null, 'exclusiveGateway', null, '2015-07-16 20:18:59.302', '2015-07-16 20:18:59.302', '0', '');
INSERT INTO `ACT_HI_ACTINST` VALUES ('45046', 'problemProcess:1:4', '45001', '45001', 'end', null, null, '问题解决', 'endEvent', null, '2015-07-16 20:18:59.302', '2015-07-16 20:18:59.302', '0', '');
INSERT INTO `ACT_HI_ACTINST` VALUES ('47502', 'problemProcess:1:4', '47501', '47501', 'sid-5D96CBEB-9E36-4D50-A140-8147FEFB0028', null, null, '提出问题', 'startEvent', null, '2015-07-16 22:19:21.327', '2015-07-16 22:19:21.337', '10', '');
INSERT INTO `ACT_HI_ACTINST` VALUES ('47506', 'problemProcess:1:4', '47501', '47501', 'solver', '47507', null, '解决人', 'userTask', null, '2015-07-16 22:19:21.337', '2015-07-16 22:35:48.122', '986785', '');
INSERT INTO `ACT_HI_ACTINST` VALUES ('47511', 'problemProcess:1:4', '47510', '47510', 'sid-5D96CBEB-9E36-4D50-A140-8147FEFB0028', null, null, '提出问题', 'startEvent', null, '2015-07-16 22:20:47.980', '2015-07-16 22:20:47.981', '1', '');
INSERT INTO `ACT_HI_ACTINST` VALUES ('47515', 'problemProcess:1:4', '47510', '47510', 'solver', '47516', null, '解决人', 'userTask', null, '2015-07-16 22:20:47.982', '2015-07-16 22:23:52.552', '184570', '');
INSERT INTO `ACT_HI_ACTINST` VALUES ('47520', 'problemProcess:1:4', '47510', '47510', 'sid-3217C09E-3A06-4D4E-AF77-0082E537855B', null, null, null, 'exclusiveGateway', null, '2015-07-16 22:23:52.552', '2015-07-16 22:23:52.553', '1', '');
INSERT INTO `ACT_HI_ACTINST` VALUES ('47521', 'problemProcess:1:4', '47510', '47510', 'solver', '47522', null, '解决人', 'userTask', null, '2015-07-16 22:23:52.553', '2015-07-16 22:33:47.554', '595001', '');
INSERT INTO `ACT_HI_ACTINST` VALUES ('47526', 'problemProcess:1:4', '47510', '47510', 'sid-3217C09E-3A06-4D4E-AF77-0082E537855B', null, null, null, 'exclusiveGateway', null, '2015-07-16 22:33:47.554', '2015-07-16 22:33:47.554', '0', '');
INSERT INTO `ACT_HI_ACTINST` VALUES ('47527', 'problemProcess:1:4', '47510', '47510', 'quizzer', '47528', null, '施工组负责人', 'userTask', '178', '2015-07-16 22:33:47.554', '2015-07-16 22:36:40.099', '172545', '');
INSERT INTO `ACT_HI_ACTINST` VALUES ('47532', 'problemProcess:1:4', '47501', '47501', 'sid-3217C09E-3A06-4D4E-AF77-0082E537855B', null, null, null, 'exclusiveGateway', null, '2015-07-16 22:35:48.122', '2015-07-16 22:35:48.123', '1', '');
INSERT INTO `ACT_HI_ACTINST` VALUES ('47533', 'problemProcess:1:4', '47501', '47501', 'quizzer', '47534', null, '施工组负责人', 'userTask', '178', '2015-07-16 22:35:48.123', '2015-07-16 22:36:45.446', '57323', '');
INSERT INTO `ACT_HI_ACTINST` VALUES ('47537', 'problemProcess:1:4', '47510', '47510', 'sid-DE5BB10C-6DE0-4F32-B985-EAE6703A94A2', null, null, null, 'exclusiveGateway', null, '2015-07-16 22:36:40.099', '2015-07-16 22:36:40.100', '1', '');
INSERT INTO `ACT_HI_ACTINST` VALUES ('47538', 'problemProcess:1:4', '47510', '47510', 'end', null, null, '问题解决', 'endEvent', null, '2015-07-16 22:36:40.100', '2015-07-16 22:36:40.100', '0', '');
INSERT INTO `ACT_HI_ACTINST` VALUES ('47540', 'problemProcess:1:4', '47501', '47501', 'sid-DE5BB10C-6DE0-4F32-B985-EAE6703A94A2', null, null, null, 'exclusiveGateway', null, '2015-07-16 22:36:45.446', '2015-07-16 22:36:45.446', '0', '');
INSERT INTO `ACT_HI_ACTINST` VALUES ('47541', 'problemProcess:1:4', '47501', '47501', 'end', null, null, '问题解决', 'endEvent', null, '2015-07-16 22:36:45.446', '2015-07-16 22:36:45.446', '0', '');
INSERT INTO `ACT_HI_ACTINST` VALUES ('50002', 'problemProcess:1:4', '50001', '50001', 'sid-5D96CBEB-9E36-4D50-A140-8147FEFB0028', null, null, '提出问题', 'startEvent', null, '2015-07-16 23:02:48.923', '2015-07-16 23:02:48.933', '10', '');
INSERT INTO `ACT_HI_ACTINST` VALUES ('50006', 'problemProcess:1:4', '50001', '50001', 'solver', '50007', null, '解决人', 'userTask', null, '2015-07-16 23:02:48.933', '2015-07-16 23:03:53.876', '64943', '');
INSERT INTO `ACT_HI_ACTINST` VALUES ('50011', 'problemProcess:1:4', '50001', '50001', 'sid-3217C09E-3A06-4D4E-AF77-0082E537855B', null, null, null, 'exclusiveGateway', null, '2015-07-16 23:03:53.877', '2015-07-16 23:03:53.877', '0', '');
INSERT INTO `ACT_HI_ACTINST` VALUES ('50012', 'problemProcess:1:4', '50001', '50001', 'solver', '50013', null, '解决人', 'userTask', null, '2015-07-16 23:03:53.877', '2015-07-16 23:04:41.314', '47437', '');
INSERT INTO `ACT_HI_ACTINST` VALUES ('50017', 'problemProcess:1:4', '50001', '50001', 'sid-3217C09E-3A06-4D4E-AF77-0082E537855B', null, null, null, 'exclusiveGateway', null, '2015-07-16 23:04:41.314', '2015-07-16 23:04:41.314', '0', '');
INSERT INTO `ACT_HI_ACTINST` VALUES ('50018', 'problemProcess:1:4', '50001', '50001', 'quizzer', '50019', null, '施工组负责人', 'userTask', '178', '2015-07-16 23:04:41.314', null, null, '');
INSERT INTO `ACT_HI_ACTINST` VALUES ('5002', 'problemProcess:1:4', '5001', '5001', 'sid-5D96CBEB-9E36-4D50-A140-8147FEFB0028', null, null, '提出问题', 'startEvent', null, '2015-07-10 09:45:24.843', '2015-07-10 09:45:24.853', '10', '');
INSERT INTO `ACT_HI_ACTINST` VALUES ('50022', 'problemProcess:1:4', '50021', '50021', 'sid-5D96CBEB-9E36-4D50-A140-8147FEFB0028', null, null, '提出问题', 'startEvent', null, '2015-07-16 23:12:17.481', '2015-07-16 23:12:17.481', '0', '');
INSERT INTO `ACT_HI_ACTINST` VALUES ('50026', 'problemProcess:1:4', '50021', '50021', 'solver', '50027', null, '解决人', 'userTask', null, '2015-07-16 23:12:17.482', '2015-07-16 23:13:48.359', '90877', '');
INSERT INTO `ACT_HI_ACTINST` VALUES ('50031', 'problemProcess:1:4', '50021', '50021', 'sid-3217C09E-3A06-4D4E-AF77-0082E537855B', null, null, null, 'exclusiveGateway', null, '2015-07-16 23:13:48.359', '2015-07-16 23:13:48.359', '0', '');
INSERT INTO `ACT_HI_ACTINST` VALUES ('50032', 'problemProcess:1:4', '50021', '50021', 'solver', '50033', null, '解决人', 'userTask', null, '2015-07-16 23:13:48.359', null, null, '');
INSERT INTO `ACT_HI_ACTINST` VALUES ('5006', 'problemProcess:1:4', '5001', '5001', 'solver', '5007', null, '解决人', 'userTask', null, '2015-07-10 09:45:24.853', '2015-07-10 10:36:09.928', '3045075', '');
INSERT INTO `ACT_HI_ACTINST` VALUES ('52502', 'problemProcess:1:4', '52501', '52501', 'sid-5D96CBEB-9E36-4D50-A140-8147FEFB0028', null, null, '提出问题', 'startEvent', null, '2015-07-17 21:35:09.456', '2015-07-17 21:35:09.483', '27', '');
INSERT INTO `ACT_HI_ACTINST` VALUES ('52506', 'problemProcess:1:4', '52501', '52501', 'solver', '52507', null, '解决人', 'userTask', null, '2015-07-17 21:35:09.484', null, null, '');
INSERT INTO `ACT_HI_ACTINST` VALUES ('52511', 'problemProcess:1:4', '52510', '52510', 'sid-5D96CBEB-9E36-4D50-A140-8147FEFB0028', null, null, '提出问题', 'startEvent', null, '2015-07-17 21:36:32.793', '2015-07-17 21:36:32.794', '1', '');
INSERT INTO `ACT_HI_ACTINST` VALUES ('52515', 'problemProcess:1:4', '52510', '52510', 'solver', '52516', null, '解决人', 'userTask', null, '2015-07-17 21:36:32.794', null, null, '');
INSERT INTO `ACT_HI_ACTINST` VALUES ('7503', 'problemProcess:1:4', '5001', '5001', 'sid-3217C09E-3A06-4D4E-AF77-0082E537855B', null, null, null, 'exclusiveGateway', null, '2015-07-10 10:36:09.928', '2015-07-10 10:36:09.931', '3', '');
INSERT INTO `ACT_HI_ACTINST` VALUES ('7504', 'problemProcess:1:4', '5001', '5001', 'quizzer', '7505', null, '施工组负责人', 'userTask', '178', '2015-07-10 10:36:09.931', null, null, '');

-- ----------------------------
-- Table structure for ACT_HI_ATTACHMENT
-- ----------------------------
DROP TABLE IF EXISTS `ACT_HI_ATTACHMENT`;
CREATE TABLE `ACT_HI_ATTACHMENT` (
  `ID_` varchar(64) COLLATE utf8_bin NOT NULL,
  `REV_` int(11) DEFAULT NULL,
  `USER_ID_` varchar(255) COLLATE utf8_bin DEFAULT NULL,
  `NAME_` varchar(255) COLLATE utf8_bin DEFAULT NULL,
  `DESCRIPTION_` varchar(4000) COLLATE utf8_bin DEFAULT NULL,
  `TYPE_` varchar(255) COLLATE utf8_bin DEFAULT NULL,
  `TASK_ID_` varchar(64) COLLATE utf8_bin DEFAULT NULL,
  `PROC_INST_ID_` varchar(64) COLLATE utf8_bin DEFAULT NULL,
  `URL_` varchar(4000) COLLATE utf8_bin DEFAULT NULL,
  `CONTENT_ID_` varchar(64) COLLATE utf8_bin DEFAULT NULL,
  PRIMARY KEY (`ID_`)
) ENGINE=InnoDB DEFAULT CHARSET=utf8 COLLATE=utf8_bin;

-- ----------------------------
-- Records of ACT_HI_ATTACHMENT
-- ----------------------------

-- ----------------------------
-- Table structure for ACT_HI_COMMENT
-- ----------------------------
DROP TABLE IF EXISTS `ACT_HI_COMMENT`;
CREATE TABLE `ACT_HI_COMMENT` (
  `ID_` varchar(64) COLLATE utf8_bin NOT NULL,
  `TYPE_` varchar(255) COLLATE utf8_bin DEFAULT NULL,
  `TIME_` datetime(3) NOT NULL,
  `USER_ID_` varchar(255) COLLATE utf8_bin DEFAULT NULL,
  `TASK_ID_` varchar(64) COLLATE utf8_bin DEFAULT NULL,
  `PROC_INST_ID_` varchar(64) COLLATE utf8_bin DEFAULT NULL,
  `ACTION_` varchar(255) COLLATE utf8_bin DEFAULT NULL,
  `MESSAGE_` varchar(4000) COLLATE utf8_bin DEFAULT NULL,
  `FULL_MSG_` longblob,
  PRIMARY KEY (`ID_`)
) ENGINE=InnoDB DEFAULT CHARSET=utf8 COLLATE=utf8_bin;

-- ----------------------------
-- Records of ACT_HI_COMMENT
-- ----------------------------

-- ----------------------------
-- Table structure for ACT_HI_DETAIL
-- ----------------------------
DROP TABLE IF EXISTS `ACT_HI_DETAIL`;
CREATE TABLE `ACT_HI_DETAIL` (
  `ID_` varchar(64) COLLATE utf8_bin NOT NULL,
  `TYPE_` varchar(255) COLLATE utf8_bin NOT NULL,
  `PROC_INST_ID_` varchar(64) COLLATE utf8_bin DEFAULT NULL,
  `EXECUTION_ID_` varchar(64) COLLATE utf8_bin DEFAULT NULL,
  `TASK_ID_` varchar(64) COLLATE utf8_bin DEFAULT NULL,
  `ACT_INST_ID_` varchar(64) COLLATE utf8_bin DEFAULT NULL,
  `NAME_` varchar(255) COLLATE utf8_bin NOT NULL,
  `VAR_TYPE_` varchar(255) COLLATE utf8_bin DEFAULT NULL,
  `REV_` int(11) DEFAULT NULL,
  `TIME_` datetime(3) NOT NULL,
  `BYTEARRAY_ID_` varchar(64) COLLATE utf8_bin DEFAULT NULL,
  `DOUBLE_` double DEFAULT NULL,
  `LONG_` bigint(20) DEFAULT NULL,
  `TEXT_` varchar(4000) COLLATE utf8_bin DEFAULT NULL,
  `TEXT2_` varchar(4000) COLLATE utf8_bin DEFAULT NULL,
  PRIMARY KEY (`ID_`),
  KEY `ACT_IDX_HI_DETAIL_PROC_INST` (`PROC_INST_ID_`),
  KEY `ACT_IDX_HI_DETAIL_ACT_INST` (`ACT_INST_ID_`),
  KEY `ACT_IDX_HI_DETAIL_TIME` (`TIME_`),
  KEY `ACT_IDX_HI_DETAIL_NAME` (`NAME_`),
  KEY `ACT_IDX_HI_DETAIL_TASK_ID` (`TASK_ID_`)
) ENGINE=InnoDB DEFAULT CHARSET=utf8 COLLATE=utf8_bin;

-- ----------------------------
-- Records of ACT_HI_DETAIL
-- ----------------------------

-- ----------------------------
-- Table structure for ACT_HI_IDENTITYLINK
-- ----------------------------
DROP TABLE IF EXISTS `ACT_HI_IDENTITYLINK`;
CREATE TABLE `ACT_HI_IDENTITYLINK` (
  `ID_` varchar(64) COLLATE utf8_bin NOT NULL DEFAULT '',
  `GROUP_ID_` varchar(255) COLLATE utf8_bin DEFAULT NULL,
  `TYPE_` varchar(255) COLLATE utf8_bin DEFAULT NULL,
  `USER_ID_` varchar(255) COLLATE utf8_bin DEFAULT NULL,
  `TASK_ID_` varchar(64) COLLATE utf8_bin DEFAULT NULL,
  `PROC_INST_ID_` varchar(64) COLLATE utf8_bin DEFAULT NULL,
  PRIMARY KEY (`ID_`),
  KEY `ACT_IDX_HI_IDENT_LNK_USER` (`USER_ID_`),
  KEY `ACT_IDX_HI_IDENT_LNK_TASK` (`TASK_ID_`),
  KEY `ACT_IDX_HI_IDENT_LNK_PROCINST` (`PROC_INST_ID_`)
) ENGINE=InnoDB DEFAULT CHARSET=utf8 COLLATE=utf8_bin;

-- ----------------------------
-- Records of ACT_HI_IDENTITYLINK
-- ----------------------------
INSERT INTO `ACT_HI_IDENTITYLINK` VALUES ('10008', null, 'candidate', '179', '10007', null);
INSERT INTO `ACT_HI_IDENTITYLINK` VALUES ('10009', null, 'participant', '179', null, '10001');
INSERT INTO `ACT_HI_IDENTITYLINK` VALUES ('10015', null, 'participant', '178', null, '10001');
INSERT INTO `ACT_HI_IDENTITYLINK` VALUES ('12508', null, 'candidate', '179', '12507', null);
INSERT INTO `ACT_HI_IDENTITYLINK` VALUES ('12509', null, 'participant', '179', null, '12501');
INSERT INTO `ACT_HI_IDENTITYLINK` VALUES ('12515', null, 'participant', '178', null, '12501');
INSERT INTO `ACT_HI_IDENTITYLINK` VALUES ('15008', null, 'candidate', '179', '15007', null);
INSERT INTO `ACT_HI_IDENTITYLINK` VALUES ('15009', null, 'participant', '179', null, '15001');
INSERT INTO `ACT_HI_IDENTITYLINK` VALUES ('15015', null, 'participant', '178', null, '15001');
INSERT INTO `ACT_HI_IDENTITYLINK` VALUES ('17517', null, 'candidate', '179', '17516', null);
INSERT INTO `ACT_HI_IDENTITYLINK` VALUES ('17518', null, 'participant', '179', null, '17510');
INSERT INTO `ACT_HI_IDENTITYLINK` VALUES ('17524', null, 'participant', '178', null, '17510');
INSERT INTO `ACT_HI_IDENTITYLINK` VALUES ('17535', null, 'candidate', '131', '17534', null);
INSERT INTO `ACT_HI_IDENTITYLINK` VALUES ('17536', null, 'participant', '131', null, '17528');
INSERT INTO `ACT_HI_IDENTITYLINK` VALUES ('20006', null, 'participant', '178', null, '17528');
INSERT INTO `ACT_HI_IDENTITYLINK` VALUES ('22508', null, 'candidate', '179', '22507', null);
INSERT INTO `ACT_HI_IDENTITYLINK` VALUES ('22509', null, 'participant', '179', null, '22501');
INSERT INTO `ACT_HI_IDENTITYLINK` VALUES ('22515', null, 'participant', '178', null, '22501');
INSERT INTO `ACT_HI_IDENTITYLINK` VALUES ('25008', null, 'candidate', '179', '25007', null);
INSERT INTO `ACT_HI_IDENTITYLINK` VALUES ('25009', null, 'participant', '179', null, '25001');
INSERT INTO `ACT_HI_IDENTITYLINK` VALUES ('25015', null, 'participant', '178', null, '25001');
INSERT INTO `ACT_HI_IDENTITYLINK` VALUES ('25029', null, 'candidate', '179', '25028', null);
INSERT INTO `ACT_HI_IDENTITYLINK` VALUES ('25030', null, 'participant', '179', null, '25022');
INSERT INTO `ACT_HI_IDENTITYLINK` VALUES ('2508', null, 'candidate', '179', '2507', null);
INSERT INTO `ACT_HI_IDENTITYLINK` VALUES ('2509', null, 'participant', '179', null, '2501');
INSERT INTO `ACT_HI_IDENTITYLINK` VALUES ('2515', null, 'participant', '178', null, '2501');
INSERT INTO `ACT_HI_IDENTITYLINK` VALUES ('27508', null, 'candidate', '179', '27507', null);
INSERT INTO `ACT_HI_IDENTITYLINK` VALUES ('27509', null, 'participant', '179', null, '27501');
INSERT INTO `ACT_HI_IDENTITYLINK` VALUES ('27517', null, 'candidate', '179', '27516', null);
INSERT INTO `ACT_HI_IDENTITYLINK` VALUES ('27518', null, 'participant', '179', null, '27510');
INSERT INTO `ACT_HI_IDENTITYLINK` VALUES ('27524', null, 'participant', '178', null, '25022');
INSERT INTO `ACT_HI_IDENTITYLINK` VALUES ('27530', null, 'participant', '178', null, '27501');
INSERT INTO `ACT_HI_IDENTITYLINK` VALUES ('27536', null, 'participant', '178', null, '27510');
INSERT INTO `ACT_HI_IDENTITYLINK` VALUES ('27553', null, 'candidate', '178', '27552', null);
INSERT INTO `ACT_HI_IDENTITYLINK` VALUES ('27554', null, 'participant', '178', null, '27546');
INSERT INTO `ACT_HI_IDENTITYLINK` VALUES ('27564', null, 'candidate', '178', '27563', null);
INSERT INTO `ACT_HI_IDENTITYLINK` VALUES ('30008', null, 'candidate', '179', '30007', null);
INSERT INTO `ACT_HI_IDENTITYLINK` VALUES ('30009', null, 'participant', '179', null, '30001');
INSERT INTO `ACT_HI_IDENTITYLINK` VALUES ('30015', null, 'participant', '178', null, '30001');
INSERT INTO `ACT_HI_IDENTITYLINK` VALUES ('30026', null, 'candidate', '179', '30025', null);
INSERT INTO `ACT_HI_IDENTITYLINK` VALUES ('30027', null, 'participant', '179', null, '30019');
INSERT INTO `ACT_HI_IDENTITYLINK` VALUES ('30033', null, 'participant', '178', null, '30019');
INSERT INTO `ACT_HI_IDENTITYLINK` VALUES ('32508', null, 'candidate', '179', '32507', null);
INSERT INTO `ACT_HI_IDENTITYLINK` VALUES ('32509', null, 'participant', '179', null, '32501');
INSERT INTO `ACT_HI_IDENTITYLINK` VALUES ('32515', null, 'participant', '178', null, '32501');
INSERT INTO `ACT_HI_IDENTITYLINK` VALUES ('35008', null, 'candidate', '179', '35007', null);
INSERT INTO `ACT_HI_IDENTITYLINK` VALUES ('35009', null, 'participant', '179', null, '35001');
INSERT INTO `ACT_HI_IDENTITYLINK` VALUES ('35014', null, 'candidate', '89', '35013', null);
INSERT INTO `ACT_HI_IDENTITYLINK` VALUES ('35015', null, 'participant', '89', null, '35001');
INSERT INTO `ACT_HI_IDENTITYLINK` VALUES ('35023', null, 'candidate', '179', '35022', null);
INSERT INTO `ACT_HI_IDENTITYLINK` VALUES ('35024', null, 'participant', '179', null, '35016');
INSERT INTO `ACT_HI_IDENTITYLINK` VALUES ('35032', null, 'candidate', '179', '35031', null);
INSERT INTO `ACT_HI_IDENTITYLINK` VALUES ('35033', null, 'participant', '179', null, '35025');
INSERT INTO `ACT_HI_IDENTITYLINK` VALUES ('35041', null, 'candidate', '178', '35040', null);
INSERT INTO `ACT_HI_IDENTITYLINK` VALUES ('35042', null, 'participant', '178', null, '35034');
INSERT INTO `ACT_HI_IDENTITYLINK` VALUES ('35047', null, 'candidate', '174', '35046', null);
INSERT INTO `ACT_HI_IDENTITYLINK` VALUES ('35048', null, 'participant', '174', null, '35025');
INSERT INTO `ACT_HI_IDENTITYLINK` VALUES ('35053', null, 'participant', '178', null, '35025');
INSERT INTO `ACT_HI_IDENTITYLINK` VALUES ('37508', null, 'candidate', '179', '37507', null);
INSERT INTO `ACT_HI_IDENTITYLINK` VALUES ('37509', null, 'participant', '179', null, '37501');
INSERT INTO `ACT_HI_IDENTITYLINK` VALUES ('37517', null, 'candidate', '179', '37516', null);
INSERT INTO `ACT_HI_IDENTITYLINK` VALUES ('37518', null, 'participant', '179', null, '37510');
INSERT INTO `ACT_HI_IDENTITYLINK` VALUES ('37526', null, 'candidate', '179', '37525', null);
INSERT INTO `ACT_HI_IDENTITYLINK` VALUES ('37527', null, 'participant', '179', null, '37519');
INSERT INTO `ACT_HI_IDENTITYLINK` VALUES ('37535', null, 'candidate', '179', '37534', null);
INSERT INTO `ACT_HI_IDENTITYLINK` VALUES ('37536', null, 'participant', '179', null, '37528');
INSERT INTO `ACT_HI_IDENTITYLINK` VALUES ('37544', null, 'candidate', '179', '37543', null);
INSERT INTO `ACT_HI_IDENTITYLINK` VALUES ('37545', null, 'participant', '179', null, '37537');
INSERT INTO `ACT_HI_IDENTITYLINK` VALUES ('37551', null, 'participant', '178', null, '37537');
INSERT INTO `ACT_HI_IDENTITYLINK` VALUES ('37556', null, 'candidate', '89', '37555', null);
INSERT INTO `ACT_HI_IDENTITYLINK` VALUES ('37557', null, 'participant', '89', null, '40001');
INSERT INTO `ACT_HI_IDENTITYLINK` VALUES ('37563', null, 'participant', '178', null, '37528');
INSERT INTO `ACT_HI_IDENTITYLINK` VALUES ('37574', null, 'candidate', '179', '37573', null);
INSERT INTO `ACT_HI_IDENTITYLINK` VALUES ('37575', null, 'participant', '179', null, '37567');
INSERT INTO `ACT_HI_IDENTITYLINK` VALUES ('40008', null, 'candidate', '179', '40007', null);
INSERT INTO `ACT_HI_IDENTITYLINK` VALUES ('40009', null, 'participant', '179', null, '40001');
INSERT INTO `ACT_HI_IDENTITYLINK` VALUES ('45008', null, 'candidate', '179', '45007', null);
INSERT INTO `ACT_HI_IDENTITYLINK` VALUES ('45009', null, 'participant', '179', null, '45001');
INSERT INTO `ACT_HI_IDENTITYLINK` VALUES ('45017', null, 'candidate', '179', '45016', null);
INSERT INTO `ACT_HI_IDENTITYLINK` VALUES ('45018', null, 'participant', '179', null, '45010');
INSERT INTO `ACT_HI_IDENTITYLINK` VALUES ('45023', null, 'candidate', '173', '45022', null);
INSERT INTO `ACT_HI_IDENTITYLINK` VALUES ('45024', null, 'participant', '173', null, '45010');
INSERT INTO `ACT_HI_IDENTITYLINK` VALUES ('45028', null, 'candidate', '89', '45027', null);
INSERT INTO `ACT_HI_IDENTITYLINK` VALUES ('45029', null, 'participant', '89', null, '45010');
INSERT INTO `ACT_HI_IDENTITYLINK` VALUES ('45034', null, 'participant', '178', null, '45010');
INSERT INTO `ACT_HI_IDENTITYLINK` VALUES ('45043', null, 'participant', '178', null, '45001');
INSERT INTO `ACT_HI_IDENTITYLINK` VALUES ('47508', null, 'candidate', '179', '47507', null);
INSERT INTO `ACT_HI_IDENTITYLINK` VALUES ('47509', null, 'participant', '179', null, '47501');
INSERT INTO `ACT_HI_IDENTITYLINK` VALUES ('47517', null, 'candidate', '179', '47516', null);
INSERT INTO `ACT_HI_IDENTITYLINK` VALUES ('47518', null, 'participant', '179', null, '47510');
INSERT INTO `ACT_HI_IDENTITYLINK` VALUES ('47523', null, 'candidate', '89', '47522', null);
INSERT INTO `ACT_HI_IDENTITYLINK` VALUES ('47524', null, 'participant', '89', null, '47510');
INSERT INTO `ACT_HI_IDENTITYLINK` VALUES ('47529', null, 'participant', '178', null, '47510');
INSERT INTO `ACT_HI_IDENTITYLINK` VALUES ('47535', null, 'participant', '178', null, '47501');
INSERT INTO `ACT_HI_IDENTITYLINK` VALUES ('50008', null, 'candidate', '179', '50007', null);
INSERT INTO `ACT_HI_IDENTITYLINK` VALUES ('50009', null, 'participant', '179', null, '50001');
INSERT INTO `ACT_HI_IDENTITYLINK` VALUES ('50014', null, 'candidate', '89', '50013', null);
INSERT INTO `ACT_HI_IDENTITYLINK` VALUES ('50015', null, 'participant', '89', null, '50001');
INSERT INTO `ACT_HI_IDENTITYLINK` VALUES ('50020', null, 'participant', '178', null, '50001');
INSERT INTO `ACT_HI_IDENTITYLINK` VALUES ('50028', null, 'candidate', '179', '50027', null);
INSERT INTO `ACT_HI_IDENTITYLINK` VALUES ('50029', null, 'participant', '179', null, '50021');
INSERT INTO `ACT_HI_IDENTITYLINK` VALUES ('50034', null, 'candidate', '89', '50033', null);
INSERT INTO `ACT_HI_IDENTITYLINK` VALUES ('50035', null, 'participant', '89', null, '50021');
INSERT INTO `ACT_HI_IDENTITYLINK` VALUES ('5008', null, 'candidate', '179', '5007', null);
INSERT INTO `ACT_HI_IDENTITYLINK` VALUES ('5009', null, 'participant', '179', null, '5001');
INSERT INTO `ACT_HI_IDENTITYLINK` VALUES ('52508', null, 'candidate', '178', '52507', null);
INSERT INTO `ACT_HI_IDENTITYLINK` VALUES ('52509', null, 'participant', '178', null, '52501');
INSERT INTO `ACT_HI_IDENTITYLINK` VALUES ('52517', null, 'candidate', '178', '52516', null);
INSERT INTO `ACT_HI_IDENTITYLINK` VALUES ('52518', null, 'participant', '178', null, '52510');
INSERT INTO `ACT_HI_IDENTITYLINK` VALUES ('7506', null, 'participant', '178', null, '5001');

-- ----------------------------
-- Table structure for ACT_HI_PROCINST
-- ----------------------------
DROP TABLE IF EXISTS `ACT_HI_PROCINST`;
CREATE TABLE `ACT_HI_PROCINST` (
  `ID_` varchar(64) COLLATE utf8_bin NOT NULL,
  `PROC_INST_ID_` varchar(64) COLLATE utf8_bin NOT NULL,
  `BUSINESS_KEY_` varchar(255) COLLATE utf8_bin DEFAULT NULL,
  `PROC_DEF_ID_` varchar(64) COLLATE utf8_bin NOT NULL,
  `START_TIME_` datetime(3) NOT NULL,
  `END_TIME_` datetime(3) DEFAULT NULL,
  `DURATION_` bigint(20) DEFAULT NULL,
  `START_USER_ID_` varchar(255) COLLATE utf8_bin DEFAULT NULL,
  `START_ACT_ID_` varchar(255) COLLATE utf8_bin DEFAULT NULL,
  `END_ACT_ID_` varchar(255) COLLATE utf8_bin DEFAULT NULL,
  `SUPER_PROCESS_INSTANCE_ID_` varchar(64) COLLATE utf8_bin DEFAULT NULL,
  `DELETE_REASON_` varchar(4000) COLLATE utf8_bin DEFAULT NULL,
  `TENANT_ID_` varchar(255) COLLATE utf8_bin DEFAULT '',
  `NAME_` varchar(255) COLLATE utf8_bin DEFAULT NULL,
  PRIMARY KEY (`ID_`),
  UNIQUE KEY `PROC_INST_ID_` (`PROC_INST_ID_`),
  KEY `ACT_IDX_HI_PRO_INST_END` (`END_TIME_`),
  KEY `ACT_IDX_HI_PRO_I_BUSKEY` (`BUSINESS_KEY_`)
) ENGINE=InnoDB DEFAULT CHARSET=utf8 COLLATE=utf8_bin;

-- ----------------------------
-- Records of ACT_HI_PROCINST
-- ----------------------------
INSERT INTO `ACT_HI_PROCINST` VALUES ('10001', '10001', '172', 'problemProcess:1:4', '2015-07-10 11:00:31.570', '2015-07-10 12:31:17.845', '5446275', null, 'sid-5D96CBEB-9E36-4D50-A140-8147FEFB0028', 'end', null, null, '', null);
INSERT INTO `ACT_HI_PROCINST` VALUES ('12501', '12501', '173', 'problemProcess:1:4', '2015-07-10 11:38:35.731', '2015-07-10 12:31:12.723', '3156992', null, 'sid-5D96CBEB-9E36-4D50-A140-8147FEFB0028', 'end', null, null, '', null);
INSERT INTO `ACT_HI_PROCINST` VALUES ('15001', '15001', '174', 'problemProcess:1:4', '2015-07-10 12:15:11.083', '2015-07-10 12:31:06.746', '955663', null, 'sid-5D96CBEB-9E36-4D50-A140-8147FEFB0028', 'end', null, null, '', null);
INSERT INTO `ACT_HI_PROCINST` VALUES ('17510', '17510', '175', 'problemProcess:1:4', '2015-07-10 12:32:39.186', '2015-07-10 12:33:51.916', '72730', null, 'sid-5D96CBEB-9E36-4D50-A140-8147FEFB0028', 'end', null, null, '', null);
INSERT INTO `ACT_HI_PROCINST` VALUES ('17528', '17528', '176', 'problemProcess:1:4', '2015-07-10 12:34:48.661', '2015-07-10 12:38:25.595', '216934', null, 'sid-5D96CBEB-9E36-4D50-A140-8147FEFB0028', 'end', null, null, '', null);
INSERT INTO `ACT_HI_PROCINST` VALUES ('22501', '22501', '177', 'problemProcess:1:4', '2015-07-10 12:39:58.204', '2015-07-10 12:48:41.919', '523715', null, 'sid-5D96CBEB-9E36-4D50-A140-8147FEFB0028', 'end', null, null, '', null);
INSERT INTO `ACT_HI_PROCINST` VALUES ('25001', '25001', '178', 'problemProcess:1:4', '2015-07-10 12:48:16.757', '2015-07-10 12:48:47.155', '30398', null, 'sid-5D96CBEB-9E36-4D50-A140-8147FEFB0028', 'end', null, null, '', null);
INSERT INTO `ACT_HI_PROCINST` VALUES ('2501', '2501', '170', 'problemProcess:1:4', '2015-07-10 00:11:13.693', null, null, null, 'sid-5D96CBEB-9E36-4D50-A140-8147FEFB0028', null, null, null, '', null);
INSERT INTO `ACT_HI_PROCINST` VALUES ('25022', '25022', '179', 'problemProcess:1:4', '2015-07-10 12:49:14.853', '2015-07-10 12:52:34.491', '199638', null, 'sid-5D96CBEB-9E36-4D50-A140-8147FEFB0028', 'end', null, null, '', null);
INSERT INTO `ACT_HI_PROCINST` VALUES ('27501', '27501', '180', 'problemProcess:1:4', '2015-07-10 12:51:11.460', '2015-07-10 12:52:28.171', '76711', null, 'sid-5D96CBEB-9E36-4D50-A140-8147FEFB0028', 'end', null, null, '', null);
INSERT INTO `ACT_HI_PROCINST` VALUES ('27510', '27510', '181', 'problemProcess:1:4', '2015-07-10 12:51:12.343', '2015-07-10 12:52:19.574', '67231', null, 'sid-5D96CBEB-9E36-4D50-A140-8147FEFB0028', 'end', null, null, '', null);
INSERT INTO `ACT_HI_PROCINST` VALUES ('27546', '27546', '182', 'problemProcess:1:4', '2015-07-10 12:52:48.056', '2015-07-10 12:53:40.675', '52619', null, 'sid-5D96CBEB-9E36-4D50-A140-8147FEFB0028', 'end', null, null, '', null);
INSERT INTO `ACT_HI_PROCINST` VALUES ('30001', '30001', '183', 'problemProcess:1:4', '2015-07-10 13:38:04.402', '2015-07-10 13:39:35.630', '91228', null, 'sid-5D96CBEB-9E36-4D50-A140-8147FEFB0028', 'end', null, null, '', null);
INSERT INTO `ACT_HI_PROCINST` VALUES ('30019', '30019', '184', 'problemProcess:1:4', '2015-07-10 13:49:29.702', '2015-07-10 13:50:52.488', '82786', null, 'sid-5D96CBEB-9E36-4D50-A140-8147FEFB0028', 'end', null, null, '', null);
INSERT INTO `ACT_HI_PROCINST` VALUES ('32501', '32501', '185', 'problemProcess:1:4', '2015-07-10 20:31:02.302', '2015-07-10 22:32:30.925', '7288623', null, 'sid-5D96CBEB-9E36-4D50-A140-8147FEFB0028', 'end', null, null, '', null);
INSERT INTO `ACT_HI_PROCINST` VALUES ('35001', '35001', '186', 'problemProcess:1:4', '2015-07-13 10:31:46.623', null, null, null, 'sid-5D96CBEB-9E36-4D50-A140-8147FEFB0028', null, null, null, '', null);
INSERT INTO `ACT_HI_PROCINST` VALUES ('35016', '35016', '187', 'problemProcess:1:4', '2015-07-13 10:52:14.319', null, null, null, 'sid-5D96CBEB-9E36-4D50-A140-8147FEFB0028', null, null, null, '', null);
INSERT INTO `ACT_HI_PROCINST` VALUES ('35025', '35025', '188', 'problemProcess:1:4', '2015-07-13 14:44:37.847', '2015-07-13 14:54:13.732', '575885', null, 'sid-5D96CBEB-9E36-4D50-A140-8147FEFB0028', 'end', null, null, '', null);
INSERT INTO `ACT_HI_PROCINST` VALUES ('35034', '35034', '189', 'problemProcess:1:4', '2015-07-13 14:45:23.608', null, null, null, 'sid-5D96CBEB-9E36-4D50-A140-8147FEFB0028', null, null, null, '', null);
INSERT INTO `ACT_HI_PROCINST` VALUES ('37501', '37501', '190', 'problemProcess:1:4', '2015-07-14 14:29:19.141', null, null, null, 'sid-5D96CBEB-9E36-4D50-A140-8147FEFB0028', null, null, null, '', null);
INSERT INTO `ACT_HI_PROCINST` VALUES ('37510', '37510', '191', 'problemProcess:1:4', '2015-07-14 14:49:18.237', null, null, null, 'sid-5D96CBEB-9E36-4D50-A140-8147FEFB0028', null, null, null, '', null);
INSERT INTO `ACT_HI_PROCINST` VALUES ('37519', '37519', '192', 'problemProcess:1:4', '2015-07-14 14:50:06.167', null, null, null, 'sid-5D96CBEB-9E36-4D50-A140-8147FEFB0028', null, null, null, '', null);
INSERT INTO `ACT_HI_PROCINST` VALUES ('37528', '37528', '193', 'problemProcess:1:4', '2015-07-14 15:16:09.893', '2015-07-14 23:52:45.251', '30995358', null, 'sid-5D96CBEB-9E36-4D50-A140-8147FEFB0028', 'end', null, null, '', null);
INSERT INTO `ACT_HI_PROCINST` VALUES ('37537', '37537', '194', 'problemProcess:1:4', '2015-07-14 15:16:31.819', '2015-07-14 16:12:35.873', '3364054', null, 'sid-5D96CBEB-9E36-4D50-A140-8147FEFB0028', 'end', null, null, '', null);
INSERT INTO `ACT_HI_PROCINST` VALUES ('37567', '37567', '196', 'problemProcess:1:4', '2015-07-14 20:44:38.026', null, null, null, 'sid-5D96CBEB-9E36-4D50-A140-8147FEFB0028', null, null, null, '', null);
INSERT INTO `ACT_HI_PROCINST` VALUES ('40001', '40001', '195', 'problemProcess:1:4', '2015-07-14 15:46:18.248', null, null, null, 'sid-5D96CBEB-9E36-4D50-A140-8147FEFB0028', null, null, null, '', null);
INSERT INTO `ACT_HI_PROCINST` VALUES ('45001', '45001', '197', 'problemProcess:1:4', '2015-07-16 17:41:08.806', '2015-07-16 20:18:59.320', '9470514', null, 'sid-5D96CBEB-9E36-4D50-A140-8147FEFB0028', 'end', null, null, '', null);
INSERT INTO `ACT_HI_PROCINST` VALUES ('45010', '45010', '198', 'problemProcess:1:4', '2015-07-16 17:41:09.722', '2015-07-16 17:57:46.731', '997009', null, 'sid-5D96CBEB-9E36-4D50-A140-8147FEFB0028', 'end', null, null, '', null);
INSERT INTO `ACT_HI_PROCINST` VALUES ('47501', '47501', '199', 'problemProcess:1:4', '2015-07-16 22:19:21.327', '2015-07-16 22:36:45.463', '1044136', null, 'sid-5D96CBEB-9E36-4D50-A140-8147FEFB0028', 'end', null, null, '', null);
INSERT INTO `ACT_HI_PROCINST` VALUES ('47510', '47510', '200', 'problemProcess:1:4', '2015-07-16 22:20:47.980', '2015-07-16 22:36:40.111', '952131', null, 'sid-5D96CBEB-9E36-4D50-A140-8147FEFB0028', 'end', null, null, '', null);
INSERT INTO `ACT_HI_PROCINST` VALUES ('50001', '50001', '201', 'problemProcess:1:4', '2015-07-16 23:02:48.923', null, null, null, 'sid-5D96CBEB-9E36-4D50-A140-8147FEFB0028', null, null, null, '', null);
INSERT INTO `ACT_HI_PROCINST` VALUES ('5001', '5001', '171', 'problemProcess:1:4', '2015-07-10 09:45:24.843', null, null, null, 'sid-5D96CBEB-9E36-4D50-A140-8147FEFB0028', null, null, null, '', null);
INSERT INTO `ACT_HI_PROCINST` VALUES ('50021', '50021', '202', 'problemProcess:1:4', '2015-07-16 23:12:17.481', null, null, null, 'sid-5D96CBEB-9E36-4D50-A140-8147FEFB0028', null, null, null, '', null);
INSERT INTO `ACT_HI_PROCINST` VALUES ('52501', '52501', '203', 'problemProcess:1:4', '2015-07-17 21:35:09.455', null, null, null, 'sid-5D96CBEB-9E36-4D50-A140-8147FEFB0028', null, null, null, '', null);
INSERT INTO `ACT_HI_PROCINST` VALUES ('52510', '52510', '204', 'problemProcess:1:4', '2015-07-17 21:36:32.793', null, null, null, 'sid-5D96CBEB-9E36-4D50-A140-8147FEFB0028', null, null, null, '', null);

-- ----------------------------
-- Table structure for ACT_HI_TASKINST
-- ----------------------------
DROP TABLE IF EXISTS `ACT_HI_TASKINST`;
CREATE TABLE `ACT_HI_TASKINST` (
  `ID_` varchar(64) COLLATE utf8_bin NOT NULL,
  `PROC_DEF_ID_` varchar(64) COLLATE utf8_bin DEFAULT NULL,
  `TASK_DEF_KEY_` varchar(255) COLLATE utf8_bin DEFAULT NULL,
  `PROC_INST_ID_` varchar(64) COLLATE utf8_bin DEFAULT NULL,
  `EXECUTION_ID_` varchar(64) COLLATE utf8_bin DEFAULT NULL,
  `NAME_` varchar(255) COLLATE utf8_bin DEFAULT NULL,
  `PARENT_TASK_ID_` varchar(64) COLLATE utf8_bin DEFAULT NULL,
  `DESCRIPTION_` varchar(4000) COLLATE utf8_bin DEFAULT NULL,
  `OWNER_` varchar(255) COLLATE utf8_bin DEFAULT NULL,
  `ASSIGNEE_` varchar(255) COLLATE utf8_bin DEFAULT NULL,
  `START_TIME_` datetime(3) NOT NULL,
  `CLAIM_TIME_` datetime(3) DEFAULT NULL,
  `END_TIME_` datetime(3) DEFAULT NULL,
  `DURATION_` bigint(20) DEFAULT NULL,
  `DELETE_REASON_` varchar(4000) COLLATE utf8_bin DEFAULT NULL,
  `PRIORITY_` int(11) DEFAULT NULL,
  `DUE_DATE_` datetime(3) DEFAULT NULL,
  `FORM_KEY_` varchar(255) COLLATE utf8_bin DEFAULT NULL,
  `CATEGORY_` varchar(255) COLLATE utf8_bin DEFAULT NULL,
  `TENANT_ID_` varchar(255) COLLATE utf8_bin DEFAULT '',
  PRIMARY KEY (`ID_`)
) ENGINE=InnoDB DEFAULT CHARSET=utf8 COLLATE=utf8_bin;

-- ----------------------------
-- Records of ACT_HI_TASKINST
-- ----------------------------
INSERT INTO `ACT_HI_TASKINST` VALUES ('10007', 'problemProcess:1:4', 'solver', '10001', '10001', '解决人', null, null, null, null, '2015-07-10 11:00:31.585', null, '2015-07-10 11:01:00.543', '28958', 'completed', '50', null, null, null, '');
INSERT INTO `ACT_HI_TASKINST` VALUES ('10014', 'problemProcess:1:4', 'quizzer', '10001', '10001', '施工组负责人', null, '施工组负责人', null, '178', '2015-07-10 11:01:00.565', null, '2015-07-10 12:31:17.833', '5417268', 'completed', '50', null, null, null, '');
INSERT INTO `ACT_HI_TASKINST` VALUES ('12507', 'problemProcess:1:4', 'solver', '12501', '12501', '解决人', null, null, null, null, '2015-07-10 11:38:35.752', null, '2015-07-10 11:39:25.447', '49695', 'completed', '50', null, null, null, '');
INSERT INTO `ACT_HI_TASKINST` VALUES ('12514', 'problemProcess:1:4', 'quizzer', '12501', '12501', '施工组负责人', null, '施工组负责人', null, '178', '2015-07-10 11:39:25.458', null, '2015-07-10 12:31:12.713', '3107255', 'completed', '50', null, null, null, '');
INSERT INTO `ACT_HI_TASKINST` VALUES ('15007', 'problemProcess:1:4', 'solver', '15001', '15001', '解决人', null, null, null, null, '2015-07-10 12:15:11.101', null, '2015-07-10 12:16:03.333', '52232', 'completed', '50', null, null, null, '');
INSERT INTO `ACT_HI_TASKINST` VALUES ('15014', 'problemProcess:1:4', 'quizzer', '15001', '15001', '施工组负责人', null, '施工组负责人', null, '178', '2015-07-10 12:16:03.345', null, '2015-07-10 12:31:06.689', '903344', 'completed', '50', null, null, null, '');
INSERT INTO `ACT_HI_TASKINST` VALUES ('17516', 'problemProcess:1:4', 'solver', '17510', '17510', '解决人', null, null, null, null, '2015-07-10 12:32:39.193', null, '2015-07-10 12:33:33.065', '53872', 'completed', '50', null, null, null, '');
INSERT INTO `ACT_HI_TASKINST` VALUES ('17523', 'problemProcess:1:4', 'quizzer', '17510', '17510', '施工组负责人', null, '施工组负责人', null, '178', '2015-07-10 12:33:33.073', null, '2015-07-10 12:33:51.904', '18831', 'completed', '50', null, null, null, '');
INSERT INTO `ACT_HI_TASKINST` VALUES ('17534', 'problemProcess:1:4', 'solver', '17528', '17528', '解决人', null, null, null, null, '2015-07-10 12:34:48.662', null, '2015-07-10 12:37:53.439', '184777', 'completed', '50', null, null, null, '');
INSERT INTO `ACT_HI_TASKINST` VALUES ('20005', 'problemProcess:1:4', 'quizzer', '17528', '17528', '施工组负责人', null, '施工组负责人', null, '178', '2015-07-10 12:37:53.462', null, '2015-07-10 12:38:25.580', '32118', 'completed', '50', null, null, null, '');
INSERT INTO `ACT_HI_TASKINST` VALUES ('22507', 'problemProcess:1:4', 'solver', '22501', '22501', '解决人', null, null, null, null, '2015-07-10 12:39:58.224', null, '2015-07-10 12:40:24.003', '25779', 'completed', '50', null, null, null, '');
INSERT INTO `ACT_HI_TASKINST` VALUES ('22514', 'problemProcess:1:4', 'quizzer', '22501', '22501', '施工组负责人', null, '施工组负责人', null, '178', '2015-07-10 12:40:24.021', null, '2015-07-10 12:48:41.907', '497886', 'completed', '50', null, null, null, '');
INSERT INTO `ACT_HI_TASKINST` VALUES ('25007', 'problemProcess:1:4', 'solver', '25001', '25001', '解决人', null, null, null, null, '2015-07-10 12:48:16.776', null, '2015-07-10 12:48:31.627', '14851', 'completed', '50', null, null, null, '');
INSERT INTO `ACT_HI_TASKINST` VALUES ('25014', 'problemProcess:1:4', 'quizzer', '25001', '25001', '施工组负责人', null, '施工组负责人', null, '178', '2015-07-10 12:48:31.641', null, '2015-07-10 12:48:47.143', '15502', 'completed', '50', null, null, null, '');
INSERT INTO `ACT_HI_TASKINST` VALUES ('25028', 'problemProcess:1:4', 'solver', '25022', '25022', '解决人', null, null, null, null, '2015-07-10 12:49:14.853', null, '2015-07-10 12:51:43.186', '148333', 'completed', '50', null, null, null, '');
INSERT INTO `ACT_HI_TASKINST` VALUES ('2507', 'problemProcess:1:4', 'solver', '2501', '2501', '解决人', null, null, null, null, '2015-07-10 00:11:13.703', null, '2015-07-10 09:35:12.242', '33838539', 'completed', '50', null, null, null, '');
INSERT INTO `ACT_HI_TASKINST` VALUES ('2514', 'problemProcess:1:4', 'quizzer', '2501', '2501', '施工组负责人', null, '施工组负责人', null, '178', '2015-07-10 09:35:12.288', null, null, null, null, '50', null, null, null, '');
INSERT INTO `ACT_HI_TASKINST` VALUES ('27507', 'problemProcess:1:4', 'solver', '27501', '27501', '解决人', null, null, null, null, '2015-07-10 12:51:11.524', null, '2015-07-10 12:51:50.918', '39394', 'completed', '50', null, null, null, '');
INSERT INTO `ACT_HI_TASKINST` VALUES ('27516', 'problemProcess:1:4', 'solver', '27510', '27510', '解决人', null, null, null, null, '2015-07-10 12:51:12.344', null, '2015-07-10 12:51:55.305', '42961', 'completed', '50', null, null, null, '');
INSERT INTO `ACT_HI_TASKINST` VALUES ('27523', 'problemProcess:1:4', 'quizzer', '25022', '25022', '施工组负责人', null, '施工组负责人', null, '178', '2015-07-10 12:51:43.199', null, '2015-07-10 12:52:34.477', '51278', 'completed', '50', null, null, null, '');
INSERT INTO `ACT_HI_TASKINST` VALUES ('27529', 'problemProcess:1:4', 'quizzer', '27501', '27501', '施工组负责人', null, '施工组负责人', null, '178', '2015-07-10 12:51:50.926', null, '2015-07-10 12:52:28.158', '37232', 'completed', '50', null, null, null, '');
INSERT INTO `ACT_HI_TASKINST` VALUES ('27535', 'problemProcess:1:4', 'quizzer', '27510', '27510', '施工组负责人', null, '施工组负责人', null, '178', '2015-07-10 12:51:55.313', null, '2015-07-10 12:52:19.560', '24247', 'completed', '50', null, null, null, '');
INSERT INTO `ACT_HI_TASKINST` VALUES ('27552', 'problemProcess:1:4', 'solver', '27546', '27546', '解决人', null, null, null, null, '2015-07-10 12:52:48.057', null, '2015-07-10 12:53:17.429', '29372', 'completed', '50', null, null, null, '');
INSERT INTO `ACT_HI_TASKINST` VALUES ('27559', 'problemProcess:1:4', 'quizzer', '27546', '27546', '施工组负责人', null, '施工组负责人', null, '178', '2015-07-10 12:53:17.438', null, '2015-07-10 12:53:24.983', '7545', 'completed', '50', null, null, null, '');
INSERT INTO `ACT_HI_TASKINST` VALUES ('27563', 'problemProcess:1:4', 'solver', '27546', '27546', '解决人', null, null, null, null, '2015-07-10 12:53:24.991', null, '2015-07-10 12:53:33.505', '8514', 'completed', '50', null, null, null, '');
INSERT INTO `ACT_HI_TASKINST` VALUES ('27567', 'problemProcess:1:4', 'quizzer', '27546', '27546', '施工组负责人', null, '施工组负责人', null, '178', '2015-07-10 12:53:33.555', null, '2015-07-10 12:53:40.418', '6863', 'completed', '50', null, null, null, '');
INSERT INTO `ACT_HI_TASKINST` VALUES ('30007', 'problemProcess:1:4', 'solver', '30001', '30001', '解决人', null, null, null, null, '2015-07-10 13:38:04.413', null, '2015-07-10 13:38:56.778', '52365', 'completed', '50', null, null, null, '');
INSERT INTO `ACT_HI_TASKINST` VALUES ('30014', 'problemProcess:1:4', 'quizzer', '30001', '30001', '施工组负责人', null, '施工组负责人', null, '178', '2015-07-10 13:38:56.790', null, '2015-07-10 13:39:35.616', '38826', 'completed', '50', null, null, null, '');
INSERT INTO `ACT_HI_TASKINST` VALUES ('30025', 'problemProcess:1:4', 'solver', '30019', '30019', '解决人', null, null, null, null, '2015-07-10 13:49:29.702', null, '2015-07-10 13:50:25.722', '56020', 'completed', '50', null, null, null, '');
INSERT INTO `ACT_HI_TASKINST` VALUES ('30032', 'problemProcess:1:4', 'quizzer', '30019', '30019', '施工组负责人', null, '施工组负责人', null, '178', '2015-07-10 13:50:25.748', null, '2015-07-10 13:50:52.440', '26692', 'completed', '50', null, null, null, '');
INSERT INTO `ACT_HI_TASKINST` VALUES ('32507', 'problemProcess:1:4', 'solver', '32501', '32501', '解决人', null, null, null, null, '2015-07-10 20:31:02.309', null, '2015-07-10 22:31:56.270', '7253961', 'completed', '50', null, null, null, '');
INSERT INTO `ACT_HI_TASKINST` VALUES ('32514', 'problemProcess:1:4', 'quizzer', '32501', '32501', '施工组负责人', null, '施工组负责人', null, '178', '2015-07-10 22:31:56.304', null, '2015-07-10 22:32:30.880', '34576', 'completed', '50', null, null, null, '');
INSERT INTO `ACT_HI_TASKINST` VALUES ('35007', 'problemProcess:1:4', 'solver', '35001', '35001', '解决人', null, null, null, null, '2015-07-13 10:31:46.690', null, '2015-07-13 10:35:10.441', '203751', 'completed', '50', null, null, null, '');
INSERT INTO `ACT_HI_TASKINST` VALUES ('35013', 'problemProcess:1:4', 'solver', '35001', '35001', '解决人', null, null, null, null, '2015-07-13 10:35:10.484', null, null, null, null, '50', null, null, null, '');
INSERT INTO `ACT_HI_TASKINST` VALUES ('35022', 'problemProcess:1:4', 'solver', '35016', '35016', '解决人', null, null, null, null, '2015-07-13 10:52:14.320', null, null, null, null, '50', null, null, null, '');
INSERT INTO `ACT_HI_TASKINST` VALUES ('35031', 'problemProcess:1:4', 'solver', '35025', '35025', '解决人', null, null, null, null, '2015-07-13 14:44:37.847', null, '2015-07-13 14:49:13.819', '275972', 'completed', '50', null, null, null, '');
INSERT INTO `ACT_HI_TASKINST` VALUES ('35040', 'problemProcess:1:4', 'solver', '35034', '35034', '解决人', null, null, null, null, '2015-07-13 14:45:23.608', null, null, null, null, '50', null, null, null, '');
INSERT INTO `ACT_HI_TASKINST` VALUES ('35046', 'problemProcess:1:4', 'solver', '35025', '35025', '解决人', null, null, null, null, '2015-07-13 14:49:13.849', null, '2015-07-13 14:52:09.497', '175648', 'completed', '50', null, null, null, '');
INSERT INTO `ACT_HI_TASKINST` VALUES ('35052', 'problemProcess:1:4', 'quizzer', '35025', '35025', '施工组负责人', null, '施工组负责人', null, '178', '2015-07-13 14:52:09.524', null, '2015-07-13 14:54:13.683', '124159', 'completed', '50', null, null, null, '');
INSERT INTO `ACT_HI_TASKINST` VALUES ('37507', 'problemProcess:1:4', 'solver', '37501', '37501', '解决人', null, null, null, null, '2015-07-14 14:29:19.151', null, null, null, null, '50', null, null, null, '');
INSERT INTO `ACT_HI_TASKINST` VALUES ('37516', 'problemProcess:1:4', 'solver', '37510', '37510', '解决人', null, null, null, null, '2015-07-14 14:49:18.240', null, null, null, null, '50', null, null, null, '');
INSERT INTO `ACT_HI_TASKINST` VALUES ('37525', 'problemProcess:1:4', 'solver', '37519', '37519', '解决人', null, null, null, null, '2015-07-14 14:50:06.168', null, null, null, null, '50', null, null, null, '');
INSERT INTO `ACT_HI_TASKINST` VALUES ('37534', 'problemProcess:1:4', 'solver', '37528', '37528', '解决人', null, null, null, null, '2015-07-14 15:16:09.894', null, '2015-07-14 16:06:16.745', '3006851', 'completed', '50', null, null, null, '');
INSERT INTO `ACT_HI_TASKINST` VALUES ('37543', 'problemProcess:1:4', 'solver', '37537', '37537', '解决人', null, null, null, null, '2015-07-14 15:16:31.820', null, '2015-07-14 15:39:47.225', '1395405', 'completed', '50', null, null, null, '');
INSERT INTO `ACT_HI_TASKINST` VALUES ('37550', 'problemProcess:1:4', 'quizzer', '37537', '37537', '施工组负责人', null, '施工组负责人', null, '178', '2015-07-14 15:39:47.261', null, '2015-07-14 16:12:35.839', '1968578', 'completed', '50', null, null, null, '');
INSERT INTO `ACT_HI_TASKINST` VALUES ('37555', 'problemProcess:1:4', 'solver', '40001', '40001', '解决人', null, null, null, null, '2015-07-14 16:02:39.902', null, null, null, null, '50', null, null, null, '');
INSERT INTO `ACT_HI_TASKINST` VALUES ('37562', 'problemProcess:1:4', 'quizzer', '37528', '37528', '施工组负责人', null, '施工组负责人', null, '178', '2015-07-14 16:06:16.771', null, '2015-07-14 23:52:45.188', '27988417', 'completed', '50', null, null, null, '');
INSERT INTO `ACT_HI_TASKINST` VALUES ('37573', 'problemProcess:1:4', 'solver', '37567', '37567', '解决人', null, null, null, null, '2015-07-14 20:44:38.026', null, null, null, null, '50', null, null, null, '');
INSERT INTO `ACT_HI_TASKINST` VALUES ('40007', 'problemProcess:1:4', 'solver', '40001', '40001', '解决人', null, null, null, null, '2015-07-14 15:46:18.268', null, '2015-07-14 16:02:39.878', '981610', 'completed', '50', null, null, null, '');
INSERT INTO `ACT_HI_TASKINST` VALUES ('45007', 'problemProcess:1:4', 'solver', '45001', '45001', '解决人', null, null, null, null, '2015-07-16 17:41:08.820', null, '2015-07-16 20:18:29.728', '9440908', 'completed', '50', null, null, null, '');
INSERT INTO `ACT_HI_TASKINST` VALUES ('45016', 'problemProcess:1:4', 'solver', '45010', '45010', '解决人', null, null, null, null, '2015-07-16 17:41:09.723', null, '2015-07-16 17:47:47.851', '398128', 'completed', '50', null, null, null, '');
INSERT INTO `ACT_HI_TASKINST` VALUES ('45022', 'problemProcess:1:4', 'solver', '45010', '45010', '解决人', null, null, null, null, '2015-07-16 17:47:47.912', null, '2015-07-16 17:50:54.104', '186192', 'completed', '50', null, null, null, '');
INSERT INTO `ACT_HI_TASKINST` VALUES ('45027', 'problemProcess:1:4', 'solver', '45010', '45010', '解决人', null, null, null, null, '2015-07-16 17:50:54.130', null, '2015-07-16 17:52:08.970', '74840', 'completed', '50', null, null, null, '');
INSERT INTO `ACT_HI_TASKINST` VALUES ('45033', 'problemProcess:1:4', 'quizzer', '45010', '45010', '施工组负责人', null, '施工组负责人', null, '178', '2015-07-16 17:52:09.081', null, '2015-07-16 17:57:46.646', '337565', 'completed', '50', null, null, null, '');
INSERT INTO `ACT_HI_TASKINST` VALUES ('45042', 'problemProcess:1:4', 'quizzer', '45001', '45001', '施工组负责人', null, '施工组负责人', null, '178', '2015-07-16 20:18:29.754', null, '2015-07-16 20:18:59.273', '29519', 'completed', '50', null, null, null, '');
INSERT INTO `ACT_HI_TASKINST` VALUES ('47507', 'problemProcess:1:4', 'solver', '47501', '47501', '解决人', null, null, null, null, '2015-07-16 22:19:21.337', null, '2015-07-16 22:35:48.085', '986748', 'completed', '50', null, null, null, '');
INSERT INTO `ACT_HI_TASKINST` VALUES ('47516', 'problemProcess:1:4', 'solver', '47510', '47510', '解决人', null, null, null, null, '2015-07-16 22:20:47.982', null, '2015-07-16 22:23:52.528', '184546', 'completed', '50', null, null, null, '');
INSERT INTO `ACT_HI_TASKINST` VALUES ('47522', 'problemProcess:1:4', 'solver', '47510', '47510', '解决人', null, null, null, null, '2015-07-16 22:23:52.553', null, '2015-07-16 22:33:47.521', '594968', 'completed', '50', null, null, null, '');
INSERT INTO `ACT_HI_TASKINST` VALUES ('47528', 'problemProcess:1:4', 'quizzer', '47510', '47510', '施工组负责人', null, '施工组负责人', null, '178', '2015-07-16 22:33:47.554', null, '2015-07-16 22:36:40.075', '172521', 'completed', '50', null, null, null, '');
INSERT INTO `ACT_HI_TASKINST` VALUES ('47534', 'problemProcess:1:4', 'quizzer', '47501', '47501', '施工组负责人', null, '施工组负责人', null, '178', '2015-07-16 22:35:48.123', null, '2015-07-16 22:36:45.419', '57296', 'completed', '50', null, null, null, '');
INSERT INTO `ACT_HI_TASKINST` VALUES ('50007', 'problemProcess:1:4', 'solver', '50001', '50001', '解决人', null, null, null, null, '2015-07-16 23:02:48.933', null, '2015-07-16 23:03:53.851', '64918', 'completed', '50', null, null, null, '');
INSERT INTO `ACT_HI_TASKINST` VALUES ('50013', 'problemProcess:1:4', 'solver', '50001', '50001', '解决人', null, null, null, null, '2015-07-16 23:03:53.877', null, '2015-07-16 23:04:41.280', '47403', 'completed', '50', null, null, null, '');
INSERT INTO `ACT_HI_TASKINST` VALUES ('50019', 'problemProcess:1:4', 'quizzer', '50001', '50001', '施工组负责人', null, '施工组负责人', null, '178', '2015-07-16 23:04:41.314', null, null, null, null, '50', null, null, null, '');
INSERT INTO `ACT_HI_TASKINST` VALUES ('50027', 'problemProcess:1:4', 'solver', '50021', '50021', '解决人', null, null, null, null, '2015-07-16 23:12:17.482', null, '2015-07-16 23:13:48.322', '90840', 'completed', '50', null, null, null, '');
INSERT INTO `ACT_HI_TASKINST` VALUES ('50033', 'problemProcess:1:4', 'solver', '50021', '50021', '解决人', null, null, null, null, '2015-07-16 23:13:48.359', null, null, null, null, '50', null, null, null, '');
INSERT INTO `ACT_HI_TASKINST` VALUES ('5007', 'problemProcess:1:4', 'solver', '5001', '5001', '解决人', null, null, null, null, '2015-07-10 09:45:24.854', null, '2015-07-10 10:36:09.911', '3045057', 'completed', '50', null, null, null, '');
INSERT INTO `ACT_HI_TASKINST` VALUES ('52507', 'problemProcess:1:4', 'solver', '52501', '52501', '解决人', null, null, null, null, '2015-07-17 21:35:09.484', null, null, null, null, '50', null, null, null, '');
INSERT INTO `ACT_HI_TASKINST` VALUES ('52516', 'problemProcess:1:4', 'solver', '52510', '52510', '解决人', null, null, null, null, '2015-07-17 21:36:32.794', null, null, null, null, '50', null, null, null, '');
INSERT INTO `ACT_HI_TASKINST` VALUES ('7505', 'problemProcess:1:4', 'quizzer', '5001', '5001', '施工组负责人', null, '施工组负责人', null, '178', '2015-07-10 10:36:09.931', null, null, null, null, '50', null, null, null, '');

-- ----------------------------
-- Table structure for ACT_HI_VARINST
-- ----------------------------
DROP TABLE IF EXISTS `ACT_HI_VARINST`;
CREATE TABLE `ACT_HI_VARINST` (
  `ID_` varchar(64) COLLATE utf8_bin NOT NULL,
  `PROC_INST_ID_` varchar(64) COLLATE utf8_bin DEFAULT NULL,
  `EXECUTION_ID_` varchar(64) COLLATE utf8_bin DEFAULT NULL,
  `TASK_ID_` varchar(64) COLLATE utf8_bin DEFAULT NULL,
  `NAME_` varchar(255) COLLATE utf8_bin NOT NULL,
  `VAR_TYPE_` varchar(100) COLLATE utf8_bin DEFAULT NULL,
  `REV_` int(11) DEFAULT NULL,
  `BYTEARRAY_ID_` varchar(64) COLLATE utf8_bin DEFAULT NULL,
  `DOUBLE_` double DEFAULT NULL,
  `LONG_` bigint(20) DEFAULT NULL,
  `TEXT_` varchar(4000) COLLATE utf8_bin DEFAULT NULL,
  `TEXT2_` varchar(4000) COLLATE utf8_bin DEFAULT NULL,
  `CREATE_TIME_` datetime(3) DEFAULT NULL,
  `LAST_UPDATED_TIME_` datetime(3) DEFAULT NULL,
  PRIMARY KEY (`ID_`),
  KEY `ACT_IDX_HI_PROCVAR_PROC_INST` (`PROC_INST_ID_`),
  KEY `ACT_IDX_HI_PROCVAR_NAME_TYPE` (`NAME_`,`VAR_TYPE_`)
) ENGINE=InnoDB DEFAULT CHARSET=utf8 COLLATE=utf8_bin;

-- ----------------------------
-- Records of ACT_HI_VARINST
-- ----------------------------
INSERT INTO `ACT_HI_VARINST` VALUES ('10004', '10001', '10001', null, 'solver', 'serializable', '1', '10005', null, null, null, null, '2015-07-10 11:00:31.576', '2015-07-10 12:31:17.854');
INSERT INTO `ACT_HI_VARINST` VALUES ('10010', '10001', '10001', null, 'solved', 'boolean', '1', null, null, '1', null, null, '2015-07-10 11:01:00.506', '2015-07-10 12:31:17.857');
INSERT INTO `ACT_HI_VARINST` VALUES ('10011', '10001', '10001', null, 'worker', 'string', '1', null, null, null, '178', null, '2015-07-10 11:01:00.506', '2015-07-10 12:31:17.861');
INSERT INTO `ACT_HI_VARINST` VALUES ('12504', '12501', '12501', null, 'solver', 'serializable', '1', '12505', null, null, null, null, '2015-07-10 11:38:35.735', '2015-07-10 12:31:12.734');
INSERT INTO `ACT_HI_VARINST` VALUES ('12510', '12501', '12501', null, 'solved', 'boolean', '1', null, null, '1', null, null, '2015-07-10 11:39:25.428', '2015-07-10 12:31:12.738');
INSERT INTO `ACT_HI_VARINST` VALUES ('12511', '12501', '12501', null, 'worker', 'string', '1', null, null, null, '178', null, '2015-07-10 11:39:25.429', '2015-07-10 12:31:12.741');
INSERT INTO `ACT_HI_VARINST` VALUES ('15004', '15001', '15001', null, 'solver', 'serializable', '1', '15005', null, null, null, null, '2015-07-10 12:15:11.086', '2015-07-10 12:31:06.757');
INSERT INTO `ACT_HI_VARINST` VALUES ('15010', '15001', '15001', null, 'solved', 'boolean', '1', null, null, '1', null, null, '2015-07-10 12:16:03.313', '2015-07-10 12:31:06.761');
INSERT INTO `ACT_HI_VARINST` VALUES ('15011', '15001', '15001', null, 'worker', 'string', '1', null, null, null, '178', null, '2015-07-10 12:16:03.313', '2015-07-10 12:31:06.764');
INSERT INTO `ACT_HI_VARINST` VALUES ('17501', '15001', '15001', null, 'works', 'boolean', '0', null, null, '1', null, null, '2015-07-10 12:31:06.539', '2015-07-10 12:31:06.764');
INSERT INTO `ACT_HI_VARINST` VALUES ('17504', '12501', '12501', null, 'works', 'boolean', '0', null, null, '1', null, null, '2015-07-10 12:31:12.696', '2015-07-10 12:31:12.741');
INSERT INTO `ACT_HI_VARINST` VALUES ('17507', '10001', '10001', null, 'works', 'boolean', '0', null, null, '1', null, null, '2015-07-10 12:31:17.818', '2015-07-10 12:31:17.861');
INSERT INTO `ACT_HI_VARINST` VALUES ('17513', '17510', '17510', null, 'solver', 'serializable', '1', '17514', null, null, null, null, '2015-07-10 12:32:39.193', '2015-07-10 12:33:51.924');
INSERT INTO `ACT_HI_VARINST` VALUES ('17519', '17510', '17510', null, 'solved', 'boolean', '1', null, null, '1', null, null, '2015-07-10 12:33:33.050', '2015-07-10 12:33:51.927');
INSERT INTO `ACT_HI_VARINST` VALUES ('17520', '17510', '17510', null, 'worker', 'string', '1', null, null, null, '178', null, '2015-07-10 12:33:33.050', '2015-07-10 12:33:51.930');
INSERT INTO `ACT_HI_VARINST` VALUES ('17525', '17510', '17510', null, 'works', 'boolean', '0', null, null, '1', null, null, '2015-07-10 12:33:51.889', '2015-07-10 12:33:51.930');
INSERT INTO `ACT_HI_VARINST` VALUES ('17531', '17528', '17528', null, 'solver', 'serializable', '1', '17532', null, null, null, null, '2015-07-10 12:34:48.661', '2015-07-10 12:38:25.608');
INSERT INTO `ACT_HI_VARINST` VALUES ('20001', '17528', '17528', null, 'solved', 'boolean', '1', null, null, '1', null, null, '2015-07-10 12:37:53.320', '2015-07-10 12:38:25.611');
INSERT INTO `ACT_HI_VARINST` VALUES ('20002', '17528', '17528', null, 'worker', 'string', '1', null, null, null, '178', null, '2015-07-10 12:37:53.320', '2015-07-10 12:38:25.614');
INSERT INTO `ACT_HI_VARINST` VALUES ('20007', '17528', '17528', null, 'works', 'boolean', '0', null, null, '1', null, null, '2015-07-10 12:38:25.555', '2015-07-10 12:38:25.614');
INSERT INTO `ACT_HI_VARINST` VALUES ('22504', '22501', '22501', null, 'solver', 'serializable', '1', '22505', null, null, null, null, '2015-07-10 12:39:58.210', '2015-07-10 12:48:41.929');
INSERT INTO `ACT_HI_VARINST` VALUES ('22510', '22501', '22501', null, 'solved', 'boolean', '1', null, null, '1', null, null, '2015-07-10 12:40:23.971', '2015-07-10 12:48:41.934');
INSERT INTO `ACT_HI_VARINST` VALUES ('22511', '22501', '22501', null, 'worker', 'string', '1', null, null, null, '178', null, '2015-07-10 12:40:23.971', '2015-07-10 12:48:41.938');
INSERT INTO `ACT_HI_VARINST` VALUES ('25004', '25001', '25001', null, 'solver', 'serializable', '1', '25005', null, null, null, null, '2015-07-10 12:48:16.761', '2015-07-10 12:48:47.163');
INSERT INTO `ACT_HI_VARINST` VALUES ('25010', '25001', '25001', null, 'solved', 'boolean', '1', null, null, '1', null, null, '2015-07-10 12:48:31.598', '2015-07-10 12:48:47.166');
INSERT INTO `ACT_HI_VARINST` VALUES ('25011', '25001', '25001', null, 'worker', 'string', '1', null, null, null, '178', null, '2015-07-10 12:48:31.598', '2015-07-10 12:48:47.170');
INSERT INTO `ACT_HI_VARINST` VALUES ('25016', '22501', '22501', null, 'works', 'boolean', '0', null, null, '1', null, null, '2015-07-10 12:48:41.892', '2015-07-10 12:48:41.938');
INSERT INTO `ACT_HI_VARINST` VALUES ('25019', '25001', '25001', null, 'works', 'boolean', '0', null, null, '1', null, null, '2015-07-10 12:48:47.128', '2015-07-10 12:48:47.170');
INSERT INTO `ACT_HI_VARINST` VALUES ('25025', '25022', '25022', null, 'solver', 'serializable', '1', '25026', null, null, null, null, '2015-07-10 12:49:14.853', '2015-07-10 12:52:34.503');
INSERT INTO `ACT_HI_VARINST` VALUES ('2504', '2501', '2501', null, 'solver', 'serializable', '0', '2505', null, null, null, null, '2015-07-10 00:11:13.694', '2015-07-10 00:11:13.694');
INSERT INTO `ACT_HI_VARINST` VALUES ('2510', '2501', '2501', null, 'solved', 'boolean', '0', null, null, '1', null, null, '2015-07-10 09:35:12.223', '2015-07-10 09:35:12.223');
INSERT INTO `ACT_HI_VARINST` VALUES ('2511', '2501', '2501', null, 'worker', 'string', '0', null, null, null, '178', null, '2015-07-10 09:35:12.223', '2015-07-10 09:35:12.223');
INSERT INTO `ACT_HI_VARINST` VALUES ('27504', '27501', '27501', null, 'solver', 'serializable', '1', '27505', null, null, null, null, '2015-07-10 12:51:11.463', '2015-07-10 12:52:28.181');
INSERT INTO `ACT_HI_VARINST` VALUES ('27513', '27510', '27510', null, 'solver', 'serializable', '1', '27514', null, null, null, null, '2015-07-10 12:51:12.344', '2015-07-10 12:52:19.586');
INSERT INTO `ACT_HI_VARINST` VALUES ('27519', '25022', '25022', null, 'solved', 'boolean', '1', null, null, '1', null, null, '2015-07-10 12:51:43.166', '2015-07-10 12:52:34.507');
INSERT INTO `ACT_HI_VARINST` VALUES ('27520', '25022', '25022', null, 'worker', 'string', '1', null, null, null, '178', null, '2015-07-10 12:51:43.166', '2015-07-10 12:52:34.512');
INSERT INTO `ACT_HI_VARINST` VALUES ('27525', '27501', '27501', null, 'solved', 'boolean', '1', null, null, '1', null, null, '2015-07-10 12:51:50.903', '2015-07-10 12:52:28.184');
INSERT INTO `ACT_HI_VARINST` VALUES ('27526', '27501', '27501', null, 'worker', 'string', '1', null, null, null, '178', null, '2015-07-10 12:51:50.903', '2015-07-10 12:52:28.188');
INSERT INTO `ACT_HI_VARINST` VALUES ('27531', '27510', '27510', null, 'solved', 'boolean', '1', null, null, '1', null, null, '2015-07-10 12:51:55.286', '2015-07-10 12:52:19.589');
INSERT INTO `ACT_HI_VARINST` VALUES ('27532', '27510', '27510', null, 'worker', 'string', '1', null, null, null, '178', null, '2015-07-10 12:51:55.286', '2015-07-10 12:52:19.592');
INSERT INTO `ACT_HI_VARINST` VALUES ('27537', '27510', '27510', null, 'works', 'boolean', '0', null, null, '1', null, null, '2015-07-10 12:52:19.538', '2015-07-10 12:52:19.592');
INSERT INTO `ACT_HI_VARINST` VALUES ('27540', '27501', '27501', null, 'works', 'boolean', '0', null, null, '1', null, null, '2015-07-10 12:52:28.141', '2015-07-10 12:52:28.188');
INSERT INTO `ACT_HI_VARINST` VALUES ('27543', '25022', '25022', null, 'works', 'boolean', '0', null, null, '1', null, null, '2015-07-10 12:52:34.455', '2015-07-10 12:52:34.512');
INSERT INTO `ACT_HI_VARINST` VALUES ('27549', '27546', '27546', null, 'solver', 'serializable', '1', '27550', null, null, null, null, '2015-07-10 12:52:48.057', '2015-07-10 12:53:40.683');
INSERT INTO `ACT_HI_VARINST` VALUES ('27555', '27546', '27546', null, 'solved', 'boolean', '2', null, null, '1', null, null, '2015-07-10 12:53:17.405', '2015-07-10 12:53:40.686');
INSERT INTO `ACT_HI_VARINST` VALUES ('27556', '27546', '27546', null, 'worker', 'string', '2', null, null, null, '178', null, '2015-07-10 12:53:17.405', '2015-07-10 12:53:40.689');
INSERT INTO `ACT_HI_VARINST` VALUES ('27560', '27546', '27546', null, 'works', 'boolean', '1', null, null, '1', null, null, '2015-07-10 12:53:24.968', '2015-07-10 12:53:40.689');
INSERT INTO `ACT_HI_VARINST` VALUES ('30004', '30001', '30001', null, 'solver', 'serializable', '1', '30005', null, null, null, null, '2015-07-10 13:38:04.406', '2015-07-10 13:39:35.640');
INSERT INTO `ACT_HI_VARINST` VALUES ('30010', '30001', '30001', null, 'solved', 'boolean', '1', null, null, '1', null, null, '2015-07-10 13:38:56.761', '2015-07-10 13:39:35.644');
INSERT INTO `ACT_HI_VARINST` VALUES ('30011', '30001', '30001', null, 'worker', 'string', '1', null, null, null, '178', null, '2015-07-10 13:38:56.762', '2015-07-10 13:39:35.647');
INSERT INTO `ACT_HI_VARINST` VALUES ('30016', '30001', '30001', null, 'works', 'boolean', '0', null, null, '1', null, null, '2015-07-10 13:39:35.599', '2015-07-10 13:39:35.647');
INSERT INTO `ACT_HI_VARINST` VALUES ('30022', '30019', '30019', null, 'solver', 'serializable', '1', '30023', null, null, null, null, '2015-07-10 13:49:29.702', '2015-07-10 13:50:52.535');
INSERT INTO `ACT_HI_VARINST` VALUES ('30028', '30019', '30019', null, 'solved', 'boolean', '1', null, null, '1', null, null, '2015-07-10 13:50:25.632', '2015-07-10 13:50:52.546');
INSERT INTO `ACT_HI_VARINST` VALUES ('30029', '30019', '30019', null, 'worker', 'string', '1', null, null, null, '178', null, '2015-07-10 13:50:25.632', '2015-07-10 13:50:52.564');
INSERT INTO `ACT_HI_VARINST` VALUES ('30034', '30019', '30019', null, 'works', 'boolean', '0', null, null, '1', null, null, '2015-07-10 13:50:52.365', '2015-07-10 13:50:52.564');
INSERT INTO `ACT_HI_VARINST` VALUES ('32504', '32501', '32501', null, 'solver', 'serializable', '1', '32505', null, null, null, null, '2015-07-10 20:31:02.303', '2015-07-10 22:32:30.971');
INSERT INTO `ACT_HI_VARINST` VALUES ('32510', '32501', '32501', null, 'solved', 'boolean', '1', null, null, '1', null, null, '2015-07-10 22:31:56.200', '2015-07-10 22:32:30.989');
INSERT INTO `ACT_HI_VARINST` VALUES ('32511', '32501', '32501', null, 'worker', 'string', '1', null, null, null, '178', null, '2015-07-10 22:31:56.200', '2015-07-10 22:32:30.997');
INSERT INTO `ACT_HI_VARINST` VALUES ('32516', '32501', '32501', null, 'works', 'boolean', '0', null, null, '1', null, null, '2015-07-10 22:32:30.805', '2015-07-10 22:32:30.997');
INSERT INTO `ACT_HI_VARINST` VALUES ('35004', '35001', '35001', null, 'solver', 'serializable', '1', '35005', null, null, null, null, '2015-07-13 10:31:46.683', '2015-07-13 10:35:10.369');
INSERT INTO `ACT_HI_VARINST` VALUES ('35010', '35001', '35001', null, 'solved', 'boolean', '0', null, null, '0', null, null, '2015-07-13 10:35:10.325', '2015-07-13 10:35:10.325');
INSERT INTO `ACT_HI_VARINST` VALUES ('35019', '35016', '35016', null, 'solver', 'serializable', '0', '35020', null, null, null, null, '2015-07-13 10:52:14.319', '2015-07-13 10:52:14.319');
INSERT INTO `ACT_HI_VARINST` VALUES ('35028', '35025', '35025', null, 'solver', 'serializable', '2', '35029', null, null, null, null, '2015-07-13 14:44:37.847', '2015-07-13 14:54:13.767');
INSERT INTO `ACT_HI_VARINST` VALUES ('35037', '35034', '35034', null, 'solver', 'serializable', '0', '35038', null, null, null, null, '2015-07-13 14:45:23.608', '2015-07-13 14:45:23.608');
INSERT INTO `ACT_HI_VARINST` VALUES ('35043', '35025', '35025', null, 'solved', 'boolean', '2', null, null, '1', null, null, '2015-07-13 14:49:13.705', '2015-07-13 14:54:13.783');
INSERT INTO `ACT_HI_VARINST` VALUES ('35049', '35025', '35025', null, 'worker', 'string', '1', null, null, null, '178', null, '2015-07-13 14:52:09.423', '2015-07-13 14:54:13.801');
INSERT INTO `ACT_HI_VARINST` VALUES ('35054', '35025', '35025', null, 'works', 'boolean', '0', null, null, '1', null, null, '2015-07-13 14:54:13.601', '2015-07-13 14:54:13.801');
INSERT INTO `ACT_HI_VARINST` VALUES ('37504', '37501', '37501', null, 'solver', 'serializable', '0', '37505', null, null, null, null, '2015-07-14 14:29:19.143', '2015-07-14 14:29:19.143');
INSERT INTO `ACT_HI_VARINST` VALUES ('37513', '37510', '37510', null, 'solver', 'serializable', '0', '37514', null, null, null, null, '2015-07-14 14:49:18.238', '2015-07-14 14:49:18.238');
INSERT INTO `ACT_HI_VARINST` VALUES ('37522', '37519', '37519', null, 'solver', 'serializable', '0', '37523', null, null, null, null, '2015-07-14 14:50:06.168', '2015-07-14 14:50:06.168');
INSERT INTO `ACT_HI_VARINST` VALUES ('37531', '37528', '37528', null, 'solver', 'serializable', '1', '37532', null, null, null, null, '2015-07-14 15:16:09.894', '2015-07-14 23:52:45.288');
INSERT INTO `ACT_HI_VARINST` VALUES ('37540', '37537', '37537', null, 'solver', 'serializable', '1', '37541', null, null, null, null, '2015-07-14 15:16:31.820', '2015-07-14 16:12:35.915');
INSERT INTO `ACT_HI_VARINST` VALUES ('37546', '37537', '37537', null, 'solved', 'boolean', '1', null, null, '1', null, null, '2015-07-14 15:39:47.148', '2015-07-14 16:12:35.933');
INSERT INTO `ACT_HI_VARINST` VALUES ('37547', '37537', '37537', null, 'worker', 'string', '1', null, null, null, '178', null, '2015-07-14 15:39:47.148', '2015-07-14 16:12:35.941');
INSERT INTO `ACT_HI_VARINST` VALUES ('37552', '40001', '40001', null, 'solved', 'boolean', '0', null, null, '0', null, null, '2015-07-14 16:02:39.753', '2015-07-14 16:02:39.753');
INSERT INTO `ACT_HI_VARINST` VALUES ('37558', '37528', '37528', null, 'solved', 'boolean', '1', null, null, '1', null, null, '2015-07-14 16:06:16.663', '2015-07-14 23:52:45.304');
INSERT INTO `ACT_HI_VARINST` VALUES ('37559', '37528', '37528', null, 'worker', 'string', '1', null, null, null, '178', null, '2015-07-14 16:06:16.663', '2015-07-14 23:52:45.315');
INSERT INTO `ACT_HI_VARINST` VALUES ('37564', '37537', '37537', null, 'works', 'boolean', '0', null, null, '1', null, null, '2015-07-14 16:12:35.758', '2015-07-14 16:12:35.941');
INSERT INTO `ACT_HI_VARINST` VALUES ('37570', '37567', '37567', null, 'solver', 'serializable', '0', '37571', null, null, null, null, '2015-07-14 20:44:38.026', '2015-07-14 20:44:38.026');
INSERT INTO `ACT_HI_VARINST` VALUES ('40004', '40001', '40001', null, 'solver', 'serializable', '1', '40005', null, null, null, null, '2015-07-14 15:46:18.251', '2015-07-14 16:02:39.795');
INSERT INTO `ACT_HI_VARINST` VALUES ('42501', '37528', '37528', null, 'works', 'boolean', '0', null, null, '1', null, null, '2015-07-14 23:52:44.964', '2015-07-14 23:52:45.315');
INSERT INTO `ACT_HI_VARINST` VALUES ('45004', '45001', '45001', null, 'solver', 'serializable', '1', '45005', null, null, null, null, '2015-07-16 17:41:08.809', '2015-07-16 20:18:59.350');
INSERT INTO `ACT_HI_VARINST` VALUES ('45013', '45010', '45010', null, 'solver', 'serializable', '3', '45014', null, null, null, null, '2015-07-16 17:41:09.722', '2015-07-16 17:57:46.774');
INSERT INTO `ACT_HI_VARINST` VALUES ('45019', '45010', '45010', null, 'solved', 'boolean', '3', null, null, '1', null, null, '2015-07-16 17:47:47.688', '2015-07-16 17:57:46.782');
INSERT INTO `ACT_HI_VARINST` VALUES ('45030', '45010', '45010', null, 'worker', 'string', '1', null, null, null, '178', null, '2015-07-16 17:52:08.901', '2015-07-16 17:57:46.800');
INSERT INTO `ACT_HI_VARINST` VALUES ('45035', '45010', '45010', null, 'works', 'boolean', '0', null, null, '1', null, null, '2015-07-16 17:57:46.573', '2015-07-16 17:57:46.800');
INSERT INTO `ACT_HI_VARINST` VALUES ('45038', '45001', '45001', null, 'solved', 'boolean', '1', null, null, '1', null, null, '2015-07-16 20:18:29.656', '2015-07-16 20:18:59.369');
INSERT INTO `ACT_HI_VARINST` VALUES ('45039', '45001', '45001', null, 'worker', 'string', '1', null, null, null, '178', null, '2015-07-16 20:18:29.656', '2015-07-16 20:18:59.377');
INSERT INTO `ACT_HI_VARINST` VALUES ('45044', '45001', '45001', null, 'works', 'boolean', '0', null, null, '1', null, null, '2015-07-16 20:18:59.206', '2015-07-16 20:18:59.377');
INSERT INTO `ACT_HI_VARINST` VALUES ('47504', '47501', '47501', null, 'solver', 'serializable', '1', '47505', null, null, null, null, '2015-07-16 22:19:21.329', '2015-07-16 22:36:45.516');
INSERT INTO `ACT_HI_VARINST` VALUES ('47513', '47510', '47510', null, 'solver', 'serializable', '2', '47514', null, null, null, null, '2015-07-16 22:20:47.980', '2015-07-16 22:36:40.153');
INSERT INTO `ACT_HI_VARINST` VALUES ('47519', '47510', '47510', null, 'solved', 'boolean', '2', null, null, '1', null, null, '2015-07-16 22:23:52.405', '2015-07-16 22:36:40.170');
INSERT INTO `ACT_HI_VARINST` VALUES ('47525', '47510', '47510', null, 'worker', 'string', '1', null, null, null, '178', null, '2015-07-16 22:33:47.421', '2015-07-16 22:36:40.181');
INSERT INTO `ACT_HI_VARINST` VALUES ('47530', '47501', '47501', null, 'solved', 'boolean', '1', null, null, '1', null, null, '2015-07-16 22:35:48.015', '2015-07-16 22:36:45.545');
INSERT INTO `ACT_HI_VARINST` VALUES ('47531', '47501', '47501', null, 'worker', 'string', '1', null, null, null, '178', null, '2015-07-16 22:35:48.015', '2015-07-16 22:36:45.560');
INSERT INTO `ACT_HI_VARINST` VALUES ('47536', '47510', '47510', null, 'works', 'boolean', '0', null, null, '1', null, null, '2015-07-16 22:36:40.003', '2015-07-16 22:36:40.181');
INSERT INTO `ACT_HI_VARINST` VALUES ('47539', '47501', '47501', null, 'works', 'boolean', '0', null, null, '1', null, null, '2015-07-16 22:36:45.351', '2015-07-16 22:36:45.560');
INSERT INTO `ACT_HI_VARINST` VALUES ('50004', '50001', '50001', null, 'solver', 'serializable', '1', '50005', null, null, null, null, '2015-07-16 23:02:48.926', '2015-07-16 23:03:53.768');
INSERT INTO `ACT_HI_VARINST` VALUES ('50010', '50001', '50001', null, 'solved', 'boolean', '1', null, null, '1', null, null, '2015-07-16 23:03:53.732', '2015-07-16 23:04:41.201');
INSERT INTO `ACT_HI_VARINST` VALUES ('50016', '50001', '50001', null, 'worker', 'string', '0', null, null, null, '178', null, '2015-07-16 23:04:41.202', '2015-07-16 23:04:41.202');
INSERT INTO `ACT_HI_VARINST` VALUES ('50024', '50021', '50021', null, 'solver', 'serializable', '1', '50025', null, null, null, null, '2015-07-16 23:12:17.481', '2015-07-16 23:13:48.247');
INSERT INTO `ACT_HI_VARINST` VALUES ('50030', '50021', '50021', null, 'solved', 'boolean', '0', null, null, '0', null, null, '2015-07-16 23:13:48.206', '2015-07-16 23:13:48.206');
INSERT INTO `ACT_HI_VARINST` VALUES ('5004', '5001', '5001', null, 'solver', 'serializable', '0', '5005', null, null, null, null, '2015-07-10 09:45:24.844', '2015-07-10 09:45:24.844');
INSERT INTO `ACT_HI_VARINST` VALUES ('52504', '52501', '52501', null, 'solver', 'serializable', '0', '52505', null, null, null, null, '2015-07-17 21:35:09.462', '2015-07-17 21:35:09.462');
INSERT INTO `ACT_HI_VARINST` VALUES ('52513', '52510', '52510', null, 'solver', 'serializable', '0', '52514', null, null, null, null, '2015-07-17 21:36:32.794', '2015-07-17 21:36:32.794');
INSERT INTO `ACT_HI_VARINST` VALUES ('7501', '5001', '5001', null, 'solved', 'boolean', '0', null, null, '1', null, null, '2015-07-10 10:36:09.759', '2015-07-10 10:36:09.759');
INSERT INTO `ACT_HI_VARINST` VALUES ('7502', '5001', '5001', null, 'worker', 'string', '0', null, null, null, '178', null, '2015-07-10 10:36:09.760', '2015-07-10 10:36:09.760');

-- ----------------------------
-- Table structure for ACT_ID_GROUP
-- ----------------------------
DROP TABLE IF EXISTS `ACT_ID_GROUP`;
CREATE TABLE `ACT_ID_GROUP` (
  `ID_` varchar(64) COLLATE utf8_bin NOT NULL DEFAULT '',
  `REV_` int(11) DEFAULT NULL,
  `NAME_` varchar(255) COLLATE utf8_bin DEFAULT NULL,
  `TYPE_` varchar(255) COLLATE utf8_bin DEFAULT NULL,
  PRIMARY KEY (`ID_`)
) ENGINE=InnoDB DEFAULT CHARSET=utf8 COLLATE=utf8_bin;

-- ----------------------------
-- Records of ACT_ID_GROUP
-- ----------------------------

-- ----------------------------
-- Table structure for ACT_ID_INFO
-- ----------------------------
DROP TABLE IF EXISTS `ACT_ID_INFO`;
CREATE TABLE `ACT_ID_INFO` (
  `ID_` varchar(64) COLLATE utf8_bin NOT NULL DEFAULT '',
  `REV_` int(11) DEFAULT NULL,
  `USER_ID_` varchar(64) COLLATE utf8_bin DEFAULT NULL,
  `TYPE_` varchar(64) COLLATE utf8_bin DEFAULT NULL,
  `KEY_` varchar(255) COLLATE utf8_bin DEFAULT NULL,
  `VALUE_` varchar(255) COLLATE utf8_bin DEFAULT NULL,
  `PASSWORD_` longblob,
  `PARENT_ID_` varchar(255) COLLATE utf8_bin DEFAULT NULL,
  PRIMARY KEY (`ID_`)
) ENGINE=InnoDB DEFAULT CHARSET=utf8 COLLATE=utf8_bin;

-- ----------------------------
-- Records of ACT_ID_INFO
-- ----------------------------

-- ----------------------------
-- Table structure for ACT_ID_MEMBERSHIP
-- ----------------------------
DROP TABLE IF EXISTS `ACT_ID_MEMBERSHIP`;
CREATE TABLE `ACT_ID_MEMBERSHIP` (
  `USER_ID_` varchar(64) COLLATE utf8_bin NOT NULL DEFAULT '',
  `GROUP_ID_` varchar(64) COLLATE utf8_bin NOT NULL DEFAULT '',
  PRIMARY KEY (`USER_ID_`,`GROUP_ID_`),
  KEY `ACT_FK_MEMB_GROUP` (`GROUP_ID_`),
  CONSTRAINT `ACT_FK_MEMB_GROUP` FOREIGN KEY (`GROUP_ID_`) REFERENCES `ACT_ID_GROUP` (`ID_`),
  CONSTRAINT `ACT_FK_MEMB_USER` FOREIGN KEY (`USER_ID_`) REFERENCES `ACT_ID_USER` (`ID_`)
) ENGINE=InnoDB DEFAULT CHARSET=utf8 COLLATE=utf8_bin;

-- ----------------------------
-- Records of ACT_ID_MEMBERSHIP
-- ----------------------------

-- ----------------------------
-- Table structure for ACT_ID_USER
-- ----------------------------
DROP TABLE IF EXISTS `ACT_ID_USER`;
CREATE TABLE `ACT_ID_USER` (
  `ID_` varchar(64) COLLATE utf8_bin NOT NULL DEFAULT '',
  `REV_` int(11) DEFAULT NULL,
  `FIRST_` varchar(255) COLLATE utf8_bin DEFAULT NULL,
  `LAST_` varchar(255) COLLATE utf8_bin DEFAULT NULL,
  `EMAIL_` varchar(255) COLLATE utf8_bin DEFAULT NULL,
  `PWD_` varchar(255) COLLATE utf8_bin DEFAULT NULL,
  `PICTURE_ID_` varchar(64) COLLATE utf8_bin DEFAULT NULL,
  PRIMARY KEY (`ID_`)
) ENGINE=InnoDB DEFAULT CHARSET=utf8 COLLATE=utf8_bin;

-- ----------------------------
-- Records of ACT_ID_USER
-- ----------------------------

-- ----------------------------
-- Table structure for ACT_RE_DEPLOYMENT
-- ----------------------------
DROP TABLE IF EXISTS `ACT_RE_DEPLOYMENT`;
CREATE TABLE `ACT_RE_DEPLOYMENT` (
  `ID_` varchar(64) COLLATE utf8_bin NOT NULL DEFAULT '',
  `NAME_` varchar(255) COLLATE utf8_bin DEFAULT NULL,
  `CATEGORY_` varchar(255) COLLATE utf8_bin DEFAULT NULL,
  `TENANT_ID_` varchar(255) COLLATE utf8_bin DEFAULT '',
  `DEPLOY_TIME_` timestamp(3) NULL DEFAULT NULL,
  PRIMARY KEY (`ID_`)
) ENGINE=InnoDB DEFAULT CHARSET=utf8 COLLATE=utf8_bin;

-- ----------------------------
-- Records of ACT_RE_DEPLOYMENT
-- ----------------------------
INSERT INTO `ACT_RE_DEPLOYMENT` VALUES ('1', 'problemProcess', null, '', '2015-07-09 22:07:08.690');

-- ----------------------------
-- Table structure for ACT_RE_MODEL
-- ----------------------------
DROP TABLE IF EXISTS `ACT_RE_MODEL`;
CREATE TABLE `ACT_RE_MODEL` (
  `ID_` varchar(64) COLLATE utf8_bin NOT NULL,
  `REV_` int(11) DEFAULT NULL,
  `NAME_` varchar(255) COLLATE utf8_bin DEFAULT NULL,
  `KEY_` varchar(255) COLLATE utf8_bin DEFAULT NULL,
  `CATEGORY_` varchar(255) COLLATE utf8_bin DEFAULT NULL,
  `CREATE_TIME_` timestamp(3) NULL DEFAULT NULL,
  `LAST_UPDATE_TIME_` timestamp(3) NULL DEFAULT NULL,
  `VERSION_` int(11) DEFAULT NULL,
  `META_INFO_` varchar(4000) COLLATE utf8_bin DEFAULT NULL,
  `DEPLOYMENT_ID_` varchar(64) COLLATE utf8_bin DEFAULT NULL,
  `EDITOR_SOURCE_VALUE_ID_` varchar(64) COLLATE utf8_bin DEFAULT NULL,
  `EDITOR_SOURCE_EXTRA_VALUE_ID_` varchar(64) COLLATE utf8_bin DEFAULT NULL,
  `TENANT_ID_` varchar(255) COLLATE utf8_bin DEFAULT '',
  PRIMARY KEY (`ID_`),
  KEY `ACT_FK_MODEL_SOURCE` (`EDITOR_SOURCE_VALUE_ID_`),
  KEY `ACT_FK_MODEL_SOURCE_EXTRA` (`EDITOR_SOURCE_EXTRA_VALUE_ID_`),
  KEY `ACT_FK_MODEL_DEPLOYMENT` (`DEPLOYMENT_ID_`),
  CONSTRAINT `ACT_FK_MODEL_DEPLOYMENT` FOREIGN KEY (`DEPLOYMENT_ID_`) REFERENCES `ACT_RE_DEPLOYMENT` (`ID_`),
  CONSTRAINT `ACT_FK_MODEL_SOURCE` FOREIGN KEY (`EDITOR_SOURCE_VALUE_ID_`) REFERENCES `ACT_GE_BYTEARRAY` (`ID_`),
  CONSTRAINT `ACT_FK_MODEL_SOURCE_EXTRA` FOREIGN KEY (`EDITOR_SOURCE_EXTRA_VALUE_ID_`) REFERENCES `ACT_GE_BYTEARRAY` (`ID_`)
) ENGINE=InnoDB DEFAULT CHARSET=utf8 COLLATE=utf8_bin;

-- ----------------------------
-- Records of ACT_RE_MODEL
-- ----------------------------

-- ----------------------------
-- Table structure for ACT_RE_PROCDEF
-- ----------------------------
DROP TABLE IF EXISTS `ACT_RE_PROCDEF`;
CREATE TABLE `ACT_RE_PROCDEF` (
  `ID_` varchar(64) COLLATE utf8_bin NOT NULL,
  `REV_` int(11) DEFAULT NULL,
  `CATEGORY_` varchar(255) COLLATE utf8_bin DEFAULT NULL,
  `NAME_` varchar(255) COLLATE utf8_bin DEFAULT NULL,
  `KEY_` varchar(255) COLLATE utf8_bin NOT NULL,
  `VERSION_` int(11) NOT NULL,
  `DEPLOYMENT_ID_` varchar(64) COLLATE utf8_bin DEFAULT NULL,
  `RESOURCE_NAME_` varchar(4000) COLLATE utf8_bin DEFAULT NULL,
  `DGRM_RESOURCE_NAME_` varchar(4000) COLLATE utf8_bin DEFAULT NULL,
  `DESCRIPTION_` varchar(4000) COLLATE utf8_bin DEFAULT NULL,
  `HAS_START_FORM_KEY_` tinyint(4) DEFAULT NULL,
  `SUSPENSION_STATE_` int(11) DEFAULT NULL,
  `TENANT_ID_` varchar(255) COLLATE utf8_bin DEFAULT '',
  PRIMARY KEY (`ID_`),
  UNIQUE KEY `ACT_UNIQ_PROCDEF` (`KEY_`,`VERSION_`,`TENANT_ID_`)
) ENGINE=InnoDB DEFAULT CHARSET=utf8 COLLATE=utf8_bin;

-- ----------------------------
-- Records of ACT_RE_PROCDEF
-- ----------------------------
INSERT INTO `ACT_RE_PROCDEF` VALUES ('problemProcess:1:4', '1', 'http://www.activiti.org/processdef', '问题流程', 'problemProcess', '1', '1', 'problemProcess.bpmn20.xml', 'problemProcess.png', null, '0', '1', '');

-- ----------------------------
-- Table structure for ACT_RU_EVENT_SUBSCR
-- ----------------------------
DROP TABLE IF EXISTS `ACT_RU_EVENT_SUBSCR`;
CREATE TABLE `ACT_RU_EVENT_SUBSCR` (
  `ID_` varchar(64) COLLATE utf8_bin NOT NULL,
  `REV_` int(11) DEFAULT NULL,
  `EVENT_TYPE_` varchar(255) COLLATE utf8_bin NOT NULL,
  `EVENT_NAME_` varchar(255) COLLATE utf8_bin DEFAULT NULL,
  `EXECUTION_ID_` varchar(64) COLLATE utf8_bin DEFAULT NULL,
  `PROC_INST_ID_` varchar(64) COLLATE utf8_bin DEFAULT NULL,
  `ACTIVITY_ID_` varchar(64) COLLATE utf8_bin DEFAULT NULL,
  `CONFIGURATION_` varchar(255) COLLATE utf8_bin DEFAULT NULL,
  `CREATED_` timestamp(3) NOT NULL DEFAULT CURRENT_TIMESTAMP(3),
  `PROC_DEF_ID_` varchar(64) COLLATE utf8_bin DEFAULT NULL,
  `TENANT_ID_` varchar(255) COLLATE utf8_bin DEFAULT '',
  PRIMARY KEY (`ID_`),
  KEY `ACT_IDX_EVENT_SUBSCR_CONFIG_` (`CONFIGURATION_`),
  KEY `ACT_FK_EVENT_EXEC` (`EXECUTION_ID_`),
  CONSTRAINT `ACT_FK_EVENT_EXEC` FOREIGN KEY (`EXECUTION_ID_`) REFERENCES `ACT_RU_EXECUTION` (`ID_`)
) ENGINE=InnoDB DEFAULT CHARSET=utf8 COLLATE=utf8_bin;

-- ----------------------------
-- Records of ACT_RU_EVENT_SUBSCR
-- ----------------------------

-- ----------------------------
-- Table structure for ACT_RU_EXECUTION
-- ----------------------------
DROP TABLE IF EXISTS `ACT_RU_EXECUTION`;
CREATE TABLE `ACT_RU_EXECUTION` (
  `ID_` varchar(64) COLLATE utf8_bin NOT NULL DEFAULT '',
  `REV_` int(11) DEFAULT NULL,
  `PROC_INST_ID_` varchar(64) COLLATE utf8_bin DEFAULT NULL,
  `BUSINESS_KEY_` varchar(255) COLLATE utf8_bin DEFAULT NULL,
  `PARENT_ID_` varchar(64) COLLATE utf8_bin DEFAULT NULL,
  `PROC_DEF_ID_` varchar(64) COLLATE utf8_bin DEFAULT NULL,
  `SUPER_EXEC_` varchar(64) COLLATE utf8_bin DEFAULT NULL,
  `ACT_ID_` varchar(255) COLLATE utf8_bin DEFAULT NULL,
  `IS_ACTIVE_` tinyint(4) DEFAULT NULL,
  `IS_CONCURRENT_` tinyint(4) DEFAULT NULL,
  `IS_SCOPE_` tinyint(4) DEFAULT NULL,
  `IS_EVENT_SCOPE_` tinyint(4) DEFAULT NULL,
  `SUSPENSION_STATE_` int(11) DEFAULT NULL,
  `CACHED_ENT_STATE_` int(11) DEFAULT NULL,
  `TENANT_ID_` varchar(255) COLLATE utf8_bin DEFAULT '',
  `NAME_` varchar(255) COLLATE utf8_bin DEFAULT NULL,
  PRIMARY KEY (`ID_`),
  KEY `ACT_IDX_EXEC_BUSKEY` (`BUSINESS_KEY_`),
  KEY `ACT_FK_EXE_PROCINST` (`PROC_INST_ID_`),
  KEY `ACT_FK_EXE_PARENT` (`PARENT_ID_`),
  KEY `ACT_FK_EXE_SUPER` (`SUPER_EXEC_`),
  KEY `ACT_FK_EXE_PROCDEF` (`PROC_DEF_ID_`),
  CONSTRAINT `ACT_FK_EXE_PARENT` FOREIGN KEY (`PARENT_ID_`) REFERENCES `ACT_RU_EXECUTION` (`ID_`),
  CONSTRAINT `ACT_FK_EXE_PROCDEF` FOREIGN KEY (`PROC_DEF_ID_`) REFERENCES `ACT_RE_PROCDEF` (`ID_`),
  CONSTRAINT `ACT_FK_EXE_PROCINST` FOREIGN KEY (`PROC_INST_ID_`) REFERENCES `ACT_RU_EXECUTION` (`ID_`) ON DELETE CASCADE ON UPDATE CASCADE,
  CONSTRAINT `ACT_FK_EXE_SUPER` FOREIGN KEY (`SUPER_EXEC_`) REFERENCES `ACT_RU_EXECUTION` (`ID_`)
) ENGINE=InnoDB DEFAULT CHARSET=utf8 COLLATE=utf8_bin;

-- ----------------------------
-- Records of ACT_RU_EXECUTION
-- ----------------------------
INSERT INTO `ACT_RU_EXECUTION` VALUES ('2501', '2', '2501', '170', null, 'problemProcess:1:4', null, 'quizzer', '1', '0', '1', '0', '1', '2', '', null);
INSERT INTO `ACT_RU_EXECUTION` VALUES ('35001', '1', '35001', '186', null, 'problemProcess:1:4', null, 'solver', '1', '0', '1', '0', '1', '2', '', null);
INSERT INTO `ACT_RU_EXECUTION` VALUES ('35016', '1', '35016', '187', null, 'problemProcess:1:4', null, 'solver', '1', '0', '1', '0', '1', '2', '', null);
INSERT INTO `ACT_RU_EXECUTION` VALUES ('35034', '1', '35034', '189', null, 'problemProcess:1:4', null, 'solver', '1', '0', '1', '0', '1', '2', '', null);
INSERT INTO `ACT_RU_EXECUTION` VALUES ('37501', '1', '37501', '190', null, 'problemProcess:1:4', null, 'solver', '1', '0', '1', '0', '1', '2', '', null);
INSERT INTO `ACT_RU_EXECUTION` VALUES ('37510', '1', '37510', '191', null, 'problemProcess:1:4', null, 'solver', '1', '0', '1', '0', '1', '2', '', null);
INSERT INTO `ACT_RU_EXECUTION` VALUES ('37519', '1', '37519', '192', null, 'problemProcess:1:4', null, 'solver', '1', '0', '1', '0', '1', '2', '', null);
INSERT INTO `ACT_RU_EXECUTION` VALUES ('37567', '1', '37567', '196', null, 'problemProcess:1:4', null, 'solver', '1', '0', '1', '0', '1', '2', '', null);
INSERT INTO `ACT_RU_EXECUTION` VALUES ('40001', '1', '40001', '195', null, 'problemProcess:1:4', null, 'solver', '1', '0', '1', '0', '1', '2', '', null);
INSERT INTO `ACT_RU_EXECUTION` VALUES ('50001', '2', '50001', '201', null, 'problemProcess:1:4', null, 'quizzer', '1', '0', '1', '0', '1', '2', '', null);
INSERT INTO `ACT_RU_EXECUTION` VALUES ('5001', '2', '5001', '171', null, 'problemProcess:1:4', null, 'quizzer', '1', '0', '1', '0', '1', '2', '', null);
INSERT INTO `ACT_RU_EXECUTION` VALUES ('50021', '1', '50021', '202', null, 'problemProcess:1:4', null, 'solver', '1', '0', '1', '0', '1', '2', '', null);
INSERT INTO `ACT_RU_EXECUTION` VALUES ('52501', '1', '52501', '203', null, 'problemProcess:1:4', null, 'solver', '1', '0', '1', '0', '1', '2', '', null);
INSERT INTO `ACT_RU_EXECUTION` VALUES ('52510', '1', '52510', '204', null, 'problemProcess:1:4', null, 'solver', '1', '0', '1', '0', '1', '2', '', null);

-- ----------------------------
-- Table structure for ACT_RU_IDENTITYLINK
-- ----------------------------
DROP TABLE IF EXISTS `ACT_RU_IDENTITYLINK`;
CREATE TABLE `ACT_RU_IDENTITYLINK` (
  `ID_` varchar(64) COLLATE utf8_bin NOT NULL DEFAULT '',
  `REV_` int(11) DEFAULT NULL,
  `GROUP_ID_` varchar(255) COLLATE utf8_bin DEFAULT NULL,
  `TYPE_` varchar(255) COLLATE utf8_bin DEFAULT NULL,
  `USER_ID_` varchar(255) COLLATE utf8_bin DEFAULT NULL,
  `TASK_ID_` varchar(64) COLLATE utf8_bin DEFAULT NULL,
  `PROC_INST_ID_` varchar(64) COLLATE utf8_bin DEFAULT NULL,
  `PROC_DEF_ID_` varchar(64) COLLATE utf8_bin DEFAULT NULL,
  PRIMARY KEY (`ID_`),
  KEY `ACT_IDX_IDENT_LNK_USER` (`USER_ID_`),
  KEY `ACT_IDX_IDENT_LNK_GROUP` (`GROUP_ID_`),
  KEY `ACT_IDX_ATHRZ_PROCEDEF` (`PROC_DEF_ID_`),
  KEY `ACT_FK_TSKASS_TASK` (`TASK_ID_`),
  KEY `ACT_FK_IDL_PROCINST` (`PROC_INST_ID_`),
  CONSTRAINT `ACT_FK_ATHRZ_PROCEDEF` FOREIGN KEY (`PROC_DEF_ID_`) REFERENCES `ACT_RE_PROCDEF` (`ID_`),
  CONSTRAINT `ACT_FK_IDL_PROCINST` FOREIGN KEY (`PROC_INST_ID_`) REFERENCES `ACT_RU_EXECUTION` (`ID_`),
  CONSTRAINT `ACT_FK_TSKASS_TASK` FOREIGN KEY (`TASK_ID_`) REFERENCES `ACT_RU_TASK` (`ID_`)
) ENGINE=InnoDB DEFAULT CHARSET=utf8 COLLATE=utf8_bin;

-- ----------------------------
-- Records of ACT_RU_IDENTITYLINK
-- ----------------------------
INSERT INTO `ACT_RU_IDENTITYLINK` VALUES ('2509', '1', null, 'participant', '179', null, '2501', null);
INSERT INTO `ACT_RU_IDENTITYLINK` VALUES ('2515', '1', null, 'participant', '178', null, '2501', null);
INSERT INTO `ACT_RU_IDENTITYLINK` VALUES ('35009', '1', null, 'participant', '179', null, '35001', null);
INSERT INTO `ACT_RU_IDENTITYLINK` VALUES ('35014', '1', null, 'candidate', '89', '35013', null, null);
INSERT INTO `ACT_RU_IDENTITYLINK` VALUES ('35015', '1', null, 'participant', '89', null, '35001', null);
INSERT INTO `ACT_RU_IDENTITYLINK` VALUES ('35023', '1', null, 'candidate', '179', '35022', null, null);
INSERT INTO `ACT_RU_IDENTITYLINK` VALUES ('35024', '1', null, 'participant', '179', null, '35016', null);
INSERT INTO `ACT_RU_IDENTITYLINK` VALUES ('35041', '1', null, 'candidate', '178', '35040', null, null);
INSERT INTO `ACT_RU_IDENTITYLINK` VALUES ('35042', '1', null, 'participant', '178', null, '35034', null);
INSERT INTO `ACT_RU_IDENTITYLINK` VALUES ('37508', '1', null, 'candidate', '179', '37507', null, null);
INSERT INTO `ACT_RU_IDENTITYLINK` VALUES ('37509', '1', null, 'participant', '179', null, '37501', null);
INSERT INTO `ACT_RU_IDENTITYLINK` VALUES ('37517', '1', null, 'candidate', '179', '37516', null, null);
INSERT INTO `ACT_RU_IDENTITYLINK` VALUES ('37518', '1', null, 'participant', '179', null, '37510', null);
INSERT INTO `ACT_RU_IDENTITYLINK` VALUES ('37526', '1', null, 'candidate', '179', '37525', null, null);
INSERT INTO `ACT_RU_IDENTITYLINK` VALUES ('37527', '1', null, 'participant', '179', null, '37519', null);
INSERT INTO `ACT_RU_IDENTITYLINK` VALUES ('37556', '1', null, 'candidate', '89', '37555', null, null);
INSERT INTO `ACT_RU_IDENTITYLINK` VALUES ('37557', '1', null, 'participant', '89', null, '40001', null);
INSERT INTO `ACT_RU_IDENTITYLINK` VALUES ('37574', '1', null, 'candidate', '179', '37573', null, null);
INSERT INTO `ACT_RU_IDENTITYLINK` VALUES ('37575', '1', null, 'participant', '179', null, '37567', null);
INSERT INTO `ACT_RU_IDENTITYLINK` VALUES ('40009', '1', null, 'participant', '179', null, '40001', null);
INSERT INTO `ACT_RU_IDENTITYLINK` VALUES ('50009', '1', null, 'participant', '179', null, '50001', null);
INSERT INTO `ACT_RU_IDENTITYLINK` VALUES ('50015', '1', null, 'participant', '89', null, '50001', null);
INSERT INTO `ACT_RU_IDENTITYLINK` VALUES ('50020', '1', null, 'participant', '178', null, '50001', null);
INSERT INTO `ACT_RU_IDENTITYLINK` VALUES ('50029', '1', null, 'participant', '179', null, '50021', null);
INSERT INTO `ACT_RU_IDENTITYLINK` VALUES ('50034', '1', null, 'candidate', '89', '50033', null, null);
INSERT INTO `ACT_RU_IDENTITYLINK` VALUES ('50035', '1', null, 'participant', '89', null, '50021', null);
INSERT INTO `ACT_RU_IDENTITYLINK` VALUES ('5009', '1', null, 'participant', '179', null, '5001', null);
INSERT INTO `ACT_RU_IDENTITYLINK` VALUES ('52508', '1', null, 'candidate', '178', '52507', null, null);
INSERT INTO `ACT_RU_IDENTITYLINK` VALUES ('52509', '1', null, 'participant', '178', null, '52501', null);
INSERT INTO `ACT_RU_IDENTITYLINK` VALUES ('52517', '1', null, 'candidate', '178', '52516', null, null);
INSERT INTO `ACT_RU_IDENTITYLINK` VALUES ('52518', '1', null, 'participant', '178', null, '52510', null);
INSERT INTO `ACT_RU_IDENTITYLINK` VALUES ('7506', '1', null, 'participant', '178', null, '5001', null);

-- ----------------------------
-- Table structure for ACT_RU_JOB
-- ----------------------------
DROP TABLE IF EXISTS `ACT_RU_JOB`;
CREATE TABLE `ACT_RU_JOB` (
  `ID_` varchar(64) COLLATE utf8_bin NOT NULL,
  `REV_` int(11) DEFAULT NULL,
  `TYPE_` varchar(255) COLLATE utf8_bin NOT NULL,
  `LOCK_EXP_TIME_` timestamp(3) NULL DEFAULT NULL,
  `LOCK_OWNER_` varchar(255) COLLATE utf8_bin DEFAULT NULL,
  `EXCLUSIVE_` tinyint(1) DEFAULT NULL,
  `EXECUTION_ID_` varchar(64) COLLATE utf8_bin DEFAULT NULL,
  `PROCESS_INSTANCE_ID_` varchar(64) COLLATE utf8_bin DEFAULT NULL,
  `PROC_DEF_ID_` varchar(64) COLLATE utf8_bin DEFAULT NULL,
  `RETRIES_` int(11) DEFAULT NULL,
  `EXCEPTION_STACK_ID_` varchar(64) COLLATE utf8_bin DEFAULT NULL,
  `EXCEPTION_MSG_` varchar(4000) COLLATE utf8_bin DEFAULT NULL,
  `DUEDATE_` timestamp(3) NULL DEFAULT NULL,
  `REPEAT_` varchar(255) COLLATE utf8_bin DEFAULT NULL,
  `HANDLER_TYPE_` varchar(255) COLLATE utf8_bin DEFAULT NULL,
  `HANDLER_CFG_` varchar(4000) COLLATE utf8_bin DEFAULT NULL,
  `TENANT_ID_` varchar(255) COLLATE utf8_bin DEFAULT '',
  PRIMARY KEY (`ID_`),
  KEY `ACT_FK_JOB_EXCEPTION` (`EXCEPTION_STACK_ID_`),
  CONSTRAINT `ACT_FK_JOB_EXCEPTION` FOREIGN KEY (`EXCEPTION_STACK_ID_`) REFERENCES `ACT_GE_BYTEARRAY` (`ID_`)
) ENGINE=InnoDB DEFAULT CHARSET=utf8 COLLATE=utf8_bin;

-- ----------------------------
-- Records of ACT_RU_JOB
-- ----------------------------

-- ----------------------------
-- Table structure for ACT_RU_TASK
-- ----------------------------
DROP TABLE IF EXISTS `ACT_RU_TASK`;
CREATE TABLE `ACT_RU_TASK` (
  `ID_` varchar(64) COLLATE utf8_bin NOT NULL DEFAULT '',
  `REV_` int(11) DEFAULT NULL,
  `EXECUTION_ID_` varchar(64) COLLATE utf8_bin DEFAULT NULL,
  `PROC_INST_ID_` varchar(64) COLLATE utf8_bin DEFAULT NULL,
  `PROC_DEF_ID_` varchar(64) COLLATE utf8_bin DEFAULT NULL,
  `NAME_` varchar(255) COLLATE utf8_bin DEFAULT NULL,
  `PARENT_TASK_ID_` varchar(64) COLLATE utf8_bin DEFAULT NULL,
  `DESCRIPTION_` varchar(4000) COLLATE utf8_bin DEFAULT NULL,
  `TASK_DEF_KEY_` varchar(255) COLLATE utf8_bin DEFAULT NULL,
  `OWNER_` varchar(255) COLLATE utf8_bin DEFAULT NULL,
  `ASSIGNEE_` varchar(255) COLLATE utf8_bin DEFAULT NULL,
  `DELEGATION_` varchar(64) COLLATE utf8_bin DEFAULT NULL,
  `PRIORITY_` int(11) DEFAULT NULL,
  `CREATE_TIME_` timestamp(3) NULL DEFAULT NULL,
  `DUE_DATE_` datetime(3) DEFAULT NULL,
  `CATEGORY_` varchar(255) COLLATE utf8_bin DEFAULT NULL,
  `SUSPENSION_STATE_` int(11) DEFAULT NULL,
  `TENANT_ID_` varchar(255) COLLATE utf8_bin DEFAULT '',
  `FORM_KEY_` varchar(255) COLLATE utf8_bin DEFAULT NULL,
  PRIMARY KEY (`ID_`),
  KEY `ACT_IDX_TASK_CREATE` (`CREATE_TIME_`),
  KEY `ACT_FK_TASK_EXE` (`EXECUTION_ID_`),
  KEY `ACT_FK_TASK_PROCINST` (`PROC_INST_ID_`),
  KEY `ACT_FK_TASK_PROCDEF` (`PROC_DEF_ID_`),
  CONSTRAINT `ACT_FK_TASK_EXE` FOREIGN KEY (`EXECUTION_ID_`) REFERENCES `ACT_RU_EXECUTION` (`ID_`),
  CONSTRAINT `ACT_FK_TASK_PROCDEF` FOREIGN KEY (`PROC_DEF_ID_`) REFERENCES `ACT_RE_PROCDEF` (`ID_`),
  CONSTRAINT `ACT_FK_TASK_PROCINST` FOREIGN KEY (`PROC_INST_ID_`) REFERENCES `ACT_RU_EXECUTION` (`ID_`)
) ENGINE=InnoDB DEFAULT CHARSET=utf8 COLLATE=utf8_bin;

-- ----------------------------
-- Records of ACT_RU_TASK
-- ----------------------------
INSERT INTO `ACT_RU_TASK` VALUES ('2514', '1', '2501', '2501', 'problemProcess:1:4', '施工组负责人', null, '施工组负责人', 'quizzer', null, '178', null, '50', '2015-07-10 09:35:12.288', null, null, '1', '', null);
INSERT INTO `ACT_RU_TASK` VALUES ('35013', '1', '35001', '35001', 'problemProcess:1:4', '解决人', null, null, 'solver', null, null, null, '50', '2015-07-13 10:35:10.484', null, null, '1', '', null);
INSERT INTO `ACT_RU_TASK` VALUES ('35022', '1', '35016', '35016', 'problemProcess:1:4', '解决人', null, null, 'solver', null, null, null, '50', '2015-07-13 10:52:14.320', null, null, '1', '', null);
INSERT INTO `ACT_RU_TASK` VALUES ('35040', '1', '35034', '35034', 'problemProcess:1:4', '解决人', null, null, 'solver', null, null, null, '50', '2015-07-13 14:45:23.608', null, null, '1', '', null);
INSERT INTO `ACT_RU_TASK` VALUES ('37507', '1', '37501', '37501', 'problemProcess:1:4', '解决人', null, null, 'solver', null, null, null, '50', '2015-07-14 14:29:19.151', null, null, '1', '', null);
INSERT INTO `ACT_RU_TASK` VALUES ('37516', '1', '37510', '37510', 'problemProcess:1:4', '解决人', null, null, 'solver', null, null, null, '50', '2015-07-14 14:49:18.240', null, null, '1', '', null);
INSERT INTO `ACT_RU_TASK` VALUES ('37525', '1', '37519', '37519', 'problemProcess:1:4', '解决人', null, null, 'solver', null, null, null, '50', '2015-07-14 14:50:06.168', null, null, '1', '', null);
INSERT INTO `ACT_RU_TASK` VALUES ('37555', '1', '40001', '40001', 'problemProcess:1:4', '解决人', null, null, 'solver', null, null, null, '50', '2015-07-14 16:02:39.902', null, null, '1', '', null);
INSERT INTO `ACT_RU_TASK` VALUES ('37573', '1', '37567', '37567', 'problemProcess:1:4', '解决人', null, null, 'solver', null, null, null, '50', '2015-07-14 20:44:38.026', null, null, '1', '', null);
INSERT INTO `ACT_RU_TASK` VALUES ('50019', '1', '50001', '50001', 'problemProcess:1:4', '施工组负责人', null, '施工组负责人', 'quizzer', null, '178', null, '50', '2015-07-16 23:04:41.314', null, null, '1', '', null);
INSERT INTO `ACT_RU_TASK` VALUES ('50033', '1', '50021', '50021', 'problemProcess:1:4', '解决人', null, null, 'solver', null, null, null, '50', '2015-07-16 23:13:48.359', null, null, '1', '', null);
INSERT INTO `ACT_RU_TASK` VALUES ('52507', '1', '52501', '52501', 'problemProcess:1:4', '解决人', null, null, 'solver', null, null, null, '50', '2015-07-17 21:35:09.484', null, null, '1', '', null);
INSERT INTO `ACT_RU_TASK` VALUES ('52516', '1', '52510', '52510', 'problemProcess:1:4', '解决人', null, null, 'solver', null, null, null, '50', '2015-07-17 21:36:32.794', null, null, '1', '', null);
INSERT INTO `ACT_RU_TASK` VALUES ('7505', '1', '5001', '5001', 'problemProcess:1:4', '施工组负责人', null, '施工组负责人', 'quizzer', null, '178', null, '50', '2015-07-10 10:36:09.931', null, null, '1', '', null);

-- ----------------------------
-- Table structure for ACT_RU_VARIABLE
-- ----------------------------
DROP TABLE IF EXISTS `ACT_RU_VARIABLE`;
CREATE TABLE `ACT_RU_VARIABLE` (
  `ID_` varchar(64) COLLATE utf8_bin NOT NULL,
  `REV_` int(11) DEFAULT NULL,
  `TYPE_` varchar(255) COLLATE utf8_bin NOT NULL,
  `NAME_` varchar(255) COLLATE utf8_bin NOT NULL,
  `EXECUTION_ID_` varchar(64) COLLATE utf8_bin DEFAULT NULL,
  `PROC_INST_ID_` varchar(64) COLLATE utf8_bin DEFAULT NULL,
  `TASK_ID_` varchar(64) COLLATE utf8_bin DEFAULT NULL,
  `BYTEARRAY_ID_` varchar(64) COLLATE utf8_bin DEFAULT NULL,
  `DOUBLE_` double DEFAULT NULL,
  `LONG_` bigint(20) DEFAULT NULL,
  `TEXT_` varchar(4000) COLLATE utf8_bin DEFAULT NULL,
  `TEXT2_` varchar(4000) COLLATE utf8_bin DEFAULT NULL,
  PRIMARY KEY (`ID_`),
  KEY `ACT_IDX_VARIABLE_TASK_ID` (`TASK_ID_`),
  KEY `ACT_FK_VAR_EXE` (`EXECUTION_ID_`),
  KEY `ACT_FK_VAR_PROCINST` (`PROC_INST_ID_`),
  KEY `ACT_FK_VAR_BYTEARRAY` (`BYTEARRAY_ID_`),
  CONSTRAINT `ACT_FK_VAR_BYTEARRAY` FOREIGN KEY (`BYTEARRAY_ID_`) REFERENCES `ACT_GE_BYTEARRAY` (`ID_`),
  CONSTRAINT `ACT_FK_VAR_EXE` FOREIGN KEY (`EXECUTION_ID_`) REFERENCES `ACT_RU_EXECUTION` (`ID_`),
  CONSTRAINT `ACT_FK_VAR_PROCINST` FOREIGN KEY (`PROC_INST_ID_`) REFERENCES `ACT_RU_EXECUTION` (`ID_`)
) ENGINE=InnoDB DEFAULT CHARSET=utf8 COLLATE=utf8_bin;

-- ----------------------------
-- Records of ACT_RU_VARIABLE
-- ----------------------------
INSERT INTO `ACT_RU_VARIABLE` VALUES ('2504', '1', 'serializable', 'solver', '2501', '2501', null, '2503', null, null, null, null);
INSERT INTO `ACT_RU_VARIABLE` VALUES ('2510', '1', 'boolean', 'solved', '2501', '2501', null, null, null, '1', null, null);
INSERT INTO `ACT_RU_VARIABLE` VALUES ('2511', '1', 'string', 'worker', '2501', '2501', null, null, null, null, '178', null);
INSERT INTO `ACT_RU_VARIABLE` VALUES ('35004', '1', 'serializable', 'solver', '35001', '35001', null, '35003', null, null, null, null);
INSERT INTO `ACT_RU_VARIABLE` VALUES ('35010', '1', 'boolean', 'solved', '35001', '35001', null, null, null, '0', null, null);
INSERT INTO `ACT_RU_VARIABLE` VALUES ('35019', '1', 'serializable', 'solver', '35016', '35016', null, '35018', null, null, null, null);
INSERT INTO `ACT_RU_VARIABLE` VALUES ('35037', '1', 'serializable', 'solver', '35034', '35034', null, '35036', null, null, null, null);
INSERT INTO `ACT_RU_VARIABLE` VALUES ('37504', '1', 'serializable', 'solver', '37501', '37501', null, '37503', null, null, null, null);
INSERT INTO `ACT_RU_VARIABLE` VALUES ('37513', '1', 'serializable', 'solver', '37510', '37510', null, '37512', null, null, null, null);
INSERT INTO `ACT_RU_VARIABLE` VALUES ('37522', '1', 'serializable', 'solver', '37519', '37519', null, '37521', null, null, null, null);
INSERT INTO `ACT_RU_VARIABLE` VALUES ('37552', '1', 'boolean', 'solved', '40001', '40001', null, null, null, '0', null, null);
INSERT INTO `ACT_RU_VARIABLE` VALUES ('37570', '1', 'serializable', 'solver', '37567', '37567', null, '37569', null, null, null, null);
INSERT INTO `ACT_RU_VARIABLE` VALUES ('40004', '1', 'serializable', 'solver', '40001', '40001', null, '40003', null, null, null, null);
INSERT INTO `ACT_RU_VARIABLE` VALUES ('50004', '1', 'serializable', 'solver', '50001', '50001', null, '50003', null, null, null, null);
INSERT INTO `ACT_RU_VARIABLE` VALUES ('50010', '2', 'boolean', 'solved', '50001', '50001', null, null, null, '1', null, null);
INSERT INTO `ACT_RU_VARIABLE` VALUES ('50016', '1', 'string', 'worker', '50001', '50001', null, null, null, null, '178', null);
INSERT INTO `ACT_RU_VARIABLE` VALUES ('50024', '1', 'serializable', 'solver', '50021', '50021', null, '50023', null, null, null, null);
INSERT INTO `ACT_RU_VARIABLE` VALUES ('50030', '1', 'boolean', 'solved', '50021', '50021', null, null, null, '0', null, null);
INSERT INTO `ACT_RU_VARIABLE` VALUES ('5004', '1', 'serializable', 'solver', '5001', '5001', null, '5003', null, null, null, null);
INSERT INTO `ACT_RU_VARIABLE` VALUES ('52504', '1', 'serializable', 'solver', '52501', '52501', null, '52503', null, null, null, null);
INSERT INTO `ACT_RU_VARIABLE` VALUES ('52513', '1', 'serializable', 'solver', '52510', '52510', null, '52512', null, null, null, null);
INSERT INTO `ACT_RU_VARIABLE` VALUES ('7501', '1', 'boolean', 'solved', '5001', '5001', null, null, null, '1', null, null);
INSERT INTO `ACT_RU_VARIABLE` VALUES ('7502', '1', 'string', 'worker', '5001', '5001', null, null, null, null, '178', null);

-- ----------------------------
-- Table structure for ec_department
-- ----------------------------
DROP TABLE IF EXISTS `ec_department`;
CREATE TABLE `ec_department` (
  `id` int(11) NOT NULL AUTO_INCREMENT COMMENT '序号',
  `department_name` varchar(100) COLLATE utf8_unicode_ci NOT NULL COMMENT '部门名称',
  `parent_id` int(11) DEFAULT NULL COMMENT '父级部门ID',
  PRIMARY KEY (`id`),
  KEY `department_fk` (`parent_id`),
  CONSTRAINT `ec_department_ibfk_1` FOREIGN KEY (`parent_id`) REFERENCES `ec_department` (`id`) ON DELETE CASCADE ON UPDATE CASCADE
) ENGINE=InnoDB AUTO_INCREMENT=101 DEFAULT CHARSET=utf8 COLLATE=utf8_unicode_ci;

-- ----------------------------
-- Records of ec_department
-- ----------------------------
INSERT INTO `ec_department` VALUES ('53', '管道队', '59');
INSERT INTO `ec_department` VALUES ('54', '技术部', '59');
INSERT INTO `ec_department` VALUES ('55', '工程部', '59');
INSERT INTO `ec_department` VALUES ('56', '物资部', '59');
INSERT INTO `ec_department` VALUES ('57', '质检部', '59');
INSERT INTO `ec_department` VALUES ('58', '质保部', '59');
INSERT INTO `ec_department` VALUES ('59', '经理部', null);
INSERT INTO `ec_department` VALUES ('60', '宋国强班', '53');
INSERT INTO `ec_department` VALUES ('86', '侯良斌班', '53');
INSERT INTO `ec_department` VALUES ('87', '熊占文组', '60');
INSERT INTO `ec_department` VALUES ('89', '李敏组', '60');
INSERT INTO `ec_department` VALUES ('90', '张焕森组', '86');
INSERT INTO `ec_department` VALUES ('91', '游勇组', '86');
INSERT INTO `ec_department` VALUES ('92', 'QC1见证', '53');
INSERT INTO `ec_department` VALUES ('93', 'W级见证人', '57');
INSERT INTO `ec_department` VALUES ('94', 'H级见证人', '57');
INSERT INTO `ec_department` VALUES ('95', 'R级见证人', '57');
INSERT INTO `ec_department` VALUES ('96', '见证WHR', '57');
INSERT INTO `ec_department` VALUES ('98', 'W级见证人', '57');
INSERT INTO `ec_department` VALUES ('100', '计划部', '53');

-- ----------------------------
-- Table structure for ec_menu
-- ----------------------------
DROP TABLE IF EXISTS `ec_menu`;
CREATE TABLE `ec_menu` (
  `id` varchar(100) COLLATE utf8_unicode_ci NOT NULL COMMENT '序号UID',
  `menu_name` varchar(100) COLLATE utf8_unicode_ci NOT NULL COMMENT '菜单名',
  `seq` int(255) NOT NULL DEFAULT '0' COMMENT '队列序号',
  `icon_path` varchar(255) COLLATE utf8_unicode_ci DEFAULT NULL COMMENT '图标路径',
  `style` varchar(255) COLLATE utf8_unicode_ci DEFAULT NULL COMMENT '菜单样式',
  `privilege_id` int(255) DEFAULT NULL,
  `parent_id` varchar(255) COLLATE utf8_unicode_ci DEFAULT NULL COMMENT '父级ID',
  PRIMARY KEY (`id`),
  KEY `m_p_fk` (`privilege_id`),
  KEY `m_m_fk` (`parent_id`),
  CONSTRAINT `ec_menu_ibfk_1` FOREIGN KEY (`parent_id`) REFERENCES `ec_menu` (`id`) ON DELETE SET NULL ON UPDATE SET NULL,
  CONSTRAINT `ec_menu_ibfk_2` FOREIGN KEY (`privilege_id`) REFERENCES `ec_privilege` (`id`) ON DELETE SET NULL ON UPDATE SET NULL
) ENGINE=InnoDB DEFAULT CHARSET=utf8 COLLATE=utf8_unicode_ci;

-- ----------------------------
-- Records of ec_menu
-- ----------------------------
INSERT INTO `ec_menu` VALUES ('4028820b4de223b4014de223c2d20000', '菜单列表', '10', '', '', '1913', '4028820b4de2263e014de22707420000');
INSERT INTO `ec_menu` VALUES ('4028820b4de223b4014de223c32a0001', '添加菜单', '10', '', '', '1914', '4028820b4de223b4014de223c2d20000');
INSERT INTO `ec_menu` VALUES ('4028820b4de223b4014de223c35d0002', '修改菜单', '9', '', '', '1915', '4028820b4de223b4014de223c2d20000');
INSERT INTO `ec_menu` VALUES ('4028820b4de223b4014de223c39f0003', '删除菜单', '0', '', '', '1916', '4028820b4de223b4014de223c2d20000');
INSERT INTO `ec_menu` VALUES ('4028820b4de2263e014de22707420000', '菜单管理', '0', '', 'icon-list-alt', null, null);
INSERT INTO `ec_menu` VALUES ('4028820b4de2263e014de22937af0001', '结构设置', '9', '', 'icon-cogs', null, null);
INSERT INTO `ec_menu` VALUES ('4028820b4de2263e014de22960f90002', '人员列表', '10', '', '', '1918', '4028820b4de2263e014de22937af0001');
INSERT INTO `ec_menu` VALUES ('4028820b4de2263e014de22984c40003', '添加人员', '0', '', '', '1919', '4028820b4de2263e014de22960f90002');
INSERT INTO `ec_menu` VALUES ('4028820b4de2263e014de229a3440004', '修改用户', '0', '', null, '1921', '4028820b4de2263e014de22960f90002');
INSERT INTO `ec_menu` VALUES ('4028820b4de2263e014de229d3790005', '查看人员', '0', '', '', '1920', '4028820b4de2263e014de22960f90002');
INSERT INTO `ec_menu` VALUES ('4028820b4de2263e014de229efbd0006', '删除人员', '0', '', '', '1922', '4028820b4de2263e014de22960f90002');
INSERT INTO `ec_menu` VALUES ('4028820b4de2263e014de22bb0d70007', '职务列表', '9', '', '', '1929', '4028820b4de2263e014de22937af0001');
INSERT INTO `ec_menu` VALUES ('4028820b4de2263e014de22bdbc60008', '添加职务', '0', '', '', '1930', '4028820b4de2263e014de22bb0d70007');
INSERT INTO `ec_menu` VALUES ('4028820b4de2263e014de22d141a0009', '修改职务', '0', '', '', '1931', '4028820b4de2263e014de22bb0d70007');
INSERT INTO `ec_menu` VALUES ('4028820b4de2263e014de22d59ab000a', '分配角色', '0', '', null, '1923', '4028820b4de2263e014de22960f90002');
INSERT INTO `ec_menu` VALUES ('4028820b4de2263e014de22d87ea000b', '重置密码', '0', '', null, '1924', '4028820b4de2263e014de22960f90002');
INSERT INTO `ec_menu` VALUES ('4028820b4de2263e014de22dc365000c', '删除职务', '0', '', '', '1932', '4028820b4de2263e014de22bb0d70007');
INSERT INTO `ec_menu` VALUES ('4028820b4de2263e014de22e1e36000d', '施工班组列表', '0', '', '', '1925', '4028820b4de2263e014de22937af0001');
INSERT INTO `ec_menu` VALUES ('4028820b4de2263e014de22e441a000e', '添加部门', '0', '', null, '1926', '4028820b4de2263e014de22e1e36000d');
INSERT INTO `ec_menu` VALUES ('4028820b4de2263e014de22e6c7a000f', '修改部门', '0', '', null, '1927', '4028820b4de2263e014de22e1e36000d');
INSERT INTO `ec_menu` VALUES ('4028820b4de2263e014de22e8abf0010', '删除部门', '0', '', null, '1928', '4028820b4de2263e014de22e1e36000d');
INSERT INTO `ec_menu` VALUES ('4028820b4de2263e014de22ec9f70011', '权限列表', '0', '', null, '1933', '4028820b4de2263e014de22707420000');
INSERT INTO `ec_menu` VALUES ('4028820b4de2263e014de22eee690012', '添加权限', '0', '', null, '1934', '4028820b4de2263e014de22ec9f70011');
INSERT INTO `ec_menu` VALUES ('4028820b4de2263e014de22f12ea0013', '修改权限', '0', '', null, '1935', '4028820b4de2263e014de22ec9f70011');
INSERT INTO `ec_menu` VALUES ('4028820b4de2263e014de22f383c0014', '删除权限', '0', '', null, '1936', '4028820b4de2263e014de22ec9f70011');
INSERT INTO `ec_menu` VALUES ('4028820b4de2263e014de22f5f790015', '设置', '10', '', 'icon-cog', null, null);
INSERT INTO `ec_menu` VALUES ('4028820b4de2263e014de22f8af60016', '系统设置', '0', '', null, '1939', '4028820b4de2263e014de22f5f790015');
INSERT INTO `ec_menu` VALUES ('402882234de73907014de74441bd0000', '分派到班组', '0', '', null, '1964', '4028824c4de60d34014de65227c60009');
INSERT INTO `ec_menu` VALUES ('4028824c4de578a7014de57aaada0000', '问题跟踪', '4', '', 'icon-retweet', null, null);
INSERT INTO `ec_menu` VALUES ('4028824c4de578a7014de581cd4a0003', '需要处理的问题', '112', '', null, '2000', '4028824c4de578a7014de57aaada0000');
INSERT INTO `ec_menu` VALUES ('4028824c4de578a7014de582626b0004', '需要确认的问题', '122', '', '', '2010', '4028824c4de578a7014de57aaada0000');
INSERT INTO `ec_menu` VALUES ('4028824c4de578a7014de582bad30005', '未解决问题', '11', '', '', '2004', '4028824c4de578a7014de57aaada0000');
INSERT INTO `ec_menu` VALUES ('4028824c4de578a7014de58316230006', '已解决问题', '111', '', null, '2002', '4028824c4de578a7014de57aaada0000');
INSERT INTO `ec_menu` VALUES ('4028824c4de60d34014de64782700000', '关注的问题', '1', '', null, '2013', '4028824c4de578a7014de57aaada0000');
INSERT INTO `ec_menu` VALUES ('4028824c4de60d34014de64883a90001', '发起的问题', '1', '', '', '2007', '4028824c4de578a7014de57aaada0000');
INSERT INTO `ec_menu` VALUES ('4028824c4de60d34014de64942450002', '基础设置', '8', '', 'icon-wrench', null, null);
INSERT INTO `ec_menu` VALUES ('4028824c4de60d34014de6497ec80003', '施工管理', '7', '', 'icon-tasks', null, null);
INSERT INTO `ec_menu` VALUES ('4028824c4de60d34014de649c12f0004', '工序见证', '5', '', 'icon-eye-open', null, null);
INSERT INTO `ec_menu` VALUES ('4028824c4de60d34014de649effa0005', '统计信息', '3', '', 'icon-bar-chart', null, null);
INSERT INTO `ec_menu` VALUES ('4028824c4de60d34014de64ed1880007', '单价管理', '0', '', '', '1941', '4028824c4de60d34014de64942450002');
INSERT INTO `ec_menu` VALUES ('4028824c4de60d34014de64f3de40008', '材质类型', '0', '', null, '1945', '4028824c4de60d34014de64942450002');
INSERT INTO `ec_menu` VALUES ('4028824c4de60d34014de65227c60009', '分派到班组', '0', '', null, '1963', '4028824c4de60d34014de6497ec80003');
INSERT INTO `ec_menu` VALUES ('4028824c4de60d34014de65291fe000a', '分派到组长', '0', '', null, '1968', '4028824c4de60d34014de6497ec80003');
INSERT INTO `ec_menu` VALUES ('4028824c4de60d34014de6542bb3000b', '我的任务', '0', '', null, '1973', '4028824c4de60d34014de6497ec80003');
INSERT INTO `ec_menu` VALUES ('4028824c4de60d34014de6566e51000c', '班组任务统计', '0', '', null, '1983', '4028824c4de60d34014de649effa0005');
INSERT INTO `ec_menu` VALUES ('4028824c4de60d34014de6588d1c000d', '任务状态统计', '0', '', null, '1985', '4028824c4de60d34014de649effa0005');
INSERT INTO `ec_menu` VALUES ('4028824c4de60d34014de658f3e7000e', '任务完成统计', '0', '', null, '1986', '4028824c4de60d34014de649effa0005');
INSERT INTO `ec_menu` VALUES ('4028824c4de60d34014de659497a000f', '任务价格统计', '0', '', null, '1987', '4028824c4de60d34014de649effa0005');
INSERT INTO `ec_menu` VALUES ('4028824c4de60d34014de65a25cc0010', '各组任务统计', '0', '', null, '1984', '4028824c4de60d34014de649effa0005');
INSERT INTO `ec_menu` VALUES ('4028824c4de65ea6014de65feaf10000', '分派见证', '0', '', null, '2016', '4028824c4de60d34014de649c12f0004');
INSERT INTO `ec_menu` VALUES ('4028824c4de65ea6014de66090c40001', '已分派见证', '0', '', null, '2018', '4028824c4de60d34014de649c12f0004');
INSERT INTO `ec_menu` VALUES ('4028824c4de65ea6014de66104700002', '分派到见证人', '0', '', null, '2017', '4028824c4de65ea6014de65feaf10000');
INSERT INTO `ec_menu` VALUES ('4028824c4de65ea6014de661859f0003', '改派', '0', '', null, '2019', '4028824c4de65ea6014de66090c40001');
INSERT INTO `ec_menu` VALUES ('4028824c4de65ea6014de661c5bb0004', '解除分派', '0', '', null, '2020', '4028824c4de65ea6014de66090c40001');
INSERT INTO `ec_menu` VALUES ('4028824c4de65ea6014de66225930005', '未完成见证', '0', '', null, '2021', '4028824c4de60d34014de649c12f0004');
INSERT INTO `ec_menu` VALUES ('4028824c4de65ea6014de662c1f50006', '见证结果', '0', '', '', '2022', '4028824c4de65ea6014de66225930005');
INSERT INTO `ec_menu` VALUES ('4028824c4de65ea6014de66350530007', '已完成见证', '0', '', null, '2023', '4028824c4de60d34014de649c12f0004');
INSERT INTO `ec_menu` VALUES ('4028824c4de65ea6014de6638f740008', '修改见证结果', '0', '', '', '2024', '4028824c4de65ea6014de66350530007');
INSERT INTO `ec_menu` VALUES ('4028824c4de65ea6014de663f5060009', '我发起的见证', '0', '', null, '2025', '4028824c4de60d34014de649c12f0004');
INSERT INTO `ec_menu` VALUES ('4028824c4de65ea6014de664be85000a', '我的见证', '0', '', null, '2026', '4028824c4de60d34014de649c12f0004');
INSERT INTO `ec_menu` VALUES ('4028824c4de6705f014de6c2d0a10000', '问题确认', '0', '', null, '2009', '4028824c4de578a7014de582626b0004');
INSERT INTO `ec_menu` VALUES ('4028824c4de6705f014de6c43db50001', '发起的问题明细', '0', '', '', '2035', '4028824c4de578a7014de582626b0004');
INSERT INTO `ec_menu` VALUES ('4028824c4de6705f014de6c56efb0002', '处理问题', '0', '', null, '1996', '4028824c4de578a7014de581cd4a0003');
INSERT INTO `ec_menu` VALUES ('4028824c4de6705f014de6c60ea70003', '删除问题', '0', '', null, '2006', '4028824c4de60d34014de64883a90001');
INSERT INTO `ec_menu` VALUES ('4028824c4de6705f014de6c65eef0004', '已解决问题明细', '0', '', null, '2001', '4028824c4de578a7014de58316230006');
INSERT INTO `ec_menu` VALUES ('4028824c4de6705f014de6c6a5730005', '未解决问题明细', '0', '', null, '2003', '4028824c4de578a7014de582bad30005');
INSERT INTO `ec_menu` VALUES ('4028824c4de6705f014de6c701250006', '发起问题明细', '0', '', null, '2005', '4028824c4de60d34014de64883a90001');
INSERT INTO `ec_menu` VALUES ('4028824c4de6705f014de6c77ce10007', '关注的问题明细', '0', '', null, '2011', '4028824c4de60d34014de64782700000');
INSERT INTO `ec_menu` VALUES ('4028824c4de6705f014de6c7d6f20008', '创建问题', '0', '', null, '1997', '4028824c4de60d34014de6542bb3000b');
INSERT INTO `ec_menu` VALUES ('4028824c4de6705f014de6c8b5a30009', '解决人', '0', '', null, '1998', '4028824c4de60d34014de6542bb3000b');
INSERT INTO `ec_menu` VALUES ('4028824c4de6705f014de6c94e21000a', '增加材质类型', '0', '', null, '1946', '4028824c4de60d34014de64f3de40008');
INSERT INTO `ec_menu` VALUES ('4028824c4de6705f014de6c98972000b', '删除材质类型', '0', '', null, '1948', '4028824c4de60d34014de64f3de40008');
INSERT INTO `ec_menu` VALUES ('4028824c4de6705f014de6c9d005000c', '查看材质类型', '0', '', null, '1947', '4028824c4de60d34014de64f3de40008');
INSERT INTO `ec_menu` VALUES ('4028824c4de6705f014de6ca2511000d', '更新材质类型', '0', '', null, '1949', '4028824c4de60d34014de64f3de40008');
INSERT INTO `ec_menu` VALUES ('4028824c4de6705f014de6ca5922000e', '添加单价', '0', '', null, '1942', '4028824c4de60d34014de64ed1880007');
INSERT INTO `ec_menu` VALUES ('4028824c4de6705f014de6ca89ee000f', '修改单价', '0', '', null, '1943', '4028824c4de60d34014de64ed1880007');
INSERT INTO `ec_menu` VALUES ('4028824c4de6705f014de6cab21b0010', '删除单价', '0', '', null, '1944', '4028824c4de60d34014de64ed1880007');
INSERT INTO `ec_menu` VALUES ('4028824c4de6705f014de6cc55b00011', '滚动计划', '0', '', null, '1950', '4028824c4de60d34014de6497ec80003');
INSERT INTO `ec_menu` VALUES ('4028824c4de6705f014de6ccbd460012', '上传滚动计划', '0', '', null, '1951', '4028824c4de6705f014de6cc55b00011');
INSERT INTO `ec_menu` VALUES ('4028824c4de6705f014de6ccf0070013', '添加滚动计划', '0', '', null, '1952', '4028824c4de6705f014de6cc55b00011');
INSERT INTO `ec_menu` VALUES ('4028824c4de6705f014de6cd2dfd0014', '修改滚动计划', '0', '', null, '1953', '4028824c4de6705f014de6cc55b00011');
INSERT INTO `ec_menu` VALUES ('4028824c4de6705f014de6cd69d60015', '删除滚动计划', '0', '', '', '1954', '4028824c4de6705f014de6cc55b00011');
INSERT INTO `ec_menu` VALUES ('4028824c4de6705f014de6ce45390016', '查看工序步骤', '0', '', null, '1955', '4028824c4de6705f014de6cc55b00011');
INSERT INTO `ec_menu` VALUES ('4028824c4de6705f014de6ce848d0017', '添加工序步骤', '0', '', null, '1956', '4028824c4de6705f014de6cc55b00011');
INSERT INTO `ec_menu` VALUES ('4028824c4de6705f014de6ceb7e80018', '修改工序步骤', '0', '', null, '1957', '4028824c4de6705f014de6cc55b00011');
INSERT INTO `ec_menu` VALUES ('4028824c4de6705f014de6cef43f0019', '查看工序步骤明细', '0', '', null, '1958', '4028824c4de6705f014de6cc55b00011');
INSERT INTO `ec_menu` VALUES ('4028824c4de6705f014de6cf2ed9001a', '删除工序', '0', '', null, '1959', '4028824c4de6705f014de6cc55b00011');
INSERT INTO `ec_menu` VALUES ('4028824c4de6705f014de6cf5cce001b', '导入工序', '0', '', null, '1960', '4028824c4de6705f014de6cc55b00011');
INSERT INTO `ec_menu` VALUES ('4028824c4de6705f014de6d035ba001c', '见证人名词', '0', '', null, '1993', '4028820b4de2263e014de22f5f790015');
INSERT INTO `ec_menu` VALUES ('4028824c4de6705f014de6d09202001d', '计划表名词', '0', '', null, '1989', '4028820b4de2263e014de22f5f790015');
INSERT INTO `ec_menu` VALUES ('4028824c4de6705f014de6d0c32f001e', '单价名词', '0', '', null, '1992', '4028820b4de2263e014de22f5f790015');
INSERT INTO `ec_menu` VALUES ('4028824c4de6705f014de6d101ff001f', '焊口/支架名词', '0', '', '', '1990', '4028820b4de2263e014de22f5f790015');
INSERT INTO `ec_menu` VALUES ('4028824c4de6705f014de6d153780020', '滞后时间设置', '0', '', null, '1994', '4028820b4de2263e014de22f5f790015');
INSERT INTO `ec_menu` VALUES ('4028824c4de6705f014de6d19c710021', '问题配置', '0', '', null, '1961', '4028820b4de2263e014de22f5f790015');
INSERT INTO `ec_menu` VALUES ('4028824c4de6705f014de6d1f4d10022', '分派班组名词', '0', '', null, '1991', '4028820b4de2263e014de22f5f790015');
INSERT INTO `ec_menu` VALUES ('4028824c4de6705f014de6d5c8df0023', '问题明细', '0', '', null, '1995', '4028824c4de60d34014de64782700000');
INSERT INTO `ec_menu` VALUES ('4028824c4de6705f014de6d6451b0024', '删除关注人', '0', '', null, '2012', '4028824c4de60d34014de64883a90001');
INSERT INTO `ec_menu` VALUES ('4028824c4de6705f014de6d737b50025', '分派至组长', '0', '', '', '1969', '4028824c4de60d34014de65291fe000a');
INSERT INTO `ec_menu` VALUES ('4028824c4de6705f014de6d8864b0026', '已分派到组长', '0', '', null, '1970', '4028824c4de60d34014de6497ec80003');
INSERT INTO `ec_menu` VALUES ('4028824c4de6705f014de6d8d06f0027', '已分派到班组', '0', '', null, '1965', '4028824c4de60d34014de6497ec80003');
INSERT INTO `ec_menu` VALUES ('4028824c4de6705f014de6d9a8700028', '解除分派班组', '0', '', null, '1967', '4028824c4de6705f014de6d8d06f0027');
INSERT INTO `ec_menu` VALUES ('4028824c4de6705f014de6da80a90029', '解除分派组长', '0', '', null, '1972', '4028824c4de6705f014de6d8864b0026');
INSERT INTO `ec_menu` VALUES ('4028824c4de6705f014de6daed4b002a', '改派班组', '0', '', null, '1966', '4028824c4de6705f014de6d8d06f0027');
INSERT INTO `ec_menu` VALUES ('4028824c4de6705f014de6db20ef002b', '改派组长', '0', '', null, '1971', '4028824c4de6705f014de6d8864b0026');
INSERT INTO `ec_menu` VALUES ('4028824c4de6705f014de6dd2ac2002c', '进入任务', '0', '', null, '1974', '4028824c4de60d34014de6542bb3000b');
INSERT INTO `ec_menu` VALUES ('4028824c4de6705f014de6de1bf7002d', '发起见证', '0', '', null, '1975', '4028824c4de60d34014de6542bb3000b');
INSERT INTO `ec_menu` VALUES ('4028824c4de6705f014de6de6b01002e', '见证状态', '0', '', null, '1976', '4028824c4de60d34014de6542bb3000b');
INSERT INTO `ec_menu` VALUES ('4028824c4de6705f014de6debd0e002f', '回填信息', '0', '', null, '1977', '4028824c4de60d34014de6542bb3000b');
INSERT INTO `ec_menu` VALUES ('4028824c4de6705f014de6df05a70030', '修改回填信息', '0', '', null, '1978', '4028824c4de60d34014de6542bb3000b');
INSERT INTO `ec_menu` VALUES ('4028824c4de6705f014de6df7aa20031', '完成信息', '0', '', null, '1979', '4028824c4de60d34014de6542bb3000b');
INSERT INTO `ec_menu` VALUES ('4028824c4de6705f014de6dfc6400032', '修改完成信息', '0', '', null, '1980', '4028824c4de60d34014de6542bb3000b');
INSERT INTO `ec_menu` VALUES ('4028824c4de6705f014de6e00b010033', '我完成的任务', '0', '', null, '1981', '4028824c4de60d34014de6497ec80003');
INSERT INTO `ec_menu` VALUES ('4028824c4de6705f014de6e060cd0034', '上传文件', '0', '', null, '1999', '4028824c4de60d34014de6542bb3000b');
INSERT INTO `ec_menu` VALUES ('4028824c4de6705f014de6e0d9e60035', '上传计划文件', '0', '', null, '2031', '4028824c4de6705f014de6cc55b00011');
INSERT INTO `ec_menu` VALUES ('4028824c4de6705f014de6e17f6c0036', '上传图标', '0', '', null, '1937', '4028820b4de223b4014de223c2d20000');
INSERT INTO `ec_menu` VALUES ('402882f74e3811d0014e38191d5a0000', '下载滚动计划模板', '0', '', null, '2034', '4028824c4de6705f014de6cc55b00011');
INSERT INTO `ec_menu` VALUES ('402882f74e5c6fc1014e5c71cb060000', '我的见证结果', '0', '', null, '2038', '4028824c4de65ea6014de664be85000a');
INSERT INTO `ec_menu` VALUES ('402882f74e5c6fc1014e5c7214090001', '修改我的见证结果', '0', '', null, '2039', '4028824c4de65ea6014de664be85000a');
INSERT INTO `ec_menu` VALUES ('402882f74e5c6fc1014e5c7271970002', '分派完成情况', '0', '', null, '2040', '4028824c4de65ea6014de66090c40001');
INSERT INTO `ec_menu` VALUES ('402882f74e5cb6a3014e5cb79ecc0000', '我完成的见证', '0', '', null, '2041', '4028824c4de60d34014de649c12f0004');
INSERT INTO `ec_menu` VALUES ('402882f74e73208d014e732246ae0000', '工作流', '0', '', null, null, null);
INSERT INTO `ec_menu` VALUES ('402882f74e73208d014e7322c0af0001', '流程文件', '0', '', null, '2030', '402882f74e73208d014e732246ae0000');
INSERT INTO `ec_menu` VALUES ('402882f74e73208d014e732301ba0002', '发布', '0', '', null, '2033', '402882f74e73208d014e7322c0af0001');
INSERT INTO `ec_menu` VALUES ('402882f74e73208d014e7323832f0003', '删除', '0', '', null, '2032', '402882f74e73208d014e7322c0af0001');

-- ----------------------------
-- Table structure for ec_privilege
-- ----------------------------
DROP TABLE IF EXISTS `ec_privilege`;
CREATE TABLE `ec_privilege` (
  `id` int(11) NOT NULL AUTO_INCREMENT COMMENT '默认ID',
  `privilege_name` varchar(100) COLLATE utf8_unicode_ci NOT NULL COMMENT '权限名称',
  `uri` varchar(255) COLLATE utf8_unicode_ci DEFAULT NULL COMMENT '权限URI',
  `menu_id` varchar(255) COLLATE utf8_unicode_ci DEFAULT NULL,
  `create_time` datetime DEFAULT NULL,
  `update_time` datetime DEFAULT NULL,
  PRIMARY KEY (`id`),
  KEY `p_m_fk` (`menu_id`),
  CONSTRAINT `ec_privilege_ibfk_1` FOREIGN KEY (`menu_id`) REFERENCES `ec_menu` (`id`) ON DELETE SET NULL ON UPDATE SET NULL
) ENGINE=InnoDB AUTO_INCREMENT=2042 DEFAULT CHARSET=utf8 COLLATE=utf8_unicode_ci;

-- ----------------------------
-- Records of ec_privilege
-- ----------------------------
INSERT INTO `ec_privilege` VALUES ('1913', '菜单列表', '/management/menu', '4028820b4de223b4014de223c2d20000', '2015-06-11 18:13:35', null);
INSERT INTO `ec_privilege` VALUES ('1914', '添加菜单', '/management/menu/add', '4028820b4de223b4014de223c32a0001', '2015-06-11 18:13:35', null);
INSERT INTO `ec_privilege` VALUES ('1915', '修改菜单', '/management/menu/edit', '4028820b4de223b4014de223c35d0002', '2015-06-11 18:13:35', null);
INSERT INTO `ec_privilege` VALUES ('1916', '删除菜单', '/management/menu/delete', '4028820b4de223b4014de223c39f0003', '2015-06-11 18:13:35', null);
INSERT INTO `ec_privilege` VALUES ('1918', '用户管理', '/management/user', '4028820b4de2263e014de22960f90002', '2015-06-11 18:13:35', null);
INSERT INTO `ec_privilege` VALUES ('1919', '添加用户', '/management/user/add', '4028820b4de2263e014de22984c40003', '2015-06-11 18:13:35', null);
INSERT INTO `ec_privilege` VALUES ('1920', '查看用户', '/management/user/show', '4028820b4de2263e014de229d3790005', '2015-06-11 18:13:35', null);
INSERT INTO `ec_privilege` VALUES ('1921', '修改用户', '/management/user/edit', '4028820b4de2263e014de229a3440004', '2015-06-11 18:13:35', null);
INSERT INTO `ec_privilege` VALUES ('1922', '删除用户', '/management/user/delete', '4028820b4de2263e014de229efbd0006', '2015-06-11 18:13:35', null);
INSERT INTO `ec_privilege` VALUES ('1923', '分配角色', '/management/user/role', '4028820b4de2263e014de22d59ab000a', '2015-06-11 18:13:35', null);
INSERT INTO `ec_privilege` VALUES ('1924', '重置密码', '/management/user/password', '4028820b4de2263e014de22d87ea000b', '2015-06-11 18:13:35', null);
INSERT INTO `ec_privilege` VALUES ('1925', '部门管理', '/management/department', '4028820b4de2263e014de22e1e36000d', '2015-06-11 18:13:35', null);
INSERT INTO `ec_privilege` VALUES ('1926', '新建部门', '/management/department/add', '4028820b4de2263e014de22e441a000e', '2015-06-11 18:13:35', null);
INSERT INTO `ec_privilege` VALUES ('1927', '编辑部门', '/management/department/edit', '4028820b4de2263e014de22e6c7a000f', '2015-06-11 18:13:35', null);
INSERT INTO `ec_privilege` VALUES ('1928', '删除部门', '/management/department/delete', '4028820b4de2263e014de22e8abf0010', '2015-06-11 18:13:35', null);
INSERT INTO `ec_privilege` VALUES ('1929', '角色管理', '/management/role', '4028820b4de2263e014de22bb0d70007', '2015-06-11 18:13:35', null);
INSERT INTO `ec_privilege` VALUES ('1930', '添加角色', '/management/role/add', '4028820b4de2263e014de22bdbc60008', '2015-06-11 18:13:35', null);
INSERT INTO `ec_privilege` VALUES ('1931', '修改角色', '/management/role/edit', '4028820b4de2263e014de22d141a0009', '2015-06-11 18:13:35', null);
INSERT INTO `ec_privilege` VALUES ('1932', '删除角色', '/management/role/delete', '4028820b4de2263e014de22dc365000c', '2015-06-11 18:13:35', null);
INSERT INTO `ec_privilege` VALUES ('1933', '权限管理', '/management/privilege', '4028820b4de2263e014de22ec9f70011', '2015-06-11 18:13:35', null);
INSERT INTO `ec_privilege` VALUES ('1934', '添加权限', '/management/privilege/add', '4028820b4de2263e014de22eee690012', '2015-06-11 18:13:35', null);
INSERT INTO `ec_privilege` VALUES ('1935', '修改权限', '/management/privilege/edit', '4028820b4de2263e014de22f12ea0013', '2015-06-11 18:13:35', null);
INSERT INTO `ec_privilege` VALUES ('1936', '删除权限', '/management/privilege/delete', '4028820b4de2263e014de22f383c0014', '2015-06-11 18:13:35', null);
INSERT INTO `ec_privilege` VALUES ('1937', '上传图标', '/management/privilege/upload', '4028824c4de6705f014de6e17f6c0036', '2015-06-11 18:13:35', null);
INSERT INTO `ec_privilege` VALUES ('1939', '系统设置', '/management/settings/website', '4028820b4de2263e014de22f8af60016', '2015-06-11 18:13:35', null);
INSERT INTO `ec_privilege` VALUES ('1941', '单价管理', '/baseservice/price', '4028824c4de60d34014de64ed1880007', '2015-06-12 09:53:26', null);
INSERT INTO `ec_privilege` VALUES ('1942', '添加单价', '/baseservice/price/add', '4028824c4de6705f014de6ca5922000e', '2015-06-12 09:53:26', null);
INSERT INTO `ec_privilege` VALUES ('1943', '修改单价', '/baseservice/price/edit', '4028824c4de6705f014de6ca89ee000f', '2015-06-12 09:53:26', null);
INSERT INTO `ec_privilege` VALUES ('1944', '删除单价', '/baseservice/price/delete', '4028824c4de6705f014de6cab21b0010', '2015-06-12 09:53:26', null);
INSERT INTO `ec_privilege` VALUES ('1945', '材质类型', '/baseservice/material_type', '4028824c4de60d34014de64f3de40008', '2015-06-12 09:53:26', null);
INSERT INTO `ec_privilege` VALUES ('1946', '增加材质类型', '/baseservice/material_type/add', '4028824c4de6705f014de6c94e21000a', '2015-06-12 09:53:26', null);
INSERT INTO `ec_privilege` VALUES ('1947', '查看材质类型', '/baseservice/material_type/detail', '4028824c4de6705f014de6c9d005000c', '2015-06-12 09:53:26', null);
INSERT INTO `ec_privilege` VALUES ('1948', '删除材质类型', '/baseservice/material_type/delete', '4028824c4de6705f014de6c98972000b', '2015-06-12 09:53:26', null);
INSERT INTO `ec_privilege` VALUES ('1949', '更新材质类型', '/baseservice/material_type/edit', '4028824c4de6705f014de6ca2511000d', '2015-06-12 09:53:26', null);
INSERT INTO `ec_privilege` VALUES ('1950', '滚动计划', '/baseservice/rollingplan', '4028824c4de6705f014de6cc55b00011', '2015-06-12 09:53:26', null);
INSERT INTO `ec_privilege` VALUES ('1951', '上传滚动计划', '/baseservice/rollingplan/import', '4028824c4de6705f014de6ccbd460012', '2015-06-12 09:53:26', null);
INSERT INTO `ec_privilege` VALUES ('1952', '添加滚动计划', '/baseservice/rollingplan/add', '4028824c4de6705f014de6ccf0070013', '2015-06-12 09:53:26', null);
INSERT INTO `ec_privilege` VALUES ('1953', '修改滚动计划', '/baseservice/rollingplan/edit', '4028824c4de6705f014de6cd2dfd0014', '2015-06-12 09:53:26', null);
INSERT INTO `ec_privilege` VALUES ('1954', '删除滚动计划', '/baseservice/rollingplan/delete', '4028824c4de6705f014de6cd69d60015', '2015-06-12 09:53:26', null);
INSERT INTO `ec_privilege` VALUES ('1955', '查看工序步骤', '/baseservice/rollingplan/workstep', '4028824c4de6705f014de6ce45390016', '2015-06-12 09:53:26', null);
INSERT INTO `ec_privilege` VALUES ('1956', '添加工序步骤', '/baseservice/rollingplan/workstep/add', '4028824c4de6705f014de6ce848d0017', '2015-06-12 09:53:26', null);
INSERT INTO `ec_privilege` VALUES ('1957', '修改工序步骤', '/baseservice/rollingplan/workstep/edit', '4028824c4de6705f014de6ceb7e80018', '2015-06-12 09:53:26', null);
INSERT INTO `ec_privilege` VALUES ('1958', '查看工序步骤明细', '/baseservice/rollingplan/workstep/detail', '4028824c4de6705f014de6cef43f0019', '2015-06-12 09:53:26', null);
INSERT INTO `ec_privilege` VALUES ('1959', '删除工序步骤', '/baseservice/rollingplan/workstep/delete', '4028824c4de6705f014de6cf2ed9001a', '2015-06-12 09:53:26', null);
INSERT INTO `ec_privilege` VALUES ('1960', '导入工序', '/baseservice/rollingplan/workstep/import', '4028824c4de6705f014de6cf5cce001b', '2015-06-12 09:53:26', null);
INSERT INTO `ec_privilege` VALUES ('1961', '问题配置', '/baseservice/setting/problem', '4028824c4de6705f014de6d19c710021', '2015-06-12 09:53:26', null);
INSERT INTO `ec_privilege` VALUES ('1963', '分派到班组', '/construction/team', '4028824c4de60d34014de65227c60009', '2015-06-12 09:53:26', null);
INSERT INTO `ec_privilege` VALUES ('1964', '分派到班组', '/construction/team/assign', '402882234de73907014de74441bd0000', '2015-06-12 09:53:26', null);
INSERT INTO `ec_privilege` VALUES ('1965', '已分派班组', '/construction/team/already', '4028824c4de6705f014de6d8d06f0027', '2015-06-12 09:53:26', null);
INSERT INTO `ec_privilege` VALUES ('1966', '改派', '/construction/team/modify', '4028824c4de6705f014de6daed4b002a', '2015-06-12 09:53:26', null);
INSERT INTO `ec_privilege` VALUES ('1967', '解除分派', '/construction/team/release', '4028824c4de6705f014de6d9a8700028', '2015-06-12 09:53:26', null);
INSERT INTO `ec_privilege` VALUES ('1968', '分派到组长', '/construction/endman', '4028824c4de60d34014de65291fe000a', '2015-06-12 09:53:26', null);
INSERT INTO `ec_privilege` VALUES ('1969', '分派到组长', '/construction/endman/assign', '4028824c4de6705f014de6d737b50025', '2015-06-12 09:53:26', null);
INSERT INTO `ec_privilege` VALUES ('1970', '已分派组长', '/construction/endman/already', '4028824c4de6705f014de6d8864b0026', '2015-06-12 09:53:26', null);
INSERT INTO `ec_privilege` VALUES ('1971', '改派', '/construction/endman/modify', '4028824c4de6705f014de6db20ef002b', '2015-06-12 09:53:26', null);
INSERT INTO `ec_privilege` VALUES ('1972', '解除分派', '/construction/endman/release', '4028824c4de6705f014de6da80a90029', '2015-06-12 09:53:26', null);
INSERT INTO `ec_privilege` VALUES ('1973', '我的任务', '/construction/mytask', '4028824c4de60d34014de6542bb3000b', '2015-06-12 09:53:26', null);
INSERT INTO `ec_privilege` VALUES ('1974', '进入任务', '/construction/mytask/view', '4028824c4de6705f014de6dd2ac2002c', '2015-06-12 09:53:26', null);
INSERT INTO `ec_privilege` VALUES ('1975', '发起见证', '/construction/mytask/witness', '4028824c4de6705f014de6de1bf7002d', '2015-06-12 09:53:26', null);
INSERT INTO `ec_privilege` VALUES ('1976', '见证状态', '/construction/mytask/witness/view', '4028824c4de6705f014de6de6b01002e', '2015-06-12 09:53:26', null);
INSERT INTO `ec_privilege` VALUES ('1977', '回填信息', '/construction/mytask/workstep/result', '4028824c4de6705f014de6debd0e002f', '2015-06-12 09:53:26', null);
INSERT INTO `ec_privilege` VALUES ('1978', '修改回填信息', '/construction/mytask/workstep/result/edit', '4028824c4de6705f014de6df05a70030', '2015-06-12 09:53:26', null);
INSERT INTO `ec_privilege` VALUES ('1979', '完成信息', '/construction/mytask/rollingplan/result', '4028824c4de6705f014de6df7aa20031', '2015-06-12 09:53:26', null);
INSERT INTO `ec_privilege` VALUES ('1980', '修改完成信息', '/construction/mytask/rollingplan/result/edit', '4028824c4de6705f014de6dfc6400032', '2015-06-12 09:53:26', null);
INSERT INTO `ec_privilege` VALUES ('1981', '我完成的任务', '/construction/mytask/already', '4028824c4de6705f014de6e00b010033', '2015-06-12 09:53:26', null);
INSERT INTO `ec_privilege` VALUES ('1983', '班组任务统计', '/statistics/taskteam', '4028824c4de60d34014de6566e51000c', '2015-06-12 09:53:26', null);
INSERT INTO `ec_privilege` VALUES ('1984', '各组任务统计', '/statistics/taskgroup', '4028824c4de60d34014de65a25cc0010', '2015-06-12 09:53:26', null);
INSERT INTO `ec_privilege` VALUES ('1985', '任务状态统计', '/statistics/taskstatus', '4028824c4de60d34014de6588d1c000d', '2015-06-12 09:53:26', null);
INSERT INTO `ec_privilege` VALUES ('1986', '任务完成统计', '/statistics/hyperbola', '4028824c4de60d34014de658f3e7000e', '2015-06-12 09:53:26', null);
INSERT INTO `ec_privilege` VALUES ('1987', '任务价格统计', '/statistics/taskprice', '4028824c4de60d34014de659497a000f', '2015-06-12 09:53:26', null);
INSERT INTO `ec_privilege` VALUES ('1989', '计划表名词', '/variable/planningtable', '4028824c4de6705f014de6d09202001d', '2015-06-12 09:53:26', null);
INSERT INTO `ec_privilege` VALUES ('1990', '焊口/支架名词', '/variable/welddistinguish', '4028824c4de6705f014de6d101ff001f', '2015-06-12 09:53:26', null);
INSERT INTO `ec_privilege` VALUES ('1991', '分派班组名词', '/variable/assigntype', '4028824c4de6705f014de6d1f4d10022', '2015-06-12 09:53:26', null);
INSERT INTO `ec_privilege` VALUES ('1992', '单价名词', '/variable/price', '4028824c4de6705f014de6d0c32f001e', '2015-06-12 09:53:26', null);
INSERT INTO `ec_privilege` VALUES ('1993', '见证人名词', '/variable/witnesstype', '4028824c4de6705f014de6d035ba001c', '2015-06-12 09:53:26', null);
INSERT INTO `ec_privilege` VALUES ('1994', '滞后时间设置', '/variable/hysteresis', '4028824c4de6705f014de6d153780020', '2015-06-12 09:53:26', null);
INSERT INTO `ec_privilege` VALUES ('1995', '问题明细', '/hd/workstep/problem/detail', '4028824c4de6705f014de6d5c8df0023', '2015-06-12 09:53:26', null);
INSERT INTO `ec_privilege` VALUES ('1996', '处理问题', '/hd/workstep/problem/handle', '4028824c4de6705f014de6c56efb0002', '2015-06-12 09:53:26', null);
INSERT INTO `ec_privilege` VALUES ('1997', '创建问题', '/hd/workstep/problem/add', '4028824c4de6705f014de6c7d6f20008', '2015-06-12 09:53:26', null);
INSERT INTO `ec_privilege` VALUES ('1998', '解决人', '/hd/workstep/problem/solvers', '4028824c4de6705f014de6c8b5a30009', '2015-06-12 09:53:26', null);
INSERT INTO `ec_privilege` VALUES ('1999', '上传文件', '/hd/workstep/problem/upload', '4028824c4de6705f014de6e060cd0034', '2015-06-12 09:53:26', null);
INSERT INTO `ec_privilege` VALUES ('2000', '需要处理的问题', '/hd/workstep/problem', '4028824c4de578a7014de581cd4a0003', '2015-06-12 09:53:26', null);
INSERT INTO `ec_privilege` VALUES ('2001', '已解决问题明细', '/hd/workstep/problem/solved/detail', '4028824c4de6705f014de6c65eef0004', '2015-06-12 09:53:26', null);
INSERT INTO `ec_privilege` VALUES ('2002', '已解决问题', '/hd/workstep/problem/solved', '4028824c4de578a7014de58316230006', '2015-06-12 09:53:26', null);
INSERT INTO `ec_privilege` VALUES ('2003', '未解决问题明细', '/hd/workstep/problem/unsolved/detail', '4028824c4de6705f014de6c6a5730005', '2015-06-12 09:53:26', null);
INSERT INTO `ec_privilege` VALUES ('2004', '未解决问题', '/hd/workstep/problem/unsolved', '4028824c4de578a7014de582bad30005', '2015-06-12 09:53:26', null);
INSERT INTO `ec_privilege` VALUES ('2005', '发起的问题明细', '/hd/workstep/problem/created/detail', '4028824c4de6705f014de6c701250006', '2015-06-12 09:53:26', null);
INSERT INTO `ec_privilege` VALUES ('2006', '删除问题', '/hd/workstep/problem/created/delete', '4028824c4de6705f014de6c60ea70003', '2015-06-12 09:53:26', null);
INSERT INTO `ec_privilege` VALUES ('2007', '发起的问题', '/hd/workstep/problem/created', '4028824c4de60d34014de64883a90001', '2015-06-12 09:53:26', null);
INSERT INTO `ec_privilege` VALUES ('2008', '发起的问题明细', '/hd/workstep/problem/toconfirm/detail', '4028824c4de6705f014de6c43db50001', '2015-06-12 09:53:26', null);
INSERT INTO `ec_privilege` VALUES ('2009', '问题确认', '/hd/workstep/problem/solveconfirm', '4028824c4de6705f014de6c2d0a10000', '2015-06-12 09:53:26', null);
INSERT INTO `ec_privilege` VALUES ('2010', '需要确认的问题', '/hd/workstep/problem/toconfirm', '4028824c4de578a7014de582626b0004', '2015-06-12 09:53:26', null);
INSERT INTO `ec_privilege` VALUES ('2011', '关注的问题明细', '/hd/workstep/problem/toconcerned/detail', '4028824c4de6705f014de6c77ce10007', '2015-06-12 09:53:26', null);
INSERT INTO `ec_privilege` VALUES ('2012', '删除关注人', '/hd/workstep/problem/concernman/delete', '4028824c4de6705f014de6d6451b0024', '2015-06-12 09:53:26', null);
INSERT INTO `ec_privilege` VALUES ('2013', '关注的问题', '/hd/workstep/problem/toconcerned', '4028824c4de60d34014de64782700000', '2015-06-12 09:53:26', null);
INSERT INTO `ec_privilege` VALUES ('2016', '分派见证', '/witness/witnesser', '4028824c4de65ea6014de65feaf10000', '2015-06-12 14:04:40', null);
INSERT INTO `ec_privilege` VALUES ('2017', '分派到见证人', '/witness/witnesser/assign', '4028824c4de65ea6014de66104700002', '2015-06-12 14:04:40', null);
INSERT INTO `ec_privilege` VALUES ('2018', '已分派见证', '/witness/witnesser/already', '4028824c4de65ea6014de66090c40001', '2015-06-12 14:04:40', null);
INSERT INTO `ec_privilege` VALUES ('2019', '改派', '/witness/witnesser/modify', '4028824c4de65ea6014de661859f0003', '2015-06-12 14:04:40', null);
INSERT INTO `ec_privilege` VALUES ('2020', '解除分派', '/witness/witnesser/release', '4028824c4de65ea6014de661c5bb0004', '2015-06-12 14:04:40', null);
INSERT INTO `ec_privilege` VALUES ('2021', '未完成见证', '/witness/witnesser/uncomplete', '4028824c4de65ea6014de66225930005', '2015-06-12 14:04:40', null);
INSERT INTO `ec_privilege` VALUES ('2022', '见证结果', '/witness/witnesser/result', '4028824c4de65ea6014de662c1f50006', '2015-06-12 14:04:40', null);
INSERT INTO `ec_privilege` VALUES ('2023', '已完成见证', '/witness/witnesser/complete', '4028824c4de65ea6014de66350530007', '2015-06-12 14:04:40', null);
INSERT INTO `ec_privilege` VALUES ('2024', '修改见证结果', '/witness/witnesser/result/edit', '4028824c4de65ea6014de6638f740008', '2015-06-12 14:04:40', null);
INSERT INTO `ec_privilege` VALUES ('2025', '我发起的见证', '/witness/mylaunch', '4028824c4de65ea6014de663f5060009', '2015-06-12 14:04:40', null);
INSERT INTO `ec_privilege` VALUES ('2026', '我的见证', '/witness/myevent', '4028824c4de65ea6014de664be85000a', '2015-06-12 14:04:40', null);
INSERT INTO `ec_privilege` VALUES ('2027', '见证结果', '/witness/myevent/result', '4028824c4de65ea6014de662c1f50006', '2015-06-12 14:04:40', null);
INSERT INTO `ec_privilege` VALUES ('2028', '修改见证结果', '/witness/myevent/result/edit', '4028824c4de65ea6014de6638f740008', '2015-06-12 14:04:40', null);
INSERT INTO `ec_privilege` VALUES ('2030', '流程文件', '/workflow/zips', '402882f74e73208d014e7322c0af0001', '2015-06-12 14:04:40', null);
INSERT INTO `ec_privilege` VALUES ('2031', '上传文件', '/workflow/zips/upload', '4028824c4de6705f014de6e0d9e60035', '2015-06-12 14:04:40', null);
INSERT INTO `ec_privilege` VALUES ('2032', '删除', '/workflow/zips/delete', '402882f74e73208d014e7323832f0003', '2015-06-12 14:04:40', null);
INSERT INTO `ec_privilege` VALUES ('2033', '发布', '/workflow/zips/deploy', '402882f74e73208d014e732301ba0002', '2015-06-12 14:04:40', null);
INSERT INTO `ec_privilege` VALUES ('2034', '下载滚动计划模板', '/baseservice/rollingplan/download', '402882f74e3811d0014e38191d5a0000', '2015-06-28 10:10:08', null);
INSERT INTO `ec_privilege` VALUES ('2035', '确认的问题明细', '/hd/workstep/problem/confirm/detail', '4028824c4de6705f014de6c43db50001', '2015-07-03 13:35:01', null);
INSERT INTO `ec_privilege` VALUES ('2036', '滚动计划问题', '/hd/workstep/problem/rollingplan', null, '2015-07-04 17:32:28', null);
INSERT INTO `ec_privilege` VALUES ('2037', '滚动计划问题明细', '/hd/workstep/problem/rollingplan/detail', null, '2015-07-04 17:32:28', null);
INSERT INTO `ec_privilege` VALUES ('2038', '我的见证结果', '/witness/myevent/launch', '402882f74e5c6fc1014e5c71cb060000', '2015-07-05 10:25:35', null);
INSERT INTO `ec_privilege` VALUES ('2039', '修改我的见证结果', '/witness/myevent/launch/edit', '402882f74e5c6fc1014e5c7214090001', '2015-07-05 10:25:35', null);
INSERT INTO `ec_privilege` VALUES ('2040', '分派完成情况', '/witness/witnesser/assign/view', '402882f74e5c6fc1014e5c7271970002', '2015-07-05 12:18:29', null);
INSERT INTO `ec_privilege` VALUES ('2041', '我完成的见证', '/witness/myevent/already', '402882f74e5cb6a3014e5cb79ecc0000', '2015-07-05 13:35:54', null);

-- ----------------------------
-- Table structure for ec_role
-- ----------------------------
DROP TABLE IF EXISTS `ec_role`;
CREATE TABLE `ec_role` (
  `id` int(11) NOT NULL AUTO_INCREMENT,
  `role_name` varchar(100) COLLATE utf8_unicode_ci NOT NULL COMMENT '角色名',
  `department_id` int(11) DEFAULT NULL COMMENT '部门ID',
  PRIMARY KEY (`id`),
  KEY `role_department_fk` (`department_id`),
  CONSTRAINT `ec_role_ibfk_1` FOREIGN KEY (`department_id`) REFERENCES `ec_department` (`id`) ON DELETE CASCADE ON UPDATE CASCADE
) ENGINE=InnoDB AUTO_INCREMENT=151 DEFAULT CHARSET=utf8 COLLATE=utf8_unicode_ci;

-- ----------------------------
-- Records of ec_role
-- ----------------------------
INSERT INTO `ec_role` VALUES ('118', '技术经理', '59');
INSERT INTO `ec_role` VALUES ('119', '工程经理', '59');
INSERT INTO `ec_role` VALUES ('120', '项目经理', '59');
INSERT INTO `ec_role` VALUES ('121', '班组承包人', '60');
INSERT INTO `ec_role` VALUES ('122', '熊占文组组长', '87');
INSERT INTO `ec_role` VALUES ('124', '李敏组组长', '89');
INSERT INTO `ec_role` VALUES ('125', '班组承包人', '86');
INSERT INTO `ec_role` VALUES ('126', '张焕森组组长', '90');
INSERT INTO `ec_role` VALUES ('127', '游勇组组长', '91');
INSERT INTO `ec_role` VALUES ('128', '技术部经理', '54');
INSERT INTO `ec_role` VALUES ('129', '技术部', '54');
INSERT INTO `ec_role` VALUES ('130', '工程部经理', '55');
INSERT INTO `ec_role` VALUES ('131', '工程部工程师', '55');
INSERT INTO `ec_role` VALUES ('132', '物资部经理', '56');
INSERT INTO `ec_role` VALUES ('133', '物资部工程师', '56');
INSERT INTO `ec_role` VALUES ('134', '质检部经理', '57');
INSERT INTO `ec_role` VALUES ('135', '质检部工程师', '57');
INSERT INTO `ec_role` VALUES ('136', '质保部经理', '58');
INSERT INTO `ec_role` VALUES ('137', '见证组长', '92');
INSERT INTO `ec_role` VALUES ('138', 'W级见证人', '92');
INSERT INTO `ec_role` VALUES ('139', 'H级见证人', '57');
INSERT INTO `ec_role` VALUES ('140', 'R级见证人', '57');
INSERT INTO `ec_role` VALUES ('141', '见证WHR', '57');
INSERT INTO `ec_role` VALUES ('142', '管道队队长', '53');
INSERT INTO `ec_role` VALUES ('143', '管道队', '53');
INSERT INTO `ec_role` VALUES ('144', 'W级见证人', '57');
INSERT INTO `ec_role` VALUES ('145', '施工管理室主任', '53');
INSERT INTO `ec_role` VALUES ('146', '协调工程师', '55');
INSERT INTO `ec_role` VALUES ('147', 'R级见证人', '92');
INSERT INTO `ec_role` VALUES ('148', 'h级见证人', '59');
INSERT INTO `ec_role` VALUES ('149', '见证组长', '57');
INSERT INTO `ec_role` VALUES ('150', '计划员', '100');

-- ----------------------------
-- Table structure for ec_role_menu
-- ----------------------------
DROP TABLE IF EXISTS `ec_role_menu`;
CREATE TABLE `ec_role_menu` (
  `role_id` int(255) NOT NULL,
  `menu_id` varchar(255) COLLATE utf8_unicode_ci DEFAULT NULL,
  KEY `r_middle_fk` (`role_id`),
  KEY `m_middle_fk` (`menu_id`),
  CONSTRAINT `ec_role_menu_ibfk_1` FOREIGN KEY (`menu_id`) REFERENCES `ec_menu` (`id`) ON DELETE CASCADE ON UPDATE CASCADE,
  CONSTRAINT `ec_role_menu_ibfk_2` FOREIGN KEY (`role_id`) REFERENCES `ec_role` (`id`) ON DELETE CASCADE ON UPDATE CASCADE
) ENGINE=InnoDB DEFAULT CHARSET=utf8 COLLATE=utf8_unicode_ci;

-- ----------------------------
-- Records of ec_role_menu
-- ----------------------------
INSERT INTO `ec_role_menu` VALUES ('118', '4028824c4de60d34014de6497ec80003');
INSERT INTO `ec_role_menu` VALUES ('118', '4028824c4de6705f014de6e00b010033');
INSERT INTO `ec_role_menu` VALUES ('118', '4028824c4de6705f014de6d8d06f0027');
INSERT INTO `ec_role_menu` VALUES ('118', '4028824c4de6705f014de6daed4b002a');
INSERT INTO `ec_role_menu` VALUES ('118', '4028824c4de6705f014de6d9a8700028');
INSERT INTO `ec_role_menu` VALUES ('118', '4028824c4de6705f014de6d8864b0026');
INSERT INTO `ec_role_menu` VALUES ('118', '4028824c4de6705f014de6db20ef002b');
INSERT INTO `ec_role_menu` VALUES ('118', '4028824c4de6705f014de6da80a90029');
INSERT INTO `ec_role_menu` VALUES ('118', '4028824c4de6705f014de6cc55b00011');
INSERT INTO `ec_role_menu` VALUES ('118', '4028824c4de6705f014de6e0d9e60035');
INSERT INTO `ec_role_menu` VALUES ('118', '4028824c4de6705f014de6cf5cce001b');
INSERT INTO `ec_role_menu` VALUES ('118', '4028824c4de6705f014de6cf2ed9001a');
INSERT INTO `ec_role_menu` VALUES ('118', '4028824c4de6705f014de6cef43f0019');
INSERT INTO `ec_role_menu` VALUES ('118', '4028824c4de6705f014de6ceb7e80018');
INSERT INTO `ec_role_menu` VALUES ('118', '4028824c4de6705f014de6ce848d0017');
INSERT INTO `ec_role_menu` VALUES ('118', '4028824c4de6705f014de6ce45390016');
INSERT INTO `ec_role_menu` VALUES ('118', '4028824c4de6705f014de6cd69d60015');
INSERT INTO `ec_role_menu` VALUES ('118', '4028824c4de6705f014de6cd2dfd0014');
INSERT INTO `ec_role_menu` VALUES ('118', '4028824c4de6705f014de6ccf0070013');
INSERT INTO `ec_role_menu` VALUES ('118', '4028824c4de6705f014de6ccbd460012');
INSERT INTO `ec_role_menu` VALUES ('118', '4028824c4de60d34014de6542bb3000b');
INSERT INTO `ec_role_menu` VALUES ('118', '4028824c4de6705f014de6e060cd0034');
INSERT INTO `ec_role_menu` VALUES ('118', '4028824c4de6705f014de6dfc6400032');
INSERT INTO `ec_role_menu` VALUES ('118', '4028824c4de6705f014de6df7aa20031');
INSERT INTO `ec_role_menu` VALUES ('118', '4028824c4de6705f014de6df05a70030');
INSERT INTO `ec_role_menu` VALUES ('118', '4028824c4de6705f014de6debd0e002f');
INSERT INTO `ec_role_menu` VALUES ('118', '4028824c4de6705f014de6de6b01002e');
INSERT INTO `ec_role_menu` VALUES ('118', '4028824c4de6705f014de6de1bf7002d');
INSERT INTO `ec_role_menu` VALUES ('118', '4028824c4de6705f014de6dd2ac2002c');
INSERT INTO `ec_role_menu` VALUES ('118', '4028824c4de6705f014de6c8b5a30009');
INSERT INTO `ec_role_menu` VALUES ('118', '4028824c4de6705f014de6c7d6f20008');
INSERT INTO `ec_role_menu` VALUES ('118', '4028824c4de60d34014de65291fe000a');
INSERT INTO `ec_role_menu` VALUES ('118', '4028824c4de6705f014de6d737b50025');
INSERT INTO `ec_role_menu` VALUES ('118', '4028824c4de60d34014de65227c60009');
INSERT INTO `ec_role_menu` VALUES ('118', '402882234de73907014de74441bd0000');
INSERT INTO `ec_role_menu` VALUES ('118', '4028824c4de60d34014de649c12f0004');
INSERT INTO `ec_role_menu` VALUES ('118', '4028824c4de65ea6014de664be85000a');
INSERT INTO `ec_role_menu` VALUES ('118', '4028824c4de65ea6014de663f5060009');
INSERT INTO `ec_role_menu` VALUES ('118', '4028824c4de65ea6014de66350530007');
INSERT INTO `ec_role_menu` VALUES ('118', '4028824c4de65ea6014de6638f740008');
INSERT INTO `ec_role_menu` VALUES ('118', '4028824c4de65ea6014de66225930005');
INSERT INTO `ec_role_menu` VALUES ('118', '4028824c4de65ea6014de662c1f50006');
INSERT INTO `ec_role_menu` VALUES ('118', '4028824c4de65ea6014de66090c40001');
INSERT INTO `ec_role_menu` VALUES ('118', '4028824c4de65ea6014de661c5bb0004');
INSERT INTO `ec_role_menu` VALUES ('118', '4028824c4de65ea6014de661859f0003');
INSERT INTO `ec_role_menu` VALUES ('118', '4028824c4de65ea6014de65feaf10000');
INSERT INTO `ec_role_menu` VALUES ('118', '4028824c4de65ea6014de66104700002');
INSERT INTO `ec_role_menu` VALUES ('118', '4028824c4de578a7014de57aaada0000');
INSERT INTO `ec_role_menu` VALUES ('118', '4028824c4de578a7014de582626b0004');
INSERT INTO `ec_role_menu` VALUES ('118', '4028824c4de6705f014de6c43db50001');
INSERT INTO `ec_role_menu` VALUES ('118', '4028824c4de6705f014de6c2d0a10000');
INSERT INTO `ec_role_menu` VALUES ('118', '4028824c4de578a7014de581cd4a0003');
INSERT INTO `ec_role_menu` VALUES ('118', '4028824c4de6705f014de6c56efb0002');
INSERT INTO `ec_role_menu` VALUES ('118', '4028824c4de578a7014de58316230006');
INSERT INTO `ec_role_menu` VALUES ('118', '4028824c4de6705f014de6c65eef0004');
INSERT INTO `ec_role_menu` VALUES ('118', '4028824c4de578a7014de582bad30005');
INSERT INTO `ec_role_menu` VALUES ('118', '4028824c4de6705f014de6c6a5730005');
INSERT INTO `ec_role_menu` VALUES ('118', '4028824c4de60d34014de64883a90001');
INSERT INTO `ec_role_menu` VALUES ('118', '4028824c4de6705f014de6d6451b0024');
INSERT INTO `ec_role_menu` VALUES ('118', '4028824c4de6705f014de6c701250006');
INSERT INTO `ec_role_menu` VALUES ('118', '4028824c4de6705f014de6c60ea70003');
INSERT INTO `ec_role_menu` VALUES ('118', '4028824c4de60d34014de64782700000');
INSERT INTO `ec_role_menu` VALUES ('118', '4028824c4de6705f014de6d5c8df0023');
INSERT INTO `ec_role_menu` VALUES ('118', '4028824c4de6705f014de6c77ce10007');
INSERT INTO `ec_role_menu` VALUES ('118', '4028824c4de60d34014de649effa0005');
INSERT INTO `ec_role_menu` VALUES ('118', '4028824c4de60d34014de65a25cc0010');
INSERT INTO `ec_role_menu` VALUES ('118', '4028824c4de60d34014de659497a000f');
INSERT INTO `ec_role_menu` VALUES ('118', '4028824c4de60d34014de658f3e7000e');
INSERT INTO `ec_role_menu` VALUES ('118', '4028824c4de60d34014de6588d1c000d');
INSERT INTO `ec_role_menu` VALUES ('118', '4028824c4de60d34014de6566e51000c');
INSERT INTO `ec_role_menu` VALUES ('119', '4028824c4de60d34014de6497ec80003');
INSERT INTO `ec_role_menu` VALUES ('119', '4028824c4de6705f014de6e00b010033');
INSERT INTO `ec_role_menu` VALUES ('119', '4028824c4de6705f014de6d8d06f0027');
INSERT INTO `ec_role_menu` VALUES ('119', '4028824c4de6705f014de6daed4b002a');
INSERT INTO `ec_role_menu` VALUES ('119', '4028824c4de6705f014de6d9a8700028');
INSERT INTO `ec_role_menu` VALUES ('119', '4028824c4de6705f014de6d8864b0026');
INSERT INTO `ec_role_menu` VALUES ('119', '4028824c4de6705f014de6db20ef002b');
INSERT INTO `ec_role_menu` VALUES ('119', '4028824c4de6705f014de6da80a90029');
INSERT INTO `ec_role_menu` VALUES ('119', '4028824c4de6705f014de6cc55b00011');
INSERT INTO `ec_role_menu` VALUES ('119', '4028824c4de6705f014de6e0d9e60035');
INSERT INTO `ec_role_menu` VALUES ('119', '4028824c4de6705f014de6cf5cce001b');
INSERT INTO `ec_role_menu` VALUES ('119', '4028824c4de6705f014de6cf2ed9001a');
INSERT INTO `ec_role_menu` VALUES ('119', '4028824c4de6705f014de6cef43f0019');
INSERT INTO `ec_role_menu` VALUES ('119', '4028824c4de6705f014de6ceb7e80018');
INSERT INTO `ec_role_menu` VALUES ('119', '4028824c4de6705f014de6ce848d0017');
INSERT INTO `ec_role_menu` VALUES ('119', '4028824c4de6705f014de6ce45390016');
INSERT INTO `ec_role_menu` VALUES ('119', '4028824c4de6705f014de6cd69d60015');
INSERT INTO `ec_role_menu` VALUES ('119', '4028824c4de6705f014de6cd2dfd0014');
INSERT INTO `ec_role_menu` VALUES ('119', '4028824c4de6705f014de6ccf0070013');
INSERT INTO `ec_role_menu` VALUES ('119', '4028824c4de6705f014de6ccbd460012');
INSERT INTO `ec_role_menu` VALUES ('119', '4028824c4de60d34014de6542bb3000b');
INSERT INTO `ec_role_menu` VALUES ('119', '4028824c4de6705f014de6e060cd0034');
INSERT INTO `ec_role_menu` VALUES ('119', '4028824c4de6705f014de6dfc6400032');
INSERT INTO `ec_role_menu` VALUES ('119', '4028824c4de6705f014de6df7aa20031');
INSERT INTO `ec_role_menu` VALUES ('119', '4028824c4de6705f014de6df05a70030');
INSERT INTO `ec_role_menu` VALUES ('119', '4028824c4de6705f014de6debd0e002f');
INSERT INTO `ec_role_menu` VALUES ('119', '4028824c4de6705f014de6de6b01002e');
INSERT INTO `ec_role_menu` VALUES ('119', '4028824c4de6705f014de6de1bf7002d');
INSERT INTO `ec_role_menu` VALUES ('119', '4028824c4de6705f014de6dd2ac2002c');
INSERT INTO `ec_role_menu` VALUES ('119', '4028824c4de6705f014de6c8b5a30009');
INSERT INTO `ec_role_menu` VALUES ('119', '4028824c4de6705f014de6c7d6f20008');
INSERT INTO `ec_role_menu` VALUES ('119', '4028824c4de60d34014de65291fe000a');
INSERT INTO `ec_role_menu` VALUES ('119', '4028824c4de6705f014de6d737b50025');
INSERT INTO `ec_role_menu` VALUES ('119', '4028824c4de60d34014de65227c60009');
INSERT INTO `ec_role_menu` VALUES ('119', '402882234de73907014de74441bd0000');
INSERT INTO `ec_role_menu` VALUES ('119', '4028824c4de60d34014de649c12f0004');
INSERT INTO `ec_role_menu` VALUES ('119', '4028824c4de65ea6014de664be85000a');
INSERT INTO `ec_role_menu` VALUES ('119', '4028824c4de65ea6014de663f5060009');
INSERT INTO `ec_role_menu` VALUES ('119', '4028824c4de65ea6014de66350530007');
INSERT INTO `ec_role_menu` VALUES ('119', '4028824c4de65ea6014de6638f740008');
INSERT INTO `ec_role_menu` VALUES ('119', '4028824c4de65ea6014de66225930005');
INSERT INTO `ec_role_menu` VALUES ('119', '4028824c4de65ea6014de662c1f50006');
INSERT INTO `ec_role_menu` VALUES ('119', '4028824c4de65ea6014de66090c40001');
INSERT INTO `ec_role_menu` VALUES ('119', '4028824c4de65ea6014de661c5bb0004');
INSERT INTO `ec_role_menu` VALUES ('119', '4028824c4de65ea6014de661859f0003');
INSERT INTO `ec_role_menu` VALUES ('119', '4028824c4de65ea6014de65feaf10000');
INSERT INTO `ec_role_menu` VALUES ('119', '4028824c4de65ea6014de66104700002');
INSERT INTO `ec_role_menu` VALUES ('119', '4028824c4de578a7014de57aaada0000');
INSERT INTO `ec_role_menu` VALUES ('119', '4028824c4de578a7014de582626b0004');
INSERT INTO `ec_role_menu` VALUES ('119', '4028824c4de6705f014de6c43db50001');
INSERT INTO `ec_role_menu` VALUES ('119', '4028824c4de6705f014de6c2d0a10000');
INSERT INTO `ec_role_menu` VALUES ('119', '4028824c4de578a7014de581cd4a0003');
INSERT INTO `ec_role_menu` VALUES ('119', '4028824c4de6705f014de6c56efb0002');
INSERT INTO `ec_role_menu` VALUES ('119', '4028824c4de578a7014de58316230006');
INSERT INTO `ec_role_menu` VALUES ('119', '4028824c4de6705f014de6c65eef0004');
INSERT INTO `ec_role_menu` VALUES ('119', '4028824c4de578a7014de582bad30005');
INSERT INTO `ec_role_menu` VALUES ('119', '4028824c4de6705f014de6c6a5730005');
INSERT INTO `ec_role_menu` VALUES ('119', '4028824c4de60d34014de64883a90001');
INSERT INTO `ec_role_menu` VALUES ('119', '4028824c4de6705f014de6d6451b0024');
INSERT INTO `ec_role_menu` VALUES ('119', '4028824c4de6705f014de6c701250006');
INSERT INTO `ec_role_menu` VALUES ('119', '4028824c4de6705f014de6c60ea70003');
INSERT INTO `ec_role_menu` VALUES ('119', '4028824c4de60d34014de64782700000');
INSERT INTO `ec_role_menu` VALUES ('119', '4028824c4de6705f014de6d5c8df0023');
INSERT INTO `ec_role_menu` VALUES ('119', '4028824c4de6705f014de6c77ce10007');
INSERT INTO `ec_role_menu` VALUES ('119', '4028824c4de60d34014de649effa0005');
INSERT INTO `ec_role_menu` VALUES ('119', '4028824c4de60d34014de65a25cc0010');
INSERT INTO `ec_role_menu` VALUES ('119', '4028824c4de60d34014de659497a000f');
INSERT INTO `ec_role_menu` VALUES ('119', '4028824c4de60d34014de658f3e7000e');
INSERT INTO `ec_role_menu` VALUES ('119', '4028824c4de60d34014de6588d1c000d');
INSERT INTO `ec_role_menu` VALUES ('119', '4028824c4de60d34014de6566e51000c');
INSERT INTO `ec_role_menu` VALUES ('120', '4028824c4de60d34014de6497ec80003');
INSERT INTO `ec_role_menu` VALUES ('120', '4028824c4de6705f014de6e00b010033');
INSERT INTO `ec_role_menu` VALUES ('120', '4028824c4de6705f014de6d8d06f0027');
INSERT INTO `ec_role_menu` VALUES ('120', '4028824c4de6705f014de6daed4b002a');
INSERT INTO `ec_role_menu` VALUES ('120', '4028824c4de6705f014de6d9a8700028');
INSERT INTO `ec_role_menu` VALUES ('120', '4028824c4de6705f014de6d8864b0026');
INSERT INTO `ec_role_menu` VALUES ('120', '4028824c4de6705f014de6db20ef002b');
INSERT INTO `ec_role_menu` VALUES ('120', '4028824c4de6705f014de6da80a90029');
INSERT INTO `ec_role_menu` VALUES ('120', '4028824c4de6705f014de6cc55b00011');
INSERT INTO `ec_role_menu` VALUES ('120', '4028824c4de6705f014de6e0d9e60035');
INSERT INTO `ec_role_menu` VALUES ('120', '4028824c4de6705f014de6cf5cce001b');
INSERT INTO `ec_role_menu` VALUES ('120', '4028824c4de6705f014de6cf2ed9001a');
INSERT INTO `ec_role_menu` VALUES ('120', '4028824c4de6705f014de6cef43f0019');
INSERT INTO `ec_role_menu` VALUES ('120', '4028824c4de6705f014de6ceb7e80018');
INSERT INTO `ec_role_menu` VALUES ('120', '4028824c4de6705f014de6ce848d0017');
INSERT INTO `ec_role_menu` VALUES ('120', '4028824c4de6705f014de6ce45390016');
INSERT INTO `ec_role_menu` VALUES ('120', '4028824c4de6705f014de6cd69d60015');
INSERT INTO `ec_role_menu` VALUES ('120', '4028824c4de6705f014de6cd2dfd0014');
INSERT INTO `ec_role_menu` VALUES ('120', '4028824c4de6705f014de6ccf0070013');
INSERT INTO `ec_role_menu` VALUES ('120', '4028824c4de6705f014de6ccbd460012');
INSERT INTO `ec_role_menu` VALUES ('120', '4028824c4de60d34014de6542bb3000b');
INSERT INTO `ec_role_menu` VALUES ('120', '4028824c4de6705f014de6e060cd0034');
INSERT INTO `ec_role_menu` VALUES ('120', '4028824c4de6705f014de6dfc6400032');
INSERT INTO `ec_role_menu` VALUES ('120', '4028824c4de6705f014de6df7aa20031');
INSERT INTO `ec_role_menu` VALUES ('120', '4028824c4de6705f014de6df05a70030');
INSERT INTO `ec_role_menu` VALUES ('120', '4028824c4de6705f014de6debd0e002f');
INSERT INTO `ec_role_menu` VALUES ('120', '4028824c4de6705f014de6de6b01002e');
INSERT INTO `ec_role_menu` VALUES ('120', '4028824c4de6705f014de6de1bf7002d');
INSERT INTO `ec_role_menu` VALUES ('120', '4028824c4de6705f014de6dd2ac2002c');
INSERT INTO `ec_role_menu` VALUES ('120', '4028824c4de6705f014de6c8b5a30009');
INSERT INTO `ec_role_menu` VALUES ('120', '4028824c4de6705f014de6c7d6f20008');
INSERT INTO `ec_role_menu` VALUES ('120', '4028824c4de60d34014de65291fe000a');
INSERT INTO `ec_role_menu` VALUES ('120', '4028824c4de6705f014de6d737b50025');
INSERT INTO `ec_role_menu` VALUES ('120', '4028824c4de60d34014de65227c60009');
INSERT INTO `ec_role_menu` VALUES ('120', '402882234de73907014de74441bd0000');
INSERT INTO `ec_role_menu` VALUES ('120', '4028824c4de60d34014de649c12f0004');
INSERT INTO `ec_role_menu` VALUES ('120', '4028824c4de65ea6014de664be85000a');
INSERT INTO `ec_role_menu` VALUES ('120', '4028824c4de65ea6014de663f5060009');
INSERT INTO `ec_role_menu` VALUES ('120', '4028824c4de65ea6014de66350530007');
INSERT INTO `ec_role_menu` VALUES ('120', '4028824c4de65ea6014de6638f740008');
INSERT INTO `ec_role_menu` VALUES ('120', '4028824c4de65ea6014de66225930005');
INSERT INTO `ec_role_menu` VALUES ('120', '4028824c4de65ea6014de662c1f50006');
INSERT INTO `ec_role_menu` VALUES ('120', '4028824c4de65ea6014de66090c40001');
INSERT INTO `ec_role_menu` VALUES ('120', '4028824c4de65ea6014de661c5bb0004');
INSERT INTO `ec_role_menu` VALUES ('120', '4028824c4de65ea6014de661859f0003');
INSERT INTO `ec_role_menu` VALUES ('120', '4028824c4de65ea6014de65feaf10000');
INSERT INTO `ec_role_menu` VALUES ('120', '4028824c4de65ea6014de66104700002');
INSERT INTO `ec_role_menu` VALUES ('120', '4028824c4de578a7014de57aaada0000');
INSERT INTO `ec_role_menu` VALUES ('120', '4028824c4de578a7014de582626b0004');
INSERT INTO `ec_role_menu` VALUES ('120', '4028824c4de6705f014de6c43db50001');
INSERT INTO `ec_role_menu` VALUES ('120', '4028824c4de6705f014de6c2d0a10000');
INSERT INTO `ec_role_menu` VALUES ('120', '4028824c4de578a7014de581cd4a0003');
INSERT INTO `ec_role_menu` VALUES ('120', '4028824c4de6705f014de6c56efb0002');
INSERT INTO `ec_role_menu` VALUES ('120', '4028824c4de578a7014de58316230006');
INSERT INTO `ec_role_menu` VALUES ('120', '4028824c4de6705f014de6c65eef0004');
INSERT INTO `ec_role_menu` VALUES ('120', '4028824c4de578a7014de582bad30005');
INSERT INTO `ec_role_menu` VALUES ('120', '4028824c4de6705f014de6c6a5730005');
INSERT INTO `ec_role_menu` VALUES ('120', '4028824c4de60d34014de64883a90001');
INSERT INTO `ec_role_menu` VALUES ('120', '4028824c4de6705f014de6d6451b0024');
INSERT INTO `ec_role_menu` VALUES ('120', '4028824c4de6705f014de6c701250006');
INSERT INTO `ec_role_menu` VALUES ('120', '4028824c4de6705f014de6c60ea70003');
INSERT INTO `ec_role_menu` VALUES ('120', '4028824c4de60d34014de64782700000');
INSERT INTO `ec_role_menu` VALUES ('120', '4028824c4de6705f014de6d5c8df0023');
INSERT INTO `ec_role_menu` VALUES ('120', '4028824c4de6705f014de6c77ce10007');
INSERT INTO `ec_role_menu` VALUES ('120', '4028824c4de60d34014de649effa0005');
INSERT INTO `ec_role_menu` VALUES ('120', '4028824c4de60d34014de65a25cc0010');
INSERT INTO `ec_role_menu` VALUES ('120', '4028824c4de60d34014de659497a000f');
INSERT INTO `ec_role_menu` VALUES ('120', '4028824c4de60d34014de658f3e7000e');
INSERT INTO `ec_role_menu` VALUES ('120', '4028824c4de60d34014de6588d1c000d');
INSERT INTO `ec_role_menu` VALUES ('120', '4028824c4de60d34014de6566e51000c');
INSERT INTO `ec_role_menu` VALUES ('122', '4028824c4de60d34014de6497ec80003');
INSERT INTO `ec_role_menu` VALUES ('122', '4028824c4de6705f014de6e00b010033');
INSERT INTO `ec_role_menu` VALUES ('122', '4028824c4de6705f014de6cc55b00011');
INSERT INTO `ec_role_menu` VALUES ('122', '4028824c4de6705f014de6cef43f0019');
INSERT INTO `ec_role_menu` VALUES ('122', '4028824c4de6705f014de6ceb7e80018');
INSERT INTO `ec_role_menu` VALUES ('122', '4028824c4de6705f014de6ce848d0017');
INSERT INTO `ec_role_menu` VALUES ('122', '4028824c4de6705f014de6ce45390016');
INSERT INTO `ec_role_menu` VALUES ('122', '4028824c4de60d34014de6542bb3000b');
INSERT INTO `ec_role_menu` VALUES ('122', '4028824c4de6705f014de6e060cd0034');
INSERT INTO `ec_role_menu` VALUES ('122', '4028824c4de6705f014de6dfc6400032');
INSERT INTO `ec_role_menu` VALUES ('122', '4028824c4de6705f014de6df7aa20031');
INSERT INTO `ec_role_menu` VALUES ('122', '4028824c4de6705f014de6df05a70030');
INSERT INTO `ec_role_menu` VALUES ('122', '4028824c4de6705f014de6debd0e002f');
INSERT INTO `ec_role_menu` VALUES ('122', '4028824c4de6705f014de6de6b01002e');
INSERT INTO `ec_role_menu` VALUES ('122', '4028824c4de6705f014de6de1bf7002d');
INSERT INTO `ec_role_menu` VALUES ('122', '4028824c4de6705f014de6dd2ac2002c');
INSERT INTO `ec_role_menu` VALUES ('122', '4028824c4de6705f014de6c8b5a30009');
INSERT INTO `ec_role_menu` VALUES ('122', '4028824c4de6705f014de6c7d6f20008');
INSERT INTO `ec_role_menu` VALUES ('122', '4028824c4de60d34014de649c12f0004');
INSERT INTO `ec_role_menu` VALUES ('122', '4028824c4de65ea6014de664be85000a');
INSERT INTO `ec_role_menu` VALUES ('122', '4028824c4de65ea6014de663f5060009');
INSERT INTO `ec_role_menu` VALUES ('122', '4028824c4de65ea6014de66225930005');
INSERT INTO `ec_role_menu` VALUES ('122', '4028824c4de65ea6014de662c1f50006');
INSERT INTO `ec_role_menu` VALUES ('122', '4028824c4de65ea6014de65feaf10000');
INSERT INTO `ec_role_menu` VALUES ('122', '4028824c4de65ea6014de66104700002');
INSERT INTO `ec_role_menu` VALUES ('122', '4028824c4de578a7014de57aaada0000');
INSERT INTO `ec_role_menu` VALUES ('122', '4028824c4de578a7014de582626b0004');
INSERT INTO `ec_role_menu` VALUES ('122', '4028824c4de6705f014de6c43db50001');
INSERT INTO `ec_role_menu` VALUES ('122', '4028824c4de6705f014de6c2d0a10000');
INSERT INTO `ec_role_menu` VALUES ('122', '4028824c4de578a7014de581cd4a0003');
INSERT INTO `ec_role_menu` VALUES ('122', '4028824c4de6705f014de6c56efb0002');
INSERT INTO `ec_role_menu` VALUES ('122', '4028824c4de578a7014de58316230006');
INSERT INTO `ec_role_menu` VALUES ('122', '4028824c4de6705f014de6c65eef0004');
INSERT INTO `ec_role_menu` VALUES ('122', '4028824c4de578a7014de582bad30005');
INSERT INTO `ec_role_menu` VALUES ('122', '4028824c4de6705f014de6c6a5730005');
INSERT INTO `ec_role_menu` VALUES ('122', '4028824c4de60d34014de64883a90001');
INSERT INTO `ec_role_menu` VALUES ('122', '4028824c4de6705f014de6d6451b0024');
INSERT INTO `ec_role_menu` VALUES ('122', '4028824c4de6705f014de6c701250006');
INSERT INTO `ec_role_menu` VALUES ('122', '4028824c4de6705f014de6c60ea70003');
INSERT INTO `ec_role_menu` VALUES ('122', '4028824c4de60d34014de64782700000');
INSERT INTO `ec_role_menu` VALUES ('122', '4028824c4de6705f014de6d5c8df0023');
INSERT INTO `ec_role_menu` VALUES ('122', '4028824c4de6705f014de6c77ce10007');
INSERT INTO `ec_role_menu` VALUES ('122', '4028824c4de60d34014de649effa0005');
INSERT INTO `ec_role_menu` VALUES ('122', '4028824c4de60d34014de65a25cc0010');
INSERT INTO `ec_role_menu` VALUES ('122', '4028824c4de60d34014de659497a000f');
INSERT INTO `ec_role_menu` VALUES ('122', '4028824c4de60d34014de658f3e7000e');
INSERT INTO `ec_role_menu` VALUES ('122', '4028824c4de60d34014de6588d1c000d');
INSERT INTO `ec_role_menu` VALUES ('122', '4028824c4de60d34014de6566e51000c');
INSERT INTO `ec_role_menu` VALUES ('124', '4028824c4de60d34014de6497ec80003');
INSERT INTO `ec_role_menu` VALUES ('124', '4028824c4de6705f014de6e00b010033');
INSERT INTO `ec_role_menu` VALUES ('124', '4028824c4de6705f014de6cc55b00011');
INSERT INTO `ec_role_menu` VALUES ('124', '4028824c4de6705f014de6cef43f0019');
INSERT INTO `ec_role_menu` VALUES ('124', '4028824c4de6705f014de6ce45390016');
INSERT INTO `ec_role_menu` VALUES ('124', '4028824c4de60d34014de6542bb3000b');
INSERT INTO `ec_role_menu` VALUES ('124', '4028824c4de6705f014de6e060cd0034');
INSERT INTO `ec_role_menu` VALUES ('124', '4028824c4de6705f014de6dfc6400032');
INSERT INTO `ec_role_menu` VALUES ('124', '4028824c4de6705f014de6df7aa20031');
INSERT INTO `ec_role_menu` VALUES ('124', '4028824c4de6705f014de6df05a70030');
INSERT INTO `ec_role_menu` VALUES ('124', '4028824c4de6705f014de6debd0e002f');
INSERT INTO `ec_role_menu` VALUES ('124', '4028824c4de6705f014de6de6b01002e');
INSERT INTO `ec_role_menu` VALUES ('124', '4028824c4de6705f014de6de1bf7002d');
INSERT INTO `ec_role_menu` VALUES ('124', '4028824c4de6705f014de6dd2ac2002c');
INSERT INTO `ec_role_menu` VALUES ('124', '4028824c4de6705f014de6c8b5a30009');
INSERT INTO `ec_role_menu` VALUES ('124', '4028824c4de6705f014de6c7d6f20008');
INSERT INTO `ec_role_menu` VALUES ('124', '4028824c4de60d34014de649c12f0004');
INSERT INTO `ec_role_menu` VALUES ('124', '4028824c4de65ea6014de664be85000a');
INSERT INTO `ec_role_menu` VALUES ('124', '4028824c4de65ea6014de663f5060009');
INSERT INTO `ec_role_menu` VALUES ('124', '4028824c4de65ea6014de66350530007');
INSERT INTO `ec_role_menu` VALUES ('124', '4028824c4de65ea6014de6638f740008');
INSERT INTO `ec_role_menu` VALUES ('124', '4028824c4de65ea6014de66225930005');
INSERT INTO `ec_role_menu` VALUES ('124', '4028824c4de65ea6014de662c1f50006');
INSERT INTO `ec_role_menu` VALUES ('124', '4028824c4de65ea6014de66090c40001');
INSERT INTO `ec_role_menu` VALUES ('124', '4028824c4de65ea6014de661c5bb0004');
INSERT INTO `ec_role_menu` VALUES ('124', '4028824c4de65ea6014de661859f0003');
INSERT INTO `ec_role_menu` VALUES ('124', '4028824c4de65ea6014de65feaf10000');
INSERT INTO `ec_role_menu` VALUES ('124', '4028824c4de65ea6014de66104700002');
INSERT INTO `ec_role_menu` VALUES ('124', '4028824c4de578a7014de57aaada0000');
INSERT INTO `ec_role_menu` VALUES ('124', '4028824c4de578a7014de582626b0004');
INSERT INTO `ec_role_menu` VALUES ('124', '4028824c4de6705f014de6c43db50001');
INSERT INTO `ec_role_menu` VALUES ('124', '4028824c4de6705f014de6c2d0a10000');
INSERT INTO `ec_role_menu` VALUES ('124', '4028824c4de578a7014de581cd4a0003');
INSERT INTO `ec_role_menu` VALUES ('124', '4028824c4de6705f014de6c56efb0002');
INSERT INTO `ec_role_menu` VALUES ('124', '4028824c4de578a7014de58316230006');
INSERT INTO `ec_role_menu` VALUES ('124', '4028824c4de6705f014de6c65eef0004');
INSERT INTO `ec_role_menu` VALUES ('124', '4028824c4de578a7014de582bad30005');
INSERT INTO `ec_role_menu` VALUES ('124', '4028824c4de6705f014de6c6a5730005');
INSERT INTO `ec_role_menu` VALUES ('124', '4028824c4de60d34014de64883a90001');
INSERT INTO `ec_role_menu` VALUES ('124', '4028824c4de6705f014de6d6451b0024');
INSERT INTO `ec_role_menu` VALUES ('124', '4028824c4de6705f014de6c701250006');
INSERT INTO `ec_role_menu` VALUES ('124', '4028824c4de6705f014de6c60ea70003');
INSERT INTO `ec_role_menu` VALUES ('124', '4028824c4de60d34014de64782700000');
INSERT INTO `ec_role_menu` VALUES ('124', '4028824c4de6705f014de6d5c8df0023');
INSERT INTO `ec_role_menu` VALUES ('124', '4028824c4de6705f014de6c77ce10007');
INSERT INTO `ec_role_menu` VALUES ('124', '4028824c4de60d34014de649effa0005');
INSERT INTO `ec_role_menu` VALUES ('124', '4028824c4de60d34014de65a25cc0010');
INSERT INTO `ec_role_menu` VALUES ('124', '4028824c4de60d34014de659497a000f');
INSERT INTO `ec_role_menu` VALUES ('124', '4028824c4de60d34014de658f3e7000e');
INSERT INTO `ec_role_menu` VALUES ('124', '4028824c4de60d34014de6588d1c000d');
INSERT INTO `ec_role_menu` VALUES ('124', '4028824c4de60d34014de6566e51000c');
INSERT INTO `ec_role_menu` VALUES ('126', '4028824c4de60d34014de6497ec80003');
INSERT INTO `ec_role_menu` VALUES ('126', '4028824c4de6705f014de6e00b010033');
INSERT INTO `ec_role_menu` VALUES ('126', '4028824c4de6705f014de6cc55b00011');
INSERT INTO `ec_role_menu` VALUES ('126', '4028824c4de6705f014de6cef43f0019');
INSERT INTO `ec_role_menu` VALUES ('126', '4028824c4de6705f014de6ce45390016');
INSERT INTO `ec_role_menu` VALUES ('126', '4028824c4de60d34014de6542bb3000b');
INSERT INTO `ec_role_menu` VALUES ('126', '4028824c4de6705f014de6e060cd0034');
INSERT INTO `ec_role_menu` VALUES ('126', '4028824c4de6705f014de6dfc6400032');
INSERT INTO `ec_role_menu` VALUES ('126', '4028824c4de6705f014de6df7aa20031');
INSERT INTO `ec_role_menu` VALUES ('126', '4028824c4de6705f014de6df05a70030');
INSERT INTO `ec_role_menu` VALUES ('126', '4028824c4de6705f014de6debd0e002f');
INSERT INTO `ec_role_menu` VALUES ('126', '4028824c4de6705f014de6de6b01002e');
INSERT INTO `ec_role_menu` VALUES ('126', '4028824c4de6705f014de6de1bf7002d');
INSERT INTO `ec_role_menu` VALUES ('126', '4028824c4de6705f014de6dd2ac2002c');
INSERT INTO `ec_role_menu` VALUES ('126', '4028824c4de6705f014de6c8b5a30009');
INSERT INTO `ec_role_menu` VALUES ('126', '4028824c4de6705f014de6c7d6f20008');
INSERT INTO `ec_role_menu` VALUES ('126', '4028824c4de60d34014de649c12f0004');
INSERT INTO `ec_role_menu` VALUES ('126', '4028824c4de65ea6014de664be85000a');
INSERT INTO `ec_role_menu` VALUES ('126', '4028824c4de65ea6014de663f5060009');
INSERT INTO `ec_role_menu` VALUES ('126', '4028824c4de65ea6014de66350530007');
INSERT INTO `ec_role_menu` VALUES ('126', '4028824c4de65ea6014de6638f740008');
INSERT INTO `ec_role_menu` VALUES ('126', '4028824c4de65ea6014de66225930005');
INSERT INTO `ec_role_menu` VALUES ('126', '4028824c4de65ea6014de662c1f50006');
INSERT INTO `ec_role_menu` VALUES ('126', '4028824c4de65ea6014de66090c40001');
INSERT INTO `ec_role_menu` VALUES ('126', '4028824c4de65ea6014de661c5bb0004');
INSERT INTO `ec_role_menu` VALUES ('126', '4028824c4de65ea6014de661859f0003');
INSERT INTO `ec_role_menu` VALUES ('126', '4028824c4de65ea6014de65feaf10000');
INSERT INTO `ec_role_menu` VALUES ('126', '4028824c4de65ea6014de66104700002');
INSERT INTO `ec_role_menu` VALUES ('126', '4028824c4de578a7014de57aaada0000');
INSERT INTO `ec_role_menu` VALUES ('126', '4028824c4de578a7014de582626b0004');
INSERT INTO `ec_role_menu` VALUES ('126', '4028824c4de6705f014de6c43db50001');
INSERT INTO `ec_role_menu` VALUES ('126', '4028824c4de6705f014de6c2d0a10000');
INSERT INTO `ec_role_menu` VALUES ('126', '4028824c4de578a7014de581cd4a0003');
INSERT INTO `ec_role_menu` VALUES ('126', '4028824c4de6705f014de6c56efb0002');
INSERT INTO `ec_role_menu` VALUES ('126', '4028824c4de578a7014de58316230006');
INSERT INTO `ec_role_menu` VALUES ('126', '4028824c4de6705f014de6c65eef0004');
INSERT INTO `ec_role_menu` VALUES ('126', '4028824c4de578a7014de582bad30005');
INSERT INTO `ec_role_menu` VALUES ('126', '4028824c4de6705f014de6c6a5730005');
INSERT INTO `ec_role_menu` VALUES ('126', '4028824c4de60d34014de64883a90001');
INSERT INTO `ec_role_menu` VALUES ('126', '4028824c4de6705f014de6d6451b0024');
INSERT INTO `ec_role_menu` VALUES ('126', '4028824c4de6705f014de6c701250006');
INSERT INTO `ec_role_menu` VALUES ('126', '4028824c4de6705f014de6c60ea70003');
INSERT INTO `ec_role_menu` VALUES ('126', '4028824c4de60d34014de64782700000');
INSERT INTO `ec_role_menu` VALUES ('126', '4028824c4de6705f014de6d5c8df0023');
INSERT INTO `ec_role_menu` VALUES ('126', '4028824c4de6705f014de6c77ce10007');
INSERT INTO `ec_role_menu` VALUES ('126', '4028824c4de60d34014de649effa0005');
INSERT INTO `ec_role_menu` VALUES ('126', '4028824c4de60d34014de65a25cc0010');
INSERT INTO `ec_role_menu` VALUES ('126', '4028824c4de60d34014de659497a000f');
INSERT INTO `ec_role_menu` VALUES ('126', '4028824c4de60d34014de658f3e7000e');
INSERT INTO `ec_role_menu` VALUES ('126', '4028824c4de60d34014de6588d1c000d');
INSERT INTO `ec_role_menu` VALUES ('126', '4028824c4de60d34014de6566e51000c');
INSERT INTO `ec_role_menu` VALUES ('127', '4028824c4de60d34014de6497ec80003');
INSERT INTO `ec_role_menu` VALUES ('127', '4028824c4de6705f014de6e00b010033');
INSERT INTO `ec_role_menu` VALUES ('127', '4028824c4de6705f014de6cc55b00011');
INSERT INTO `ec_role_menu` VALUES ('127', '4028824c4de6705f014de6cef43f0019');
INSERT INTO `ec_role_menu` VALUES ('127', '4028824c4de6705f014de6ce848d0017');
INSERT INTO `ec_role_menu` VALUES ('127', '4028824c4de60d34014de6542bb3000b');
INSERT INTO `ec_role_menu` VALUES ('127', '4028824c4de6705f014de6e060cd0034');
INSERT INTO `ec_role_menu` VALUES ('127', '4028824c4de6705f014de6dfc6400032');
INSERT INTO `ec_role_menu` VALUES ('127', '4028824c4de6705f014de6df7aa20031');
INSERT INTO `ec_role_menu` VALUES ('127', '4028824c4de6705f014de6df05a70030');
INSERT INTO `ec_role_menu` VALUES ('127', '4028824c4de6705f014de6debd0e002f');
INSERT INTO `ec_role_menu` VALUES ('127', '4028824c4de6705f014de6de6b01002e');
INSERT INTO `ec_role_menu` VALUES ('127', '4028824c4de6705f014de6de1bf7002d');
INSERT INTO `ec_role_menu` VALUES ('127', '4028824c4de6705f014de6dd2ac2002c');
INSERT INTO `ec_role_menu` VALUES ('127', '4028824c4de6705f014de6c8b5a30009');
INSERT INTO `ec_role_menu` VALUES ('127', '4028824c4de6705f014de6c7d6f20008');
INSERT INTO `ec_role_menu` VALUES ('127', '4028824c4de60d34014de649c12f0004');
INSERT INTO `ec_role_menu` VALUES ('127', '4028824c4de65ea6014de664be85000a');
INSERT INTO `ec_role_menu` VALUES ('127', '4028824c4de65ea6014de663f5060009');
INSERT INTO `ec_role_menu` VALUES ('127', '4028824c4de65ea6014de66350530007');
INSERT INTO `ec_role_menu` VALUES ('127', '4028824c4de65ea6014de6638f740008');
INSERT INTO `ec_role_menu` VALUES ('127', '4028824c4de65ea6014de66225930005');
INSERT INTO `ec_role_menu` VALUES ('127', '4028824c4de65ea6014de662c1f50006');
INSERT INTO `ec_role_menu` VALUES ('127', '4028824c4de65ea6014de66090c40001');
INSERT INTO `ec_role_menu` VALUES ('127', '4028824c4de65ea6014de661c5bb0004');
INSERT INTO `ec_role_menu` VALUES ('127', '4028824c4de65ea6014de661859f0003');
INSERT INTO `ec_role_menu` VALUES ('127', '4028824c4de65ea6014de65feaf10000');
INSERT INTO `ec_role_menu` VALUES ('127', '4028824c4de65ea6014de66104700002');
INSERT INTO `ec_role_menu` VALUES ('127', '4028824c4de578a7014de57aaada0000');
INSERT INTO `ec_role_menu` VALUES ('127', '4028824c4de578a7014de582626b0004');
INSERT INTO `ec_role_menu` VALUES ('127', '4028824c4de6705f014de6c43db50001');
INSERT INTO `ec_role_menu` VALUES ('127', '4028824c4de6705f014de6c2d0a10000');
INSERT INTO `ec_role_menu` VALUES ('127', '4028824c4de578a7014de581cd4a0003');
INSERT INTO `ec_role_menu` VALUES ('127', '4028824c4de6705f014de6c56efb0002');
INSERT INTO `ec_role_menu` VALUES ('127', '4028824c4de578a7014de58316230006');
INSERT INTO `ec_role_menu` VALUES ('127', '4028824c4de6705f014de6c65eef0004');
INSERT INTO `ec_role_menu` VALUES ('127', '4028824c4de578a7014de582bad30005');
INSERT INTO `ec_role_menu` VALUES ('127', '4028824c4de6705f014de6c6a5730005');
INSERT INTO `ec_role_menu` VALUES ('127', '4028824c4de60d34014de64883a90001');
INSERT INTO `ec_role_menu` VALUES ('127', '4028824c4de6705f014de6d6451b0024');
INSERT INTO `ec_role_menu` VALUES ('127', '4028824c4de6705f014de6c701250006');
INSERT INTO `ec_role_menu` VALUES ('127', '4028824c4de6705f014de6c60ea70003');
INSERT INTO `ec_role_menu` VALUES ('127', '4028824c4de60d34014de64782700000');
INSERT INTO `ec_role_menu` VALUES ('127', '4028824c4de6705f014de6d5c8df0023');
INSERT INTO `ec_role_menu` VALUES ('127', '4028824c4de6705f014de6c77ce10007');
INSERT INTO `ec_role_menu` VALUES ('127', '4028824c4de60d34014de649effa0005');
INSERT INTO `ec_role_menu` VALUES ('127', '4028824c4de60d34014de65a25cc0010');
INSERT INTO `ec_role_menu` VALUES ('127', '4028824c4de60d34014de659497a000f');
INSERT INTO `ec_role_menu` VALUES ('127', '4028824c4de60d34014de658f3e7000e');
INSERT INTO `ec_role_menu` VALUES ('127', '4028824c4de60d34014de6588d1c000d');
INSERT INTO `ec_role_menu` VALUES ('127', '4028824c4de60d34014de6566e51000c');
INSERT INTO `ec_role_menu` VALUES ('128', '4028824c4de6705f014de6cc55b00011');
INSERT INTO `ec_role_menu` VALUES ('128', '4028824c4de6705f014de6cef43f0019');
INSERT INTO `ec_role_menu` VALUES ('128', '4028824c4de6705f014de6ce45390016');
INSERT INTO `ec_role_menu` VALUES ('128', '4028824c4de60d34014de6542bb3000b');
INSERT INTO `ec_role_menu` VALUES ('128', '4028824c4de6705f014de6df7aa20031');
INSERT INTO `ec_role_menu` VALUES ('128', '4028824c4de6705f014de6de6b01002e');
INSERT INTO `ec_role_menu` VALUES ('128', '4028824c4de65ea6014de66225930005');
INSERT INTO `ec_role_menu` VALUES ('128', '4028824c4de65ea6014de662c1f50006');
INSERT INTO `ec_role_menu` VALUES ('128', '4028824c4de578a7014de57aaada0000');
INSERT INTO `ec_role_menu` VALUES ('128', '4028824c4de578a7014de582626b0004');
INSERT INTO `ec_role_menu` VALUES ('128', '4028824c4de6705f014de6c2d0a10000');
INSERT INTO `ec_role_menu` VALUES ('128', '4028824c4de578a7014de581cd4a0003');
INSERT INTO `ec_role_menu` VALUES ('128', '4028824c4de6705f014de6c56efb0002');
INSERT INTO `ec_role_menu` VALUES ('128', '4028824c4de578a7014de58316230006');
INSERT INTO `ec_role_menu` VALUES ('128', '4028824c4de6705f014de6c65eef0004');
INSERT INTO `ec_role_menu` VALUES ('128', '4028824c4de578a7014de582bad30005');
INSERT INTO `ec_role_menu` VALUES ('128', '4028824c4de6705f014de6c6a5730005');
INSERT INTO `ec_role_menu` VALUES ('128', '4028824c4de60d34014de64782700000');
INSERT INTO `ec_role_menu` VALUES ('128', '4028824c4de6705f014de6d5c8df0023');
INSERT INTO `ec_role_menu` VALUES ('128', '4028824c4de6705f014de6c77ce10007');
INSERT INTO `ec_role_menu` VALUES ('128', '4028824c4de60d34014de649effa0005');
INSERT INTO `ec_role_menu` VALUES ('128', '4028824c4de60d34014de65a25cc0010');
INSERT INTO `ec_role_menu` VALUES ('128', '4028824c4de60d34014de659497a000f');
INSERT INTO `ec_role_menu` VALUES ('128', '4028824c4de60d34014de658f3e7000e');
INSERT INTO `ec_role_menu` VALUES ('128', '4028824c4de60d34014de6588d1c000d');
INSERT INTO `ec_role_menu` VALUES ('128', '4028824c4de60d34014de6566e51000c');
INSERT INTO `ec_role_menu` VALUES ('129', '4028824c4de6705f014de6cc55b00011');
INSERT INTO `ec_role_menu` VALUES ('129', '4028824c4de6705f014de6cef43f0019');
INSERT INTO `ec_role_menu` VALUES ('129', '4028824c4de6705f014de6ce45390016');
INSERT INTO `ec_role_menu` VALUES ('129', '4028824c4de60d34014de6542bb3000b');
INSERT INTO `ec_role_menu` VALUES ('129', '4028824c4de6705f014de6df7aa20031');
INSERT INTO `ec_role_menu` VALUES ('129', '4028824c4de6705f014de6de6b01002e');
INSERT INTO `ec_role_menu` VALUES ('129', '4028824c4de65ea6014de66225930005');
INSERT INTO `ec_role_menu` VALUES ('129', '4028824c4de65ea6014de662c1f50006');
INSERT INTO `ec_role_menu` VALUES ('129', '4028824c4de578a7014de57aaada0000');
INSERT INTO `ec_role_menu` VALUES ('129', '4028824c4de578a7014de582626b0004');
INSERT INTO `ec_role_menu` VALUES ('129', '4028824c4de6705f014de6c43db50001');
INSERT INTO `ec_role_menu` VALUES ('129', '4028824c4de6705f014de6c2d0a10000');
INSERT INTO `ec_role_menu` VALUES ('129', '4028824c4de578a7014de581cd4a0003');
INSERT INTO `ec_role_menu` VALUES ('129', '4028824c4de6705f014de6c56efb0002');
INSERT INTO `ec_role_menu` VALUES ('129', '4028824c4de578a7014de58316230006');
INSERT INTO `ec_role_menu` VALUES ('129', '4028824c4de6705f014de6c65eef0004');
INSERT INTO `ec_role_menu` VALUES ('129', '4028824c4de578a7014de582bad30005');
INSERT INTO `ec_role_menu` VALUES ('129', '4028824c4de6705f014de6c6a5730005');
INSERT INTO `ec_role_menu` VALUES ('129', '4028824c4de60d34014de64782700000');
INSERT INTO `ec_role_menu` VALUES ('129', '4028824c4de6705f014de6d5c8df0023');
INSERT INTO `ec_role_menu` VALUES ('129', '4028824c4de6705f014de6c77ce10007');
INSERT INTO `ec_role_menu` VALUES ('129', '4028824c4de60d34014de649effa0005');
INSERT INTO `ec_role_menu` VALUES ('129', '4028824c4de60d34014de65a25cc0010');
INSERT INTO `ec_role_menu` VALUES ('129', '4028824c4de60d34014de659497a000f');
INSERT INTO `ec_role_menu` VALUES ('129', '4028824c4de60d34014de658f3e7000e');
INSERT INTO `ec_role_menu` VALUES ('129', '4028824c4de60d34014de6588d1c000d');
INSERT INTO `ec_role_menu` VALUES ('129', '4028824c4de60d34014de6566e51000c');
INSERT INTO `ec_role_menu` VALUES ('130', '4028824c4de6705f014de6cc55b00011');
INSERT INTO `ec_role_menu` VALUES ('130', '4028824c4de6705f014de6cef43f0019');
INSERT INTO `ec_role_menu` VALUES ('130', '4028824c4de6705f014de6ce45390016');
INSERT INTO `ec_role_menu` VALUES ('130', '4028824c4de60d34014de6542bb3000b');
INSERT INTO `ec_role_menu` VALUES ('130', '4028824c4de6705f014de6df7aa20031');
INSERT INTO `ec_role_menu` VALUES ('130', '4028824c4de6705f014de6de6b01002e');
INSERT INTO `ec_role_menu` VALUES ('130', '4028824c4de65ea6014de66225930005');
INSERT INTO `ec_role_menu` VALUES ('130', '4028824c4de65ea6014de662c1f50006');
INSERT INTO `ec_role_menu` VALUES ('130', '4028824c4de578a7014de57aaada0000');
INSERT INTO `ec_role_menu` VALUES ('130', '4028824c4de578a7014de582626b0004');
INSERT INTO `ec_role_menu` VALUES ('130', '4028824c4de6705f014de6c43db50001');
INSERT INTO `ec_role_menu` VALUES ('130', '4028824c4de6705f014de6c2d0a10000');
INSERT INTO `ec_role_menu` VALUES ('130', '4028824c4de578a7014de581cd4a0003');
INSERT INTO `ec_role_menu` VALUES ('130', '4028824c4de6705f014de6c56efb0002');
INSERT INTO `ec_role_menu` VALUES ('130', '4028824c4de578a7014de58316230006');
INSERT INTO `ec_role_menu` VALUES ('130', '4028824c4de6705f014de6c65eef0004');
INSERT INTO `ec_role_menu` VALUES ('130', '4028824c4de578a7014de582bad30005');
INSERT INTO `ec_role_menu` VALUES ('130', '4028824c4de6705f014de6c6a5730005');
INSERT INTO `ec_role_menu` VALUES ('130', '4028824c4de60d34014de64782700000');
INSERT INTO `ec_role_menu` VALUES ('130', '4028824c4de6705f014de6d5c8df0023');
INSERT INTO `ec_role_menu` VALUES ('130', '4028824c4de6705f014de6c77ce10007');
INSERT INTO `ec_role_menu` VALUES ('130', '4028824c4de60d34014de649effa0005');
INSERT INTO `ec_role_menu` VALUES ('130', '4028824c4de60d34014de65a25cc0010');
INSERT INTO `ec_role_menu` VALUES ('130', '4028824c4de60d34014de659497a000f');
INSERT INTO `ec_role_menu` VALUES ('130', '4028824c4de60d34014de658f3e7000e');
INSERT INTO `ec_role_menu` VALUES ('130', '4028824c4de60d34014de6588d1c000d');
INSERT INTO `ec_role_menu` VALUES ('130', '4028824c4de60d34014de6566e51000c');
INSERT INTO `ec_role_menu` VALUES ('131', '4028824c4de6705f014de6cc55b00011');
INSERT INTO `ec_role_menu` VALUES ('131', '4028824c4de6705f014de6e0d9e60035');
INSERT INTO `ec_role_menu` VALUES ('131', '4028824c4de6705f014de6cf5cce001b');
INSERT INTO `ec_role_menu` VALUES ('131', '4028824c4de6705f014de6cf2ed9001a');
INSERT INTO `ec_role_menu` VALUES ('131', '4028824c4de6705f014de6cef43f0019');
INSERT INTO `ec_role_menu` VALUES ('131', '4028824c4de6705f014de6ceb7e80018');
INSERT INTO `ec_role_menu` VALUES ('131', '4028824c4de6705f014de6ce848d0017');
INSERT INTO `ec_role_menu` VALUES ('131', '4028824c4de6705f014de6ce45390016');
INSERT INTO `ec_role_menu` VALUES ('131', '4028824c4de6705f014de6cd69d60015');
INSERT INTO `ec_role_menu` VALUES ('131', '4028824c4de6705f014de6cd2dfd0014');
INSERT INTO `ec_role_menu` VALUES ('131', '4028824c4de6705f014de6ccf0070013');
INSERT INTO `ec_role_menu` VALUES ('131', '4028824c4de6705f014de6ccbd460012');
INSERT INTO `ec_role_menu` VALUES ('131', '4028824c4de60d34014de6542bb3000b');
INSERT INTO `ec_role_menu` VALUES ('131', '4028824c4de6705f014de6df7aa20031');
INSERT INTO `ec_role_menu` VALUES ('131', '4028824c4de6705f014de6debd0e002f');
INSERT INTO `ec_role_menu` VALUES ('131', '4028824c4de578a7014de57aaada0000');
INSERT INTO `ec_role_menu` VALUES ('131', '4028824c4de578a7014de582626b0004');
INSERT INTO `ec_role_menu` VALUES ('131', '4028824c4de6705f014de6c43db50001');
INSERT INTO `ec_role_menu` VALUES ('131', '4028824c4de6705f014de6c2d0a10000');
INSERT INTO `ec_role_menu` VALUES ('131', '4028824c4de578a7014de581cd4a0003');
INSERT INTO `ec_role_menu` VALUES ('131', '4028824c4de6705f014de6c56efb0002');
INSERT INTO `ec_role_menu` VALUES ('131', '4028824c4de578a7014de58316230006');
INSERT INTO `ec_role_menu` VALUES ('131', '4028824c4de6705f014de6c65eef0004');
INSERT INTO `ec_role_menu` VALUES ('131', '4028824c4de578a7014de582bad30005');
INSERT INTO `ec_role_menu` VALUES ('131', '4028824c4de6705f014de6c6a5730005');
INSERT INTO `ec_role_menu` VALUES ('131', '4028824c4de60d34014de64782700000');
INSERT INTO `ec_role_menu` VALUES ('131', '4028824c4de6705f014de6d5c8df0023');
INSERT INTO `ec_role_menu` VALUES ('131', '4028824c4de6705f014de6c77ce10007');
INSERT INTO `ec_role_menu` VALUES ('131', '4028824c4de60d34014de649effa0005');
INSERT INTO `ec_role_menu` VALUES ('131', '4028824c4de60d34014de65a25cc0010');
INSERT INTO `ec_role_menu` VALUES ('131', '4028824c4de60d34014de659497a000f');
INSERT INTO `ec_role_menu` VALUES ('131', '4028824c4de60d34014de658f3e7000e');
INSERT INTO `ec_role_menu` VALUES ('131', '4028824c4de60d34014de6588d1c000d');
INSERT INTO `ec_role_menu` VALUES ('131', '4028824c4de60d34014de6566e51000c');
INSERT INTO `ec_role_menu` VALUES ('132', '4028824c4de6705f014de6cc55b00011');
INSERT INTO `ec_role_menu` VALUES ('132', '4028824c4de6705f014de6cef43f0019');
INSERT INTO `ec_role_menu` VALUES ('132', '4028824c4de6705f014de6ce45390016');
INSERT INTO `ec_role_menu` VALUES ('132', '4028824c4de578a7014de57aaada0000');
INSERT INTO `ec_role_menu` VALUES ('132', '4028824c4de578a7014de582626b0004');
INSERT INTO `ec_role_menu` VALUES ('132', '4028824c4de6705f014de6c43db50001');
INSERT INTO `ec_role_menu` VALUES ('132', '4028824c4de6705f014de6c2d0a10000');
INSERT INTO `ec_role_menu` VALUES ('132', '4028824c4de578a7014de581cd4a0003');
INSERT INTO `ec_role_menu` VALUES ('132', '4028824c4de6705f014de6c56efb0002');
INSERT INTO `ec_role_menu` VALUES ('132', '4028824c4de578a7014de58316230006');
INSERT INTO `ec_role_menu` VALUES ('132', '4028824c4de6705f014de6c65eef0004');
INSERT INTO `ec_role_menu` VALUES ('132', '4028824c4de578a7014de582bad30005');
INSERT INTO `ec_role_menu` VALUES ('132', '4028824c4de6705f014de6c6a5730005');
INSERT INTO `ec_role_menu` VALUES ('132', '4028824c4de60d34014de64782700000');
INSERT INTO `ec_role_menu` VALUES ('132', '4028824c4de6705f014de6d5c8df0023');
INSERT INTO `ec_role_menu` VALUES ('132', '4028824c4de6705f014de6c77ce10007');
INSERT INTO `ec_role_menu` VALUES ('132', '4028824c4de60d34014de649effa0005');
INSERT INTO `ec_role_menu` VALUES ('132', '4028824c4de60d34014de65a25cc0010');
INSERT INTO `ec_role_menu` VALUES ('132', '4028824c4de60d34014de659497a000f');
INSERT INTO `ec_role_menu` VALUES ('132', '4028824c4de60d34014de658f3e7000e');
INSERT INTO `ec_role_menu` VALUES ('132', '4028824c4de60d34014de6588d1c000d');
INSERT INTO `ec_role_menu` VALUES ('132', '4028824c4de60d34014de6566e51000c');
INSERT INTO `ec_role_menu` VALUES ('133', '4028824c4de6705f014de6cc55b00011');
INSERT INTO `ec_role_menu` VALUES ('133', '4028824c4de6705f014de6cef43f0019');
INSERT INTO `ec_role_menu` VALUES ('133', '4028824c4de6705f014de6ce45390016');
INSERT INTO `ec_role_menu` VALUES ('133', '4028824c4de578a7014de57aaada0000');
INSERT INTO `ec_role_menu` VALUES ('133', '4028824c4de578a7014de582626b0004');
INSERT INTO `ec_role_menu` VALUES ('133', '4028824c4de6705f014de6c43db50001');
INSERT INTO `ec_role_menu` VALUES ('133', '4028824c4de6705f014de6c2d0a10000');
INSERT INTO `ec_role_menu` VALUES ('133', '4028824c4de578a7014de581cd4a0003');
INSERT INTO `ec_role_menu` VALUES ('133', '4028824c4de6705f014de6c56efb0002');
INSERT INTO `ec_role_menu` VALUES ('133', '4028824c4de578a7014de58316230006');
INSERT INTO `ec_role_menu` VALUES ('133', '4028824c4de6705f014de6c65eef0004');
INSERT INTO `ec_role_menu` VALUES ('133', '4028824c4de578a7014de582bad30005');
INSERT INTO `ec_role_menu` VALUES ('133', '4028824c4de6705f014de6c6a5730005');
INSERT INTO `ec_role_menu` VALUES ('133', '4028824c4de60d34014de64782700000');
INSERT INTO `ec_role_menu` VALUES ('133', '4028824c4de6705f014de6d5c8df0023');
INSERT INTO `ec_role_menu` VALUES ('133', '4028824c4de6705f014de6c77ce10007');
INSERT INTO `ec_role_menu` VALUES ('133', '4028824c4de60d34014de649effa0005');
INSERT INTO `ec_role_menu` VALUES ('133', '4028824c4de60d34014de65a25cc0010');
INSERT INTO `ec_role_menu` VALUES ('133', '4028824c4de60d34014de659497a000f');
INSERT INTO `ec_role_menu` VALUES ('133', '4028824c4de60d34014de658f3e7000e');
INSERT INTO `ec_role_menu` VALUES ('133', '4028824c4de60d34014de6588d1c000d');
INSERT INTO `ec_role_menu` VALUES ('133', '4028824c4de60d34014de6566e51000c');
INSERT INTO `ec_role_menu` VALUES ('134', '4028824c4de6705f014de6cc55b00011');
INSERT INTO `ec_role_menu` VALUES ('134', '4028824c4de6705f014de6cef43f0019');
INSERT INTO `ec_role_menu` VALUES ('134', '4028824c4de6705f014de6ce45390016');
INSERT INTO `ec_role_menu` VALUES ('134', '4028824c4de60d34014de649c12f0004');
INSERT INTO `ec_role_menu` VALUES ('134', '4028824c4de65ea6014de664be85000a');
INSERT INTO `ec_role_menu` VALUES ('134', '4028824c4de65ea6014de663f5060009');
INSERT INTO `ec_role_menu` VALUES ('134', '4028824c4de65ea6014de66350530007');
INSERT INTO `ec_role_menu` VALUES ('134', '4028824c4de65ea6014de6638f740008');
INSERT INTO `ec_role_menu` VALUES ('134', '4028824c4de65ea6014de66225930005');
INSERT INTO `ec_role_menu` VALUES ('134', '4028824c4de65ea6014de662c1f50006');
INSERT INTO `ec_role_menu` VALUES ('134', '4028824c4de65ea6014de66090c40001');
INSERT INTO `ec_role_menu` VALUES ('134', '4028824c4de65ea6014de661c5bb0004');
INSERT INTO `ec_role_menu` VALUES ('134', '4028824c4de65ea6014de661859f0003');
INSERT INTO `ec_role_menu` VALUES ('134', '4028824c4de65ea6014de65feaf10000');
INSERT INTO `ec_role_menu` VALUES ('134', '4028824c4de65ea6014de66104700002');
INSERT INTO `ec_role_menu` VALUES ('134', '4028824c4de578a7014de57aaada0000');
INSERT INTO `ec_role_menu` VALUES ('134', '4028824c4de578a7014de582626b0004');
INSERT INTO `ec_role_menu` VALUES ('134', '4028824c4de6705f014de6c43db50001');
INSERT INTO `ec_role_menu` VALUES ('134', '4028824c4de6705f014de6c2d0a10000');
INSERT INTO `ec_role_menu` VALUES ('134', '4028824c4de578a7014de581cd4a0003');
INSERT INTO `ec_role_menu` VALUES ('134', '4028824c4de6705f014de6c56efb0002');
INSERT INTO `ec_role_menu` VALUES ('134', '4028824c4de578a7014de58316230006');
INSERT INTO `ec_role_menu` VALUES ('134', '4028824c4de6705f014de6c65eef0004');
INSERT INTO `ec_role_menu` VALUES ('134', '4028824c4de578a7014de582bad30005');
INSERT INTO `ec_role_menu` VALUES ('134', '4028824c4de6705f014de6c6a5730005');
INSERT INTO `ec_role_menu` VALUES ('134', '4028824c4de60d34014de64883a90001');
INSERT INTO `ec_role_menu` VALUES ('134', '4028824c4de6705f014de6d6451b0024');
INSERT INTO `ec_role_menu` VALUES ('134', '4028824c4de6705f014de6c701250006');
INSERT INTO `ec_role_menu` VALUES ('134', '4028824c4de6705f014de6c60ea70003');
INSERT INTO `ec_role_menu` VALUES ('134', '4028824c4de60d34014de64782700000');
INSERT INTO `ec_role_menu` VALUES ('134', '4028824c4de6705f014de6d5c8df0023');
INSERT INTO `ec_role_menu` VALUES ('134', '4028824c4de6705f014de6c77ce10007');
INSERT INTO `ec_role_menu` VALUES ('134', '4028824c4de60d34014de649effa0005');
INSERT INTO `ec_role_menu` VALUES ('134', '4028824c4de60d34014de65a25cc0010');
INSERT INTO `ec_role_menu` VALUES ('134', '4028824c4de60d34014de659497a000f');
INSERT INTO `ec_role_menu` VALUES ('134', '4028824c4de60d34014de658f3e7000e');
INSERT INTO `ec_role_menu` VALUES ('134', '4028824c4de60d34014de6588d1c000d');
INSERT INTO `ec_role_menu` VALUES ('134', '4028824c4de60d34014de6566e51000c');
INSERT INTO `ec_role_menu` VALUES ('135', '4028824c4de6705f014de6cc55b00011');
INSERT INTO `ec_role_menu` VALUES ('135', '4028824c4de6705f014de6cef43f0019');
INSERT INTO `ec_role_menu` VALUES ('135', '4028824c4de6705f014de6ce45390016');
INSERT INTO `ec_role_menu` VALUES ('135', '4028824c4de60d34014de649c12f0004');
INSERT INTO `ec_role_menu` VALUES ('135', '4028824c4de65ea6014de664be85000a');
INSERT INTO `ec_role_menu` VALUES ('135', '4028824c4de65ea6014de663f5060009');
INSERT INTO `ec_role_menu` VALUES ('135', '4028824c4de65ea6014de66350530007');
INSERT INTO `ec_role_menu` VALUES ('135', '4028824c4de65ea6014de6638f740008');
INSERT INTO `ec_role_menu` VALUES ('135', '4028824c4de65ea6014de66225930005');
INSERT INTO `ec_role_menu` VALUES ('135', '4028824c4de65ea6014de662c1f50006');
INSERT INTO `ec_role_menu` VALUES ('135', '4028824c4de65ea6014de66090c40001');
INSERT INTO `ec_role_menu` VALUES ('135', '4028824c4de65ea6014de661c5bb0004');
INSERT INTO `ec_role_menu` VALUES ('135', '4028824c4de65ea6014de661859f0003');
INSERT INTO `ec_role_menu` VALUES ('135', '4028824c4de65ea6014de65feaf10000');
INSERT INTO `ec_role_menu` VALUES ('135', '4028824c4de65ea6014de66104700002');
INSERT INTO `ec_role_menu` VALUES ('135', '4028824c4de578a7014de57aaada0000');
INSERT INTO `ec_role_menu` VALUES ('135', '4028824c4de578a7014de582626b0004');
INSERT INTO `ec_role_menu` VALUES ('135', '4028824c4de6705f014de6c43db50001');
INSERT INTO `ec_role_menu` VALUES ('135', '4028824c4de6705f014de6c2d0a10000');
INSERT INTO `ec_role_menu` VALUES ('135', '4028824c4de578a7014de581cd4a0003');
INSERT INTO `ec_role_menu` VALUES ('135', '4028824c4de6705f014de6c56efb0002');
INSERT INTO `ec_role_menu` VALUES ('135', '4028824c4de578a7014de58316230006');
INSERT INTO `ec_role_menu` VALUES ('135', '4028824c4de6705f014de6c65eef0004');
INSERT INTO `ec_role_menu` VALUES ('135', '4028824c4de578a7014de582bad30005');
INSERT INTO `ec_role_menu` VALUES ('135', '4028824c4de6705f014de6c6a5730005');
INSERT INTO `ec_role_menu` VALUES ('135', '4028824c4de60d34014de64883a90001');
INSERT INTO `ec_role_menu` VALUES ('135', '4028824c4de6705f014de6d6451b0024');
INSERT INTO `ec_role_menu` VALUES ('135', '4028824c4de6705f014de6c701250006');
INSERT INTO `ec_role_menu` VALUES ('135', '4028824c4de6705f014de6c60ea70003');
INSERT INTO `ec_role_menu` VALUES ('135', '4028824c4de60d34014de64782700000');
INSERT INTO `ec_role_menu` VALUES ('135', '4028824c4de6705f014de6d5c8df0023');
INSERT INTO `ec_role_menu` VALUES ('135', '4028824c4de6705f014de6c77ce10007');
INSERT INTO `ec_role_menu` VALUES ('135', '4028824c4de60d34014de649effa0005');
INSERT INTO `ec_role_menu` VALUES ('135', '4028824c4de60d34014de65a25cc0010');
INSERT INTO `ec_role_menu` VALUES ('135', '4028824c4de60d34014de659497a000f');
INSERT INTO `ec_role_menu` VALUES ('135', '4028824c4de60d34014de658f3e7000e');
INSERT INTO `ec_role_menu` VALUES ('135', '4028824c4de60d34014de6588d1c000d');
INSERT INTO `ec_role_menu` VALUES ('135', '4028824c4de60d34014de6566e51000c');
INSERT INTO `ec_role_menu` VALUES ('136', '4028824c4de6705f014de6cc55b00011');
INSERT INTO `ec_role_menu` VALUES ('136', '4028824c4de6705f014de6cef43f0019');
INSERT INTO `ec_role_menu` VALUES ('136', '4028824c4de6705f014de6ce45390016');
INSERT INTO `ec_role_menu` VALUES ('136', '4028824c4de60d34014de649c12f0004');
INSERT INTO `ec_role_menu` VALUES ('136', '4028824c4de65ea6014de664be85000a');
INSERT INTO `ec_role_menu` VALUES ('136', '4028824c4de65ea6014de663f5060009');
INSERT INTO `ec_role_menu` VALUES ('136', '4028824c4de65ea6014de66350530007');
INSERT INTO `ec_role_menu` VALUES ('136', '4028824c4de65ea6014de6638f740008');
INSERT INTO `ec_role_menu` VALUES ('136', '4028824c4de65ea6014de66225930005');
INSERT INTO `ec_role_menu` VALUES ('136', '4028824c4de65ea6014de662c1f50006');
INSERT INTO `ec_role_menu` VALUES ('136', '4028824c4de65ea6014de66090c40001');
INSERT INTO `ec_role_menu` VALUES ('136', '4028824c4de65ea6014de661c5bb0004');
INSERT INTO `ec_role_menu` VALUES ('136', '4028824c4de65ea6014de661859f0003');
INSERT INTO `ec_role_menu` VALUES ('136', '4028824c4de65ea6014de65feaf10000');
INSERT INTO `ec_role_menu` VALUES ('136', '4028824c4de65ea6014de66104700002');
INSERT INTO `ec_role_menu` VALUES ('136', '4028824c4de578a7014de57aaada0000');
INSERT INTO `ec_role_menu` VALUES ('136', '4028824c4de578a7014de582626b0004');
INSERT INTO `ec_role_menu` VALUES ('136', '4028824c4de6705f014de6c43db50001');
INSERT INTO `ec_role_menu` VALUES ('136', '4028824c4de6705f014de6c2d0a10000');
INSERT INTO `ec_role_menu` VALUES ('136', '4028824c4de578a7014de581cd4a0003');
INSERT INTO `ec_role_menu` VALUES ('136', '4028824c4de6705f014de6c56efb0002');
INSERT INTO `ec_role_menu` VALUES ('136', '4028824c4de578a7014de58316230006');
INSERT INTO `ec_role_menu` VALUES ('136', '4028824c4de6705f014de6c65eef0004');
INSERT INTO `ec_role_menu` VALUES ('136', '4028824c4de578a7014de582bad30005');
INSERT INTO `ec_role_menu` VALUES ('136', '4028824c4de6705f014de6c6a5730005');
INSERT INTO `ec_role_menu` VALUES ('136', '4028824c4de60d34014de64782700000');
INSERT INTO `ec_role_menu` VALUES ('136', '4028824c4de6705f014de6d5c8df0023');
INSERT INTO `ec_role_menu` VALUES ('136', '4028824c4de6705f014de6c77ce10007');
INSERT INTO `ec_role_menu` VALUES ('136', '4028824c4de60d34014de649effa0005');
INSERT INTO `ec_role_menu` VALUES ('136', '4028824c4de60d34014de65a25cc0010');
INSERT INTO `ec_role_menu` VALUES ('136', '4028824c4de60d34014de659497a000f');
INSERT INTO `ec_role_menu` VALUES ('136', '4028824c4de60d34014de658f3e7000e');
INSERT INTO `ec_role_menu` VALUES ('136', '4028824c4de60d34014de6588d1c000d');
INSERT INTO `ec_role_menu` VALUES ('136', '4028824c4de60d34014de6566e51000c');
INSERT INTO `ec_role_menu` VALUES ('142', '4028824c4de60d34014de6497ec80003');
INSERT INTO `ec_role_menu` VALUES ('142', '4028824c4de6705f014de6cc55b00011');
INSERT INTO `ec_role_menu` VALUES ('142', '4028824c4de6705f014de6e0d9e60035');
INSERT INTO `ec_role_menu` VALUES ('142', '4028824c4de6705f014de6cf5cce001b');
INSERT INTO `ec_role_menu` VALUES ('142', '4028824c4de6705f014de6cf2ed9001a');
INSERT INTO `ec_role_menu` VALUES ('142', '4028824c4de6705f014de6cef43f0019');
INSERT INTO `ec_role_menu` VALUES ('142', '4028824c4de6705f014de6ceb7e80018');
INSERT INTO `ec_role_menu` VALUES ('142', '4028824c4de6705f014de6ce848d0017');
INSERT INTO `ec_role_menu` VALUES ('142', '4028824c4de6705f014de6ce45390016');
INSERT INTO `ec_role_menu` VALUES ('142', '4028824c4de6705f014de6cd69d60015');
INSERT INTO `ec_role_menu` VALUES ('142', '4028824c4de6705f014de6cd2dfd0014');
INSERT INTO `ec_role_menu` VALUES ('142', '4028824c4de6705f014de6ccf0070013');
INSERT INTO `ec_role_menu` VALUES ('142', '4028824c4de6705f014de6ccbd460012');
INSERT INTO `ec_role_menu` VALUES ('142', '4028824c4de60d34014de6542bb3000b');
INSERT INTO `ec_role_menu` VALUES ('142', '4028824c4de6705f014de6e060cd0034');
INSERT INTO `ec_role_menu` VALUES ('142', '4028824c4de6705f014de6dfc6400032');
INSERT INTO `ec_role_menu` VALUES ('142', '4028824c4de6705f014de6df7aa20031');
INSERT INTO `ec_role_menu` VALUES ('142', '4028824c4de6705f014de6df05a70030');
INSERT INTO `ec_role_menu` VALUES ('142', '4028824c4de6705f014de6debd0e002f');
INSERT INTO `ec_role_menu` VALUES ('142', '4028824c4de6705f014de6de6b01002e');
INSERT INTO `ec_role_menu` VALUES ('142', '4028824c4de6705f014de6de1bf7002d');
INSERT INTO `ec_role_menu` VALUES ('142', '4028824c4de6705f014de6dd2ac2002c');
INSERT INTO `ec_role_menu` VALUES ('142', '4028824c4de6705f014de6c8b5a30009');
INSERT INTO `ec_role_menu` VALUES ('142', '4028824c4de6705f014de6c7d6f20008');
INSERT INTO `ec_role_menu` VALUES ('142', '4028824c4de60d34014de65291fe000a');
INSERT INTO `ec_role_menu` VALUES ('142', '4028824c4de6705f014de6d737b50025');
INSERT INTO `ec_role_menu` VALUES ('142', '4028824c4de60d34014de65227c60009');
INSERT INTO `ec_role_menu` VALUES ('142', '402882234de73907014de74441bd0000');
INSERT INTO `ec_role_menu` VALUES ('142', '4028824c4de60d34014de649c12f0004');
INSERT INTO `ec_role_menu` VALUES ('142', '4028824c4de65ea6014de664be85000a');
INSERT INTO `ec_role_menu` VALUES ('142', '4028824c4de65ea6014de663f5060009');
INSERT INTO `ec_role_menu` VALUES ('142', '4028824c4de65ea6014de66350530007');
INSERT INTO `ec_role_menu` VALUES ('142', '4028824c4de65ea6014de6638f740008');
INSERT INTO `ec_role_menu` VALUES ('142', '4028824c4de65ea6014de66225930005');
INSERT INTO `ec_role_menu` VALUES ('142', '4028824c4de65ea6014de662c1f50006');
INSERT INTO `ec_role_menu` VALUES ('142', '4028824c4de65ea6014de66090c40001');
INSERT INTO `ec_role_menu` VALUES ('142', '4028824c4de65ea6014de661c5bb0004');
INSERT INTO `ec_role_menu` VALUES ('142', '4028824c4de65ea6014de661859f0003');
INSERT INTO `ec_role_menu` VALUES ('142', '4028824c4de65ea6014de65feaf10000');
INSERT INTO `ec_role_menu` VALUES ('142', '4028824c4de65ea6014de66104700002');
INSERT INTO `ec_role_menu` VALUES ('142', '4028824c4de578a7014de57aaada0000');
INSERT INTO `ec_role_menu` VALUES ('142', '4028824c4de578a7014de582626b0004');
INSERT INTO `ec_role_menu` VALUES ('142', '4028824c4de6705f014de6c43db50001');
INSERT INTO `ec_role_menu` VALUES ('142', '4028824c4de6705f014de6c2d0a10000');
INSERT INTO `ec_role_menu` VALUES ('142', '4028824c4de578a7014de581cd4a0003');
INSERT INTO `ec_role_menu` VALUES ('142', '4028824c4de6705f014de6c56efb0002');
INSERT INTO `ec_role_menu` VALUES ('142', '4028824c4de578a7014de58316230006');
INSERT INTO `ec_role_menu` VALUES ('142', '4028824c4de6705f014de6c65eef0004');
INSERT INTO `ec_role_menu` VALUES ('142', '4028824c4de578a7014de582bad30005');
INSERT INTO `ec_role_menu` VALUES ('142', '4028824c4de6705f014de6c6a5730005');
INSERT INTO `ec_role_menu` VALUES ('142', '4028824c4de60d34014de64883a90001');
INSERT INTO `ec_role_menu` VALUES ('142', '4028824c4de6705f014de6d6451b0024');
INSERT INTO `ec_role_menu` VALUES ('142', '4028824c4de6705f014de6c701250006');
INSERT INTO `ec_role_menu` VALUES ('142', '4028824c4de6705f014de6c60ea70003');
INSERT INTO `ec_role_menu` VALUES ('142', '4028824c4de60d34014de64782700000');
INSERT INTO `ec_role_menu` VALUES ('142', '4028824c4de6705f014de6d5c8df0023');
INSERT INTO `ec_role_menu` VALUES ('142', '4028824c4de6705f014de6c77ce10007');
INSERT INTO `ec_role_menu` VALUES ('142', '4028824c4de60d34014de649effa0005');
INSERT INTO `ec_role_menu` VALUES ('142', '4028824c4de60d34014de65a25cc0010');
INSERT INTO `ec_role_menu` VALUES ('142', '4028824c4de60d34014de659497a000f');
INSERT INTO `ec_role_menu` VALUES ('142', '4028824c4de60d34014de658f3e7000e');
INSERT INTO `ec_role_menu` VALUES ('142', '4028824c4de60d34014de6588d1c000d');
INSERT INTO `ec_role_menu` VALUES ('142', '4028824c4de60d34014de6566e51000c');
INSERT INTO `ec_role_menu` VALUES ('143', '4028824c4de60d34014de6497ec80003');
INSERT INTO `ec_role_menu` VALUES ('143', '4028824c4de6705f014de6e00b010033');
INSERT INTO `ec_role_menu` VALUES ('143', '4028824c4de6705f014de6d8d06f0027');
INSERT INTO `ec_role_menu` VALUES ('143', '4028824c4de6705f014de6daed4b002a');
INSERT INTO `ec_role_menu` VALUES ('143', '4028824c4de6705f014de6d9a8700028');
INSERT INTO `ec_role_menu` VALUES ('143', '4028824c4de6705f014de6d8864b0026');
INSERT INTO `ec_role_menu` VALUES ('143', '4028824c4de6705f014de6db20ef002b');
INSERT INTO `ec_role_menu` VALUES ('143', '4028824c4de6705f014de6da80a90029');
INSERT INTO `ec_role_menu` VALUES ('143', '4028824c4de6705f014de6cc55b00011');
INSERT INTO `ec_role_menu` VALUES ('143', '4028824c4de6705f014de6e0d9e60035');
INSERT INTO `ec_role_menu` VALUES ('143', '4028824c4de6705f014de6cf5cce001b');
INSERT INTO `ec_role_menu` VALUES ('143', '4028824c4de6705f014de6cf2ed9001a');
INSERT INTO `ec_role_menu` VALUES ('143', '4028824c4de6705f014de6cef43f0019');
INSERT INTO `ec_role_menu` VALUES ('143', '4028824c4de6705f014de6ceb7e80018');
INSERT INTO `ec_role_menu` VALUES ('143', '4028824c4de6705f014de6ce848d0017');
INSERT INTO `ec_role_menu` VALUES ('143', '4028824c4de6705f014de6ce45390016');
INSERT INTO `ec_role_menu` VALUES ('143', '4028824c4de6705f014de6cd69d60015');
INSERT INTO `ec_role_menu` VALUES ('143', '4028824c4de6705f014de6cd2dfd0014');
INSERT INTO `ec_role_menu` VALUES ('143', '4028824c4de6705f014de6ccf0070013');
INSERT INTO `ec_role_menu` VALUES ('143', '4028824c4de6705f014de6ccbd460012');
INSERT INTO `ec_role_menu` VALUES ('143', '4028824c4de60d34014de6542bb3000b');
INSERT INTO `ec_role_menu` VALUES ('143', '4028824c4de6705f014de6e060cd0034');
INSERT INTO `ec_role_menu` VALUES ('143', '4028824c4de6705f014de6dfc6400032');
INSERT INTO `ec_role_menu` VALUES ('143', '4028824c4de6705f014de6df7aa20031');
INSERT INTO `ec_role_menu` VALUES ('143', '4028824c4de6705f014de6df05a70030');
INSERT INTO `ec_role_menu` VALUES ('143', '4028824c4de6705f014de6debd0e002f');
INSERT INTO `ec_role_menu` VALUES ('143', '4028824c4de6705f014de6de6b01002e');
INSERT INTO `ec_role_menu` VALUES ('143', '4028824c4de6705f014de6de1bf7002d');
INSERT INTO `ec_role_menu` VALUES ('143', '4028824c4de6705f014de6dd2ac2002c');
INSERT INTO `ec_role_menu` VALUES ('143', '4028824c4de6705f014de6c8b5a30009');
INSERT INTO `ec_role_menu` VALUES ('143', '4028824c4de6705f014de6c7d6f20008');
INSERT INTO `ec_role_menu` VALUES ('143', '4028824c4de60d34014de65291fe000a');
INSERT INTO `ec_role_menu` VALUES ('143', '4028824c4de6705f014de6d737b50025');
INSERT INTO `ec_role_menu` VALUES ('143', '4028824c4de60d34014de65227c60009');
INSERT INTO `ec_role_menu` VALUES ('143', '402882234de73907014de74441bd0000');
INSERT INTO `ec_role_menu` VALUES ('143', '4028824c4de60d34014de649c12f0004');
INSERT INTO `ec_role_menu` VALUES ('143', '4028824c4de65ea6014de664be85000a');
INSERT INTO `ec_role_menu` VALUES ('143', '4028824c4de65ea6014de663f5060009');
INSERT INTO `ec_role_menu` VALUES ('143', '4028824c4de65ea6014de66350530007');
INSERT INTO `ec_role_menu` VALUES ('143', '4028824c4de65ea6014de6638f740008');
INSERT INTO `ec_role_menu` VALUES ('143', '4028824c4de65ea6014de66225930005');
INSERT INTO `ec_role_menu` VALUES ('143', '4028824c4de65ea6014de662c1f50006');
INSERT INTO `ec_role_menu` VALUES ('143', '4028824c4de65ea6014de66090c40001');
INSERT INTO `ec_role_menu` VALUES ('143', '4028824c4de65ea6014de661c5bb0004');
INSERT INTO `ec_role_menu` VALUES ('143', '4028824c4de65ea6014de661859f0003');
INSERT INTO `ec_role_menu` VALUES ('143', '4028824c4de65ea6014de65feaf10000');
INSERT INTO `ec_role_menu` VALUES ('143', '4028824c4de65ea6014de66104700002');
INSERT INTO `ec_role_menu` VALUES ('143', '4028824c4de578a7014de57aaada0000');
INSERT INTO `ec_role_menu` VALUES ('143', '4028824c4de578a7014de582626b0004');
INSERT INTO `ec_role_menu` VALUES ('143', '4028824c4de6705f014de6c43db50001');
INSERT INTO `ec_role_menu` VALUES ('143', '4028824c4de6705f014de6c2d0a10000');
INSERT INTO `ec_role_menu` VALUES ('143', '4028824c4de578a7014de581cd4a0003');
INSERT INTO `ec_role_menu` VALUES ('143', '4028824c4de6705f014de6c56efb0002');
INSERT INTO `ec_role_menu` VALUES ('143', '4028824c4de578a7014de58316230006');
INSERT INTO `ec_role_menu` VALUES ('143', '4028824c4de6705f014de6c65eef0004');
INSERT INTO `ec_role_menu` VALUES ('143', '4028824c4de578a7014de582bad30005');
INSERT INTO `ec_role_menu` VALUES ('143', '4028824c4de6705f014de6c6a5730005');
INSERT INTO `ec_role_menu` VALUES ('143', '4028824c4de60d34014de64883a90001');
INSERT INTO `ec_role_menu` VALUES ('143', '4028824c4de6705f014de6d6451b0024');
INSERT INTO `ec_role_menu` VALUES ('143', '4028824c4de6705f014de6c701250006');
INSERT INTO `ec_role_menu` VALUES ('143', '4028824c4de6705f014de6c60ea70003');
INSERT INTO `ec_role_menu` VALUES ('143', '4028824c4de60d34014de64782700000');
INSERT INTO `ec_role_menu` VALUES ('143', '4028824c4de6705f014de6d5c8df0023');
INSERT INTO `ec_role_menu` VALUES ('143', '4028824c4de6705f014de6c77ce10007');
INSERT INTO `ec_role_menu` VALUES ('143', '4028824c4de60d34014de649effa0005');
INSERT INTO `ec_role_menu` VALUES ('143', '4028824c4de60d34014de65a25cc0010');
INSERT INTO `ec_role_menu` VALUES ('143', '4028824c4de60d34014de659497a000f');
INSERT INTO `ec_role_menu` VALUES ('143', '4028824c4de60d34014de658f3e7000e');
INSERT INTO `ec_role_menu` VALUES ('143', '4028824c4de60d34014de6588d1c000d');
INSERT INTO `ec_role_menu` VALUES ('143', '4028824c4de60d34014de6566e51000c');
INSERT INTO `ec_role_menu` VALUES ('146', '4028824c4de60d34014de6497ec80003');
INSERT INTO `ec_role_menu` VALUES ('146', '4028824c4de6705f014de6e00b010033');
INSERT INTO `ec_role_menu` VALUES ('146', '4028824c4de6705f014de6d8d06f0027');
INSERT INTO `ec_role_menu` VALUES ('146', '4028824c4de6705f014de6daed4b002a');
INSERT INTO `ec_role_menu` VALUES ('146', '4028824c4de6705f014de6d9a8700028');
INSERT INTO `ec_role_menu` VALUES ('146', '4028824c4de6705f014de6d8864b0026');
INSERT INTO `ec_role_menu` VALUES ('146', '4028824c4de6705f014de6db20ef002b');
INSERT INTO `ec_role_menu` VALUES ('146', '4028824c4de6705f014de6da80a90029');
INSERT INTO `ec_role_menu` VALUES ('146', '4028824c4de6705f014de6cc55b00011');
INSERT INTO `ec_role_menu` VALUES ('146', '4028824c4de6705f014de6e0d9e60035');
INSERT INTO `ec_role_menu` VALUES ('146', '4028824c4de6705f014de6cf5cce001b');
INSERT INTO `ec_role_menu` VALUES ('146', '4028824c4de6705f014de6cf2ed9001a');
INSERT INTO `ec_role_menu` VALUES ('146', '4028824c4de6705f014de6cef43f0019');
INSERT INTO `ec_role_menu` VALUES ('146', '4028824c4de6705f014de6ceb7e80018');
INSERT INTO `ec_role_menu` VALUES ('146', '4028824c4de6705f014de6ce848d0017');
INSERT INTO `ec_role_menu` VALUES ('146', '4028824c4de6705f014de6ce45390016');
INSERT INTO `ec_role_menu` VALUES ('146', '4028824c4de6705f014de6cd69d60015');
INSERT INTO `ec_role_menu` VALUES ('146', '4028824c4de6705f014de6cd2dfd0014');
INSERT INTO `ec_role_menu` VALUES ('146', '4028824c4de6705f014de6ccf0070013');
INSERT INTO `ec_role_menu` VALUES ('146', '4028824c4de6705f014de6ccbd460012');
INSERT INTO `ec_role_menu` VALUES ('146', '4028824c4de60d34014de65291fe000a');
INSERT INTO `ec_role_menu` VALUES ('146', '4028824c4de6705f014de6d737b50025');
INSERT INTO `ec_role_menu` VALUES ('146', '4028824c4de60d34014de65227c60009');
INSERT INTO `ec_role_menu` VALUES ('146', '402882234de73907014de74441bd0000');
INSERT INTO `ec_role_menu` VALUES ('146', '4028824c4de60d34014de649c12f0004');
INSERT INTO `ec_role_menu` VALUES ('146', '4028824c4de65ea6014de664be85000a');
INSERT INTO `ec_role_menu` VALUES ('146', '4028824c4de65ea6014de663f5060009');
INSERT INTO `ec_role_menu` VALUES ('146', '4028824c4de65ea6014de66350530007');
INSERT INTO `ec_role_menu` VALUES ('146', '4028824c4de65ea6014de6638f740008');
INSERT INTO `ec_role_menu` VALUES ('146', '4028824c4de65ea6014de66225930005');
INSERT INTO `ec_role_menu` VALUES ('146', '4028824c4de65ea6014de662c1f50006');
INSERT INTO `ec_role_menu` VALUES ('146', '4028824c4de65ea6014de66090c40001');
INSERT INTO `ec_role_menu` VALUES ('146', '4028824c4de65ea6014de661c5bb0004');
INSERT INTO `ec_role_menu` VALUES ('146', '4028824c4de65ea6014de661859f0003');
INSERT INTO `ec_role_menu` VALUES ('146', '4028824c4de65ea6014de65feaf10000');
INSERT INTO `ec_role_menu` VALUES ('146', '4028824c4de65ea6014de66104700002');
INSERT INTO `ec_role_menu` VALUES ('146', '4028824c4de578a7014de57aaada0000');
INSERT INTO `ec_role_menu` VALUES ('146', '4028824c4de578a7014de582626b0004');
INSERT INTO `ec_role_menu` VALUES ('146', '4028824c4de6705f014de6c43db50001');
INSERT INTO `ec_role_menu` VALUES ('146', '4028824c4de6705f014de6c2d0a10000');
INSERT INTO `ec_role_menu` VALUES ('146', '4028824c4de578a7014de581cd4a0003');
INSERT INTO `ec_role_menu` VALUES ('146', '4028824c4de6705f014de6c56efb0002');
INSERT INTO `ec_role_menu` VALUES ('146', '4028824c4de578a7014de58316230006');
INSERT INTO `ec_role_menu` VALUES ('146', '4028824c4de6705f014de6c65eef0004');
INSERT INTO `ec_role_menu` VALUES ('146', '4028824c4de578a7014de582bad30005');
INSERT INTO `ec_role_menu` VALUES ('146', '4028824c4de6705f014de6c6a5730005');
INSERT INTO `ec_role_menu` VALUES ('146', '4028824c4de60d34014de64883a90001');
INSERT INTO `ec_role_menu` VALUES ('146', '4028824c4de6705f014de6d6451b0024');
INSERT INTO `ec_role_menu` VALUES ('146', '4028824c4de6705f014de6c701250006');
INSERT INTO `ec_role_menu` VALUES ('146', '4028824c4de6705f014de6c60ea70003');
INSERT INTO `ec_role_menu` VALUES ('146', '4028824c4de60d34014de64782700000');
INSERT INTO `ec_role_menu` VALUES ('146', '4028824c4de6705f014de6d5c8df0023');
INSERT INTO `ec_role_menu` VALUES ('146', '4028824c4de6705f014de6c77ce10007');
INSERT INTO `ec_role_menu` VALUES ('146', '4028824c4de60d34014de649effa0005');
INSERT INTO `ec_role_menu` VALUES ('146', '4028824c4de60d34014de65a25cc0010');
INSERT INTO `ec_role_menu` VALUES ('146', '4028824c4de60d34014de659497a000f');
INSERT INTO `ec_role_menu` VALUES ('146', '4028824c4de60d34014de658f3e7000e');
INSERT INTO `ec_role_menu` VALUES ('146', '4028824c4de60d34014de6588d1c000d');
INSERT INTO `ec_role_menu` VALUES ('146', '4028824c4de60d34014de6566e51000c');
INSERT INTO `ec_role_menu` VALUES ('139', '4028824c4de6705f014de6cc55b00011');
INSERT INTO `ec_role_menu` VALUES ('139', '4028824c4de6705f014de6cef43f0019');
INSERT INTO `ec_role_menu` VALUES ('139', '4028824c4de6705f014de6ce45390016');
INSERT INTO `ec_role_menu` VALUES ('139', '4028824c4de60d34014de6542bb3000b');
INSERT INTO `ec_role_menu` VALUES ('139', '4028824c4de6705f014de6de6b01002e');
INSERT INTO `ec_role_menu` VALUES ('139', '4028824c4de60d34014de649c12f0004');
INSERT INTO `ec_role_menu` VALUES ('139', '4028824c4de65ea6014de664be85000a');
INSERT INTO `ec_role_menu` VALUES ('139', '4028824c4de65ea6014de663f5060009');
INSERT INTO `ec_role_menu` VALUES ('139', '4028824c4de65ea6014de66350530007');
INSERT INTO `ec_role_menu` VALUES ('139', '4028824c4de65ea6014de6638f740008');
INSERT INTO `ec_role_menu` VALUES ('139', '4028824c4de65ea6014de66225930005');
INSERT INTO `ec_role_menu` VALUES ('139', '4028824c4de65ea6014de662c1f50006');
INSERT INTO `ec_role_menu` VALUES ('139', '4028824c4de65ea6014de66090c40001');
INSERT INTO `ec_role_menu` VALUES ('139', '4028824c4de65ea6014de661c5bb0004');
INSERT INTO `ec_role_menu` VALUES ('139', '4028824c4de65ea6014de661859f0003');
INSERT INTO `ec_role_menu` VALUES ('139', '4028824c4de65ea6014de65feaf10000');
INSERT INTO `ec_role_menu` VALUES ('139', '4028824c4de65ea6014de66104700002');
INSERT INTO `ec_role_menu` VALUES ('139', '4028824c4de578a7014de57aaada0000');
INSERT INTO `ec_role_menu` VALUES ('139', '4028824c4de578a7014de582626b0004');
INSERT INTO `ec_role_menu` VALUES ('139', '4028824c4de6705f014de6c43db50001');
INSERT INTO `ec_role_menu` VALUES ('139', '4028824c4de6705f014de6c2d0a10000');
INSERT INTO `ec_role_menu` VALUES ('139', '4028824c4de578a7014de581cd4a0003');
INSERT INTO `ec_role_menu` VALUES ('139', '4028824c4de6705f014de6c56efb0002');
INSERT INTO `ec_role_menu` VALUES ('139', '4028824c4de578a7014de58316230006');
INSERT INTO `ec_role_menu` VALUES ('139', '4028824c4de6705f014de6c65eef0004');
INSERT INTO `ec_role_menu` VALUES ('139', '4028824c4de578a7014de582bad30005');
INSERT INTO `ec_role_menu` VALUES ('139', '4028824c4de6705f014de6c6a5730005');
INSERT INTO `ec_role_menu` VALUES ('139', '4028824c4de60d34014de64782700000');
INSERT INTO `ec_role_menu` VALUES ('139', '4028824c4de6705f014de6d5c8df0023');
INSERT INTO `ec_role_menu` VALUES ('139', '4028824c4de6705f014de6c77ce10007');
INSERT INTO `ec_role_menu` VALUES ('139', '4028824c4de60d34014de649effa0005');
INSERT INTO `ec_role_menu` VALUES ('139', '4028824c4de60d34014de65a25cc0010');
INSERT INTO `ec_role_menu` VALUES ('139', '4028824c4de60d34014de659497a000f');
INSERT INTO `ec_role_menu` VALUES ('139', '4028824c4de60d34014de658f3e7000e');
INSERT INTO `ec_role_menu` VALUES ('139', '4028824c4de60d34014de6588d1c000d');
INSERT INTO `ec_role_menu` VALUES ('139', '4028824c4de60d34014de6566e51000c');
INSERT INTO `ec_role_menu` VALUES ('140', '4028824c4de6705f014de6cc55b00011');
INSERT INTO `ec_role_menu` VALUES ('140', '4028824c4de6705f014de6cef43f0019');
INSERT INTO `ec_role_menu` VALUES ('140', '4028824c4de6705f014de6ce45390016');
INSERT INTO `ec_role_menu` VALUES ('140', '4028824c4de60d34014de6542bb3000b');
INSERT INTO `ec_role_menu` VALUES ('140', '4028824c4de6705f014de6de6b01002e');
INSERT INTO `ec_role_menu` VALUES ('140', '4028824c4de60d34014de649c12f0004');
INSERT INTO `ec_role_menu` VALUES ('140', '4028824c4de65ea6014de664be85000a');
INSERT INTO `ec_role_menu` VALUES ('140', '4028824c4de65ea6014de663f5060009');
INSERT INTO `ec_role_menu` VALUES ('140', '4028824c4de65ea6014de66350530007');
INSERT INTO `ec_role_menu` VALUES ('140', '4028824c4de65ea6014de6638f740008');
INSERT INTO `ec_role_menu` VALUES ('140', '4028824c4de65ea6014de66225930005');
INSERT INTO `ec_role_menu` VALUES ('140', '4028824c4de65ea6014de662c1f50006');
INSERT INTO `ec_role_menu` VALUES ('140', '4028824c4de65ea6014de66090c40001');
INSERT INTO `ec_role_menu` VALUES ('140', '4028824c4de65ea6014de661c5bb0004');
INSERT INTO `ec_role_menu` VALUES ('140', '4028824c4de65ea6014de661859f0003');
INSERT INTO `ec_role_menu` VALUES ('140', '4028824c4de65ea6014de65feaf10000');
INSERT INTO `ec_role_menu` VALUES ('140', '4028824c4de65ea6014de66104700002');
INSERT INTO `ec_role_menu` VALUES ('140', '4028824c4de578a7014de57aaada0000');
INSERT INTO `ec_role_menu` VALUES ('140', '4028824c4de578a7014de582626b0004');
INSERT INTO `ec_role_menu` VALUES ('140', '4028824c4de6705f014de6c43db50001');
INSERT INTO `ec_role_menu` VALUES ('140', '4028824c4de6705f014de6c2d0a10000');
INSERT INTO `ec_role_menu` VALUES ('140', '4028824c4de578a7014de581cd4a0003');
INSERT INTO `ec_role_menu` VALUES ('140', '4028824c4de6705f014de6c56efb0002');
INSERT INTO `ec_role_menu` VALUES ('140', '4028824c4de578a7014de58316230006');
INSERT INTO `ec_role_menu` VALUES ('140', '4028824c4de6705f014de6c65eef0004');
INSERT INTO `ec_role_menu` VALUES ('140', '4028824c4de578a7014de582bad30005');
INSERT INTO `ec_role_menu` VALUES ('140', '4028824c4de6705f014de6c6a5730005');
INSERT INTO `ec_role_menu` VALUES ('140', '4028824c4de60d34014de64782700000');
INSERT INTO `ec_role_menu` VALUES ('140', '4028824c4de6705f014de6d5c8df0023');
INSERT INTO `ec_role_menu` VALUES ('140', '4028824c4de6705f014de6c77ce10007');
INSERT INTO `ec_role_menu` VALUES ('140', '4028824c4de60d34014de649effa0005');
INSERT INTO `ec_role_menu` VALUES ('140', '4028824c4de60d34014de65a25cc0010');
INSERT INTO `ec_role_menu` VALUES ('140', '4028824c4de60d34014de659497a000f');
INSERT INTO `ec_role_menu` VALUES ('140', '4028824c4de60d34014de658f3e7000e');
INSERT INTO `ec_role_menu` VALUES ('140', '4028824c4de60d34014de6588d1c000d');
INSERT INTO `ec_role_menu` VALUES ('140', '4028824c4de60d34014de6566e51000c');
INSERT INTO `ec_role_menu` VALUES ('141', '4028824c4de60d34014de649c12f0004');
INSERT INTO `ec_role_menu` VALUES ('141', '4028824c4de65ea6014de664be85000a');
INSERT INTO `ec_role_menu` VALUES ('141', '4028824c4de65ea6014de663f5060009');
INSERT INTO `ec_role_menu` VALUES ('141', '4028824c4de65ea6014de66350530007');
INSERT INTO `ec_role_menu` VALUES ('141', '4028824c4de65ea6014de6638f740008');
INSERT INTO `ec_role_menu` VALUES ('141', '4028824c4de65ea6014de66225930005');
INSERT INTO `ec_role_menu` VALUES ('141', '4028824c4de65ea6014de662c1f50006');
INSERT INTO `ec_role_menu` VALUES ('141', '4028824c4de65ea6014de66090c40001');
INSERT INTO `ec_role_menu` VALUES ('141', '4028824c4de65ea6014de661c5bb0004');
INSERT INTO `ec_role_menu` VALUES ('141', '4028824c4de65ea6014de661859f0003');
INSERT INTO `ec_role_menu` VALUES ('141', '4028824c4de65ea6014de65feaf10000');
INSERT INTO `ec_role_menu` VALUES ('141', '4028824c4de65ea6014de66104700002');
INSERT INTO `ec_role_menu` VALUES ('147', '4028824c4de60d34014de649c12f0004');
INSERT INTO `ec_role_menu` VALUES ('147', '4028824c4de65ea6014de664be85000a');
INSERT INTO `ec_role_menu` VALUES ('147', '4028824c4de65ea6014de663f5060009');
INSERT INTO `ec_role_menu` VALUES ('147', '4028824c4de65ea6014de66350530007');
INSERT INTO `ec_role_menu` VALUES ('147', '4028824c4de65ea6014de6638f740008');
INSERT INTO `ec_role_menu` VALUES ('147', '4028824c4de65ea6014de66225930005');
INSERT INTO `ec_role_menu` VALUES ('147', '4028824c4de65ea6014de662c1f50006');
INSERT INTO `ec_role_menu` VALUES ('147', '4028824c4de65ea6014de66090c40001');
INSERT INTO `ec_role_menu` VALUES ('147', '4028824c4de65ea6014de661c5bb0004');
INSERT INTO `ec_role_menu` VALUES ('147', '4028824c4de65ea6014de661859f0003');
INSERT INTO `ec_role_menu` VALUES ('147', '4028824c4de65ea6014de65feaf10000');
INSERT INTO `ec_role_menu` VALUES ('147', '4028824c4de65ea6014de66104700002');
INSERT INTO `ec_role_menu` VALUES ('148', '4028824c4de60d34014de649c12f0004');
INSERT INTO `ec_role_menu` VALUES ('148', '4028824c4de65ea6014de664be85000a');
INSERT INTO `ec_role_menu` VALUES ('148', '4028824c4de65ea6014de663f5060009');
INSERT INTO `ec_role_menu` VALUES ('148', '4028824c4de65ea6014de66350530007');
INSERT INTO `ec_role_menu` VALUES ('148', '4028824c4de65ea6014de6638f740008');
INSERT INTO `ec_role_menu` VALUES ('148', '4028824c4de65ea6014de66225930005');
INSERT INTO `ec_role_menu` VALUES ('148', '4028824c4de65ea6014de662c1f50006');
INSERT INTO `ec_role_menu` VALUES ('148', '4028824c4de65ea6014de66090c40001');
INSERT INTO `ec_role_menu` VALUES ('148', '4028824c4de65ea6014de661c5bb0004');
INSERT INTO `ec_role_menu` VALUES ('148', '4028824c4de65ea6014de661859f0003');
INSERT INTO `ec_role_menu` VALUES ('148', '4028824c4de65ea6014de65feaf10000');
INSERT INTO `ec_role_menu` VALUES ('148', '4028824c4de65ea6014de66104700002');
INSERT INTO `ec_role_menu` VALUES ('149', '4028824c4de60d34014de649c12f0004');
INSERT INTO `ec_role_menu` VALUES ('149', '4028824c4de65ea6014de664be85000a');
INSERT INTO `ec_role_menu` VALUES ('149', '4028824c4de65ea6014de663f5060009');
INSERT INTO `ec_role_menu` VALUES ('149', '4028824c4de65ea6014de66350530007');
INSERT INTO `ec_role_menu` VALUES ('149', '4028824c4de65ea6014de6638f740008');
INSERT INTO `ec_role_menu` VALUES ('149', '4028824c4de65ea6014de66225930005');
INSERT INTO `ec_role_menu` VALUES ('149', '4028824c4de65ea6014de662c1f50006');
INSERT INTO `ec_role_menu` VALUES ('149', '4028824c4de65ea6014de66090c40001');
INSERT INTO `ec_role_menu` VALUES ('149', '4028824c4de65ea6014de661c5bb0004');
INSERT INTO `ec_role_menu` VALUES ('149', '4028824c4de65ea6014de661859f0003');
INSERT INTO `ec_role_menu` VALUES ('149', '4028824c4de65ea6014de65feaf10000');
INSERT INTO `ec_role_menu` VALUES ('149', '4028824c4de65ea6014de66104700002');
INSERT INTO `ec_role_menu` VALUES ('137', '4028824c4de6705f014de6cc55b00011');
INSERT INTO `ec_role_menu` VALUES ('137', '4028824c4de6705f014de6cef43f0019');
INSERT INTO `ec_role_menu` VALUES ('137', '4028824c4de6705f014de6ce45390016');
INSERT INTO `ec_role_menu` VALUES ('137', '4028824c4de60d34014de6542bb3000b');
INSERT INTO `ec_role_menu` VALUES ('137', '4028824c4de6705f014de6e060cd0034');
INSERT INTO `ec_role_menu` VALUES ('137', '4028824c4de6705f014de6dfc6400032');
INSERT INTO `ec_role_menu` VALUES ('137', '4028824c4de6705f014de6df7aa20031');
INSERT INTO `ec_role_menu` VALUES ('137', '4028824c4de6705f014de6df05a70030');
INSERT INTO `ec_role_menu` VALUES ('137', '4028824c4de6705f014de6debd0e002f');
INSERT INTO `ec_role_menu` VALUES ('137', '4028824c4de6705f014de6de6b01002e');
INSERT INTO `ec_role_menu` VALUES ('137', '4028824c4de6705f014de6de1bf7002d');
INSERT INTO `ec_role_menu` VALUES ('137', '4028824c4de6705f014de6dd2ac2002c');
INSERT INTO `ec_role_menu` VALUES ('137', '4028824c4de6705f014de6c8b5a30009');
INSERT INTO `ec_role_menu` VALUES ('137', '4028824c4de6705f014de6c7d6f20008');
INSERT INTO `ec_role_menu` VALUES ('137', '4028824c4de60d34014de649c12f0004');
INSERT INTO `ec_role_menu` VALUES ('137', '4028824c4de65ea6014de663f5060009');
INSERT INTO `ec_role_menu` VALUES ('137', '4028824c4de65ea6014de66350530007');
INSERT INTO `ec_role_menu` VALUES ('137', '4028824c4de65ea6014de6638f740008');
INSERT INTO `ec_role_menu` VALUES ('137', '4028824c4de65ea6014de66225930005');
INSERT INTO `ec_role_menu` VALUES ('137', '4028824c4de65ea6014de662c1f50006');
INSERT INTO `ec_role_menu` VALUES ('137', '4028824c4de65ea6014de66090c40001');
INSERT INTO `ec_role_menu` VALUES ('137', '4028824c4de65ea6014de661c5bb0004');
INSERT INTO `ec_role_menu` VALUES ('137', '4028824c4de65ea6014de661859f0003');
INSERT INTO `ec_role_menu` VALUES ('137', '4028824c4de65ea6014de65feaf10000');
INSERT INTO `ec_role_menu` VALUES ('137', '4028824c4de65ea6014de66104700002');
INSERT INTO `ec_role_menu` VALUES ('137', '4028824c4de578a7014de57aaada0000');
INSERT INTO `ec_role_menu` VALUES ('137', '4028824c4de578a7014de582626b0004');
INSERT INTO `ec_role_menu` VALUES ('137', '4028824c4de6705f014de6c43db50001');
INSERT INTO `ec_role_menu` VALUES ('137', '4028824c4de6705f014de6c2d0a10000');
INSERT INTO `ec_role_menu` VALUES ('137', '4028824c4de578a7014de581cd4a0003');
INSERT INTO `ec_role_menu` VALUES ('137', '4028824c4de6705f014de6c56efb0002');
INSERT INTO `ec_role_menu` VALUES ('137', '4028824c4de578a7014de58316230006');
INSERT INTO `ec_role_menu` VALUES ('137', '4028824c4de6705f014de6c65eef0004');
INSERT INTO `ec_role_menu` VALUES ('137', '4028824c4de578a7014de582bad30005');
INSERT INTO `ec_role_menu` VALUES ('137', '4028824c4de6705f014de6c6a5730005');
INSERT INTO `ec_role_menu` VALUES ('137', '4028824c4de60d34014de64883a90001');
INSERT INTO `ec_role_menu` VALUES ('137', '4028824c4de6705f014de6d6451b0024');
INSERT INTO `ec_role_menu` VALUES ('137', '4028824c4de6705f014de6c701250006');
INSERT INTO `ec_role_menu` VALUES ('137', '4028824c4de6705f014de6c60ea70003');
INSERT INTO `ec_role_menu` VALUES ('137', '4028824c4de60d34014de64782700000');
INSERT INTO `ec_role_menu` VALUES ('137', '4028824c4de6705f014de6d5c8df0023');
INSERT INTO `ec_role_menu` VALUES ('137', '4028824c4de6705f014de6c77ce10007');
INSERT INTO `ec_role_menu` VALUES ('137', '4028824c4de60d34014de649effa0005');
INSERT INTO `ec_role_menu` VALUES ('137', '4028824c4de60d34014de65a25cc0010');
INSERT INTO `ec_role_menu` VALUES ('137', '4028824c4de60d34014de659497a000f');
INSERT INTO `ec_role_menu` VALUES ('137', '4028824c4de60d34014de658f3e7000e');
INSERT INTO `ec_role_menu` VALUES ('137', '4028824c4de60d34014de6588d1c000d');
INSERT INTO `ec_role_menu` VALUES ('137', '4028824c4de60d34014de6566e51000c');
INSERT INTO `ec_role_menu` VALUES ('145', '4028824c4de60d34014de6497ec80003');
INSERT INTO `ec_role_menu` VALUES ('145', '4028824c4de6705f014de6d8d06f0027');
INSERT INTO `ec_role_menu` VALUES ('145', '4028824c4de6705f014de6daed4b002a');
INSERT INTO `ec_role_menu` VALUES ('145', '4028824c4de6705f014de6d9a8700028');
INSERT INTO `ec_role_menu` VALUES ('145', '4028824c4de6705f014de6cc55b00011');
INSERT INTO `ec_role_menu` VALUES ('145', '402882f74e3811d0014e38191d5a0000');
INSERT INTO `ec_role_menu` VALUES ('145', '4028824c4de6705f014de6e0d9e60035');
INSERT INTO `ec_role_menu` VALUES ('145', '4028824c4de6705f014de6cf5cce001b');
INSERT INTO `ec_role_menu` VALUES ('145', '4028824c4de6705f014de6cf2ed9001a');
INSERT INTO `ec_role_menu` VALUES ('145', '4028824c4de6705f014de6cef43f0019');
INSERT INTO `ec_role_menu` VALUES ('145', '4028824c4de6705f014de6ceb7e80018');
INSERT INTO `ec_role_menu` VALUES ('145', '4028824c4de6705f014de6ce848d0017');
INSERT INTO `ec_role_menu` VALUES ('145', '4028824c4de6705f014de6ce45390016');
INSERT INTO `ec_role_menu` VALUES ('145', '4028824c4de6705f014de6cd69d60015');
INSERT INTO `ec_role_menu` VALUES ('145', '4028824c4de6705f014de6cd2dfd0014');
INSERT INTO `ec_role_menu` VALUES ('145', '4028824c4de6705f014de6ccf0070013');
INSERT INTO `ec_role_menu` VALUES ('145', '4028824c4de6705f014de6ccbd460012');
INSERT INTO `ec_role_menu` VALUES ('145', '4028824c4de60d34014de65227c60009');
INSERT INTO `ec_role_menu` VALUES ('145', '402882234de73907014de74441bd0000');
INSERT INTO `ec_role_menu` VALUES ('145', '4028824c4de60d34014de649c12f0004');
INSERT INTO `ec_role_menu` VALUES ('145', '4028824c4de65ea6014de664be85000a');
INSERT INTO `ec_role_menu` VALUES ('145', '4028824c4de65ea6014de663f5060009');
INSERT INTO `ec_role_menu` VALUES ('145', '4028824c4de65ea6014de66350530007');
INSERT INTO `ec_role_menu` VALUES ('145', '4028824c4de65ea6014de6638f740008');
INSERT INTO `ec_role_menu` VALUES ('145', '4028824c4de65ea6014de66225930005');
INSERT INTO `ec_role_menu` VALUES ('145', '4028824c4de65ea6014de662c1f50006');
INSERT INTO `ec_role_menu` VALUES ('145', '4028824c4de65ea6014de66090c40001');
INSERT INTO `ec_role_menu` VALUES ('145', '4028824c4de65ea6014de661c5bb0004');
INSERT INTO `ec_role_menu` VALUES ('145', '4028824c4de65ea6014de661859f0003');
INSERT INTO `ec_role_menu` VALUES ('145', '4028824c4de65ea6014de65feaf10000');
INSERT INTO `ec_role_menu` VALUES ('145', '4028824c4de65ea6014de66104700002');
INSERT INTO `ec_role_menu` VALUES ('145', '4028824c4de578a7014de57aaada0000');
INSERT INTO `ec_role_menu` VALUES ('145', '4028824c4de578a7014de582626b0004');
INSERT INTO `ec_role_menu` VALUES ('145', '4028824c4de6705f014de6c43db50001');
INSERT INTO `ec_role_menu` VALUES ('145', '4028824c4de6705f014de6c2d0a10000');
INSERT INTO `ec_role_menu` VALUES ('145', '4028824c4de578a7014de581cd4a0003');
INSERT INTO `ec_role_menu` VALUES ('145', '4028824c4de6705f014de6c56efb0002');
INSERT INTO `ec_role_menu` VALUES ('145', '4028824c4de578a7014de58316230006');
INSERT INTO `ec_role_menu` VALUES ('145', '4028824c4de6705f014de6c65eef0004');
INSERT INTO `ec_role_menu` VALUES ('145', '4028824c4de578a7014de582bad30005');
INSERT INTO `ec_role_menu` VALUES ('145', '4028824c4de6705f014de6c6a5730005');
INSERT INTO `ec_role_menu` VALUES ('145', '4028824c4de60d34014de64883a90001');
INSERT INTO `ec_role_menu` VALUES ('145', '4028824c4de6705f014de6d6451b0024');
INSERT INTO `ec_role_menu` VALUES ('145', '4028824c4de6705f014de6c701250006');
INSERT INTO `ec_role_menu` VALUES ('145', '4028824c4de6705f014de6c60ea70003');
INSERT INTO `ec_role_menu` VALUES ('145', '4028824c4de60d34014de64782700000');
INSERT INTO `ec_role_menu` VALUES ('145', '4028824c4de6705f014de6d5c8df0023');
INSERT INTO `ec_role_menu` VALUES ('145', '4028824c4de6705f014de6c77ce10007');
INSERT INTO `ec_role_menu` VALUES ('145', '4028824c4de60d34014de649effa0005');
INSERT INTO `ec_role_menu` VALUES ('145', '4028824c4de60d34014de65a25cc0010');
INSERT INTO `ec_role_menu` VALUES ('145', '4028824c4de60d34014de659497a000f');
INSERT INTO `ec_role_menu` VALUES ('145', '4028824c4de60d34014de658f3e7000e');
INSERT INTO `ec_role_menu` VALUES ('145', '4028824c4de60d34014de6588d1c000d');
INSERT INTO `ec_role_menu` VALUES ('145', '4028824c4de60d34014de6566e51000c');
INSERT INTO `ec_role_menu` VALUES ('138', '4028824c4de6705f014de6cc55b00011');
INSERT INTO `ec_role_menu` VALUES ('138', '4028824c4de6705f014de6cef43f0019');
INSERT INTO `ec_role_menu` VALUES ('138', '4028824c4de6705f014de6ce45390016');
INSERT INTO `ec_role_menu` VALUES ('138', '4028824c4de60d34014de6542bb3000b');
INSERT INTO `ec_role_menu` VALUES ('138', '4028824c4de6705f014de6de6b01002e');
INSERT INTO `ec_role_menu` VALUES ('138', '4028824c4de6705f014de6de1bf7002d');
INSERT INTO `ec_role_menu` VALUES ('138', '4028824c4de60d34014de649c12f0004');
INSERT INTO `ec_role_menu` VALUES ('138', '402882f74e5cb6a3014e5cb79ecc0000');
INSERT INTO `ec_role_menu` VALUES ('138', '4028824c4de65ea6014de664be85000a');
INSERT INTO `ec_role_menu` VALUES ('138', '402882f74e5c6fc1014e5c7214090001');
INSERT INTO `ec_role_menu` VALUES ('138', '402882f74e5c6fc1014e5c71cb060000');
INSERT INTO `ec_role_menu` VALUES ('138', '4028824c4de578a7014de57aaada0000');
INSERT INTO `ec_role_menu` VALUES ('138', '4028824c4de578a7014de582626b0004');
INSERT INTO `ec_role_menu` VALUES ('138', '4028824c4de6705f014de6c43db50001');
INSERT INTO `ec_role_menu` VALUES ('138', '4028824c4de6705f014de6c2d0a10000');
INSERT INTO `ec_role_menu` VALUES ('138', '4028824c4de578a7014de581cd4a0003');
INSERT INTO `ec_role_menu` VALUES ('138', '4028824c4de6705f014de6c56efb0002');
INSERT INTO `ec_role_menu` VALUES ('138', '4028824c4de578a7014de58316230006');
INSERT INTO `ec_role_menu` VALUES ('138', '4028824c4de6705f014de6c65eef0004');
INSERT INTO `ec_role_menu` VALUES ('138', '4028824c4de578a7014de582bad30005');
INSERT INTO `ec_role_menu` VALUES ('138', '4028824c4de6705f014de6c6a5730005');
INSERT INTO `ec_role_menu` VALUES ('138', '4028824c4de60d34014de64782700000');
INSERT INTO `ec_role_menu` VALUES ('138', '4028824c4de6705f014de6d5c8df0023');
INSERT INTO `ec_role_menu` VALUES ('138', '4028824c4de6705f014de6c77ce10007');
INSERT INTO `ec_role_menu` VALUES ('138', '4028824c4de60d34014de649effa0005');
INSERT INTO `ec_role_menu` VALUES ('138', '4028824c4de60d34014de65a25cc0010');
INSERT INTO `ec_role_menu` VALUES ('138', '4028824c4de60d34014de659497a000f');
INSERT INTO `ec_role_menu` VALUES ('138', '4028824c4de60d34014de658f3e7000e');
INSERT INTO `ec_role_menu` VALUES ('138', '4028824c4de60d34014de6588d1c000d');
INSERT INTO `ec_role_menu` VALUES ('138', '4028824c4de60d34014de6566e51000c');
INSERT INTO `ec_role_menu` VALUES ('121', '4028824c4de60d34014de6497ec80003');
INSERT INTO `ec_role_menu` VALUES ('121', '4028824c4de6705f014de6d8864b0026');
INSERT INTO `ec_role_menu` VALUES ('121', '4028824c4de6705f014de6db20ef002b');
INSERT INTO `ec_role_menu` VALUES ('121', '4028824c4de6705f014de6da80a90029');
INSERT INTO `ec_role_menu` VALUES ('121', '4028824c4de6705f014de6cc55b00011');
INSERT INTO `ec_role_menu` VALUES ('121', '4028824c4de6705f014de6cef43f0019');
INSERT INTO `ec_role_menu` VALUES ('121', '4028824c4de6705f014de6ceb7e80018');
INSERT INTO `ec_role_menu` VALUES ('121', '4028824c4de6705f014de6ce848d0017');
INSERT INTO `ec_role_menu` VALUES ('121', '4028824c4de6705f014de6ce45390016');
INSERT INTO `ec_role_menu` VALUES ('121', '4028824c4de60d34014de65291fe000a');
INSERT INTO `ec_role_menu` VALUES ('121', '4028824c4de6705f014de6d737b50025');
INSERT INTO `ec_role_menu` VALUES ('121', '4028824c4de60d34014de649c12f0004');
INSERT INTO `ec_role_menu` VALUES ('121', '4028824c4de65ea6014de664be85000a');
INSERT INTO `ec_role_menu` VALUES ('121', '4028824c4de65ea6014de663f5060009');
INSERT INTO `ec_role_menu` VALUES ('121', '4028824c4de65ea6014de66350530007');
INSERT INTO `ec_role_menu` VALUES ('121', '4028824c4de65ea6014de6638f740008');
INSERT INTO `ec_role_menu` VALUES ('121', '4028824c4de65ea6014de66225930005');
INSERT INTO `ec_role_menu` VALUES ('121', '4028824c4de65ea6014de662c1f50006');
INSERT INTO `ec_role_menu` VALUES ('121', '4028824c4de65ea6014de66090c40001');
INSERT INTO `ec_role_menu` VALUES ('121', '4028824c4de65ea6014de661c5bb0004');
INSERT INTO `ec_role_menu` VALUES ('121', '4028824c4de65ea6014de661859f0003');
INSERT INTO `ec_role_menu` VALUES ('121', '4028824c4de65ea6014de65feaf10000');
INSERT INTO `ec_role_menu` VALUES ('121', '4028824c4de65ea6014de66104700002');
INSERT INTO `ec_role_menu` VALUES ('121', '4028824c4de578a7014de57aaada0000');
INSERT INTO `ec_role_menu` VALUES ('121', '4028824c4de578a7014de582626b0004');
INSERT INTO `ec_role_menu` VALUES ('121', '4028824c4de6705f014de6c43db50001');
INSERT INTO `ec_role_menu` VALUES ('121', '4028824c4de6705f014de6c2d0a10000');
INSERT INTO `ec_role_menu` VALUES ('121', '4028824c4de578a7014de581cd4a0003');
INSERT INTO `ec_role_menu` VALUES ('121', '4028824c4de6705f014de6c56efb0002');
INSERT INTO `ec_role_menu` VALUES ('121', '4028824c4de578a7014de58316230006');
INSERT INTO `ec_role_menu` VALUES ('121', '4028824c4de6705f014de6c65eef0004');
INSERT INTO `ec_role_menu` VALUES ('121', '4028824c4de578a7014de582bad30005');
INSERT INTO `ec_role_menu` VALUES ('121', '4028824c4de6705f014de6c6a5730005');
INSERT INTO `ec_role_menu` VALUES ('121', '4028824c4de60d34014de64883a90001');
INSERT INTO `ec_role_menu` VALUES ('121', '4028824c4de6705f014de6d6451b0024');
INSERT INTO `ec_role_menu` VALUES ('121', '4028824c4de6705f014de6c701250006');
INSERT INTO `ec_role_menu` VALUES ('121', '4028824c4de6705f014de6c60ea70003');
INSERT INTO `ec_role_menu` VALUES ('121', '4028824c4de60d34014de64782700000');
INSERT INTO `ec_role_menu` VALUES ('121', '4028824c4de6705f014de6d5c8df0023');
INSERT INTO `ec_role_menu` VALUES ('121', '4028824c4de6705f014de6c77ce10007');
INSERT INTO `ec_role_menu` VALUES ('121', '4028824c4de60d34014de649effa0005');
INSERT INTO `ec_role_menu` VALUES ('121', '4028824c4de60d34014de65a25cc0010');
INSERT INTO `ec_role_menu` VALUES ('121', '4028824c4de60d34014de659497a000f');
INSERT INTO `ec_role_menu` VALUES ('121', '4028824c4de60d34014de658f3e7000e');
INSERT INTO `ec_role_menu` VALUES ('121', '4028824c4de60d34014de6588d1c000d');
INSERT INTO `ec_role_menu` VALUES ('121', '4028824c4de60d34014de6566e51000c');
INSERT INTO `ec_role_menu` VALUES ('125', '4028824c4de60d34014de6497ec80003');
INSERT INTO `ec_role_menu` VALUES ('125', '4028824c4de6705f014de6d8864b0026');
INSERT INTO `ec_role_menu` VALUES ('125', '4028824c4de6705f014de6db20ef002b');
INSERT INTO `ec_role_menu` VALUES ('125', '4028824c4de6705f014de6da80a90029');
INSERT INTO `ec_role_menu` VALUES ('125', '4028824c4de6705f014de6cc55b00011');
INSERT INTO `ec_role_menu` VALUES ('125', '4028824c4de6705f014de6cef43f0019');
INSERT INTO `ec_role_menu` VALUES ('125', '4028824c4de6705f014de6ce45390016');
INSERT INTO `ec_role_menu` VALUES ('125', '4028824c4de60d34014de65291fe000a');
INSERT INTO `ec_role_menu` VALUES ('125', '4028824c4de6705f014de6d737b50025');
INSERT INTO `ec_role_menu` VALUES ('125', '4028824c4de60d34014de649c12f0004');
INSERT INTO `ec_role_menu` VALUES ('125', '4028824c4de65ea6014de664be85000a');
INSERT INTO `ec_role_menu` VALUES ('125', '4028824c4de65ea6014de663f5060009');
INSERT INTO `ec_role_menu` VALUES ('125', '4028824c4de65ea6014de66350530007');
INSERT INTO `ec_role_menu` VALUES ('125', '4028824c4de65ea6014de6638f740008');
INSERT INTO `ec_role_menu` VALUES ('125', '4028824c4de65ea6014de66225930005');
INSERT INTO `ec_role_menu` VALUES ('125', '4028824c4de65ea6014de662c1f50006');
INSERT INTO `ec_role_menu` VALUES ('125', '4028824c4de65ea6014de66090c40001');
INSERT INTO `ec_role_menu` VALUES ('125', '4028824c4de65ea6014de661c5bb0004');
INSERT INTO `ec_role_menu` VALUES ('125', '4028824c4de65ea6014de661859f0003');
INSERT INTO `ec_role_menu` VALUES ('125', '4028824c4de65ea6014de65feaf10000');
INSERT INTO `ec_role_menu` VALUES ('125', '4028824c4de65ea6014de66104700002');
INSERT INTO `ec_role_menu` VALUES ('125', '4028824c4de578a7014de57aaada0000');
INSERT INTO `ec_role_menu` VALUES ('125', '4028824c4de578a7014de582626b0004');
INSERT INTO `ec_role_menu` VALUES ('125', '4028824c4de6705f014de6c43db50001');
INSERT INTO `ec_role_menu` VALUES ('125', '4028824c4de6705f014de6c2d0a10000');
INSERT INTO `ec_role_menu` VALUES ('125', '4028824c4de578a7014de581cd4a0003');
INSERT INTO `ec_role_menu` VALUES ('125', '4028824c4de6705f014de6c56efb0002');
INSERT INTO `ec_role_menu` VALUES ('125', '4028824c4de578a7014de58316230006');
INSERT INTO `ec_role_menu` VALUES ('125', '4028824c4de6705f014de6c65eef0004');
INSERT INTO `ec_role_menu` VALUES ('125', '4028824c4de578a7014de582bad30005');
INSERT INTO `ec_role_menu` VALUES ('125', '4028824c4de6705f014de6c6a5730005');
INSERT INTO `ec_role_menu` VALUES ('125', '4028824c4de60d34014de64883a90001');
INSERT INTO `ec_role_menu` VALUES ('125', '4028824c4de6705f014de6d6451b0024');
INSERT INTO `ec_role_menu` VALUES ('125', '4028824c4de6705f014de6c701250006');
INSERT INTO `ec_role_menu` VALUES ('125', '4028824c4de6705f014de6c60ea70003');
INSERT INTO `ec_role_menu` VALUES ('125', '4028824c4de60d34014de64782700000');
INSERT INTO `ec_role_menu` VALUES ('125', '4028824c4de6705f014de6d5c8df0023');
INSERT INTO `ec_role_menu` VALUES ('125', '4028824c4de6705f014de6c77ce10007');
INSERT INTO `ec_role_menu` VALUES ('125', '4028824c4de60d34014de649effa0005');
INSERT INTO `ec_role_menu` VALUES ('125', '4028824c4de60d34014de65a25cc0010');
INSERT INTO `ec_role_menu` VALUES ('125', '4028824c4de60d34014de659497a000f');
INSERT INTO `ec_role_menu` VALUES ('125', '4028824c4de60d34014de658f3e7000e');
INSERT INTO `ec_role_menu` VALUES ('125', '4028824c4de60d34014de6588d1c000d');
INSERT INTO `ec_role_menu` VALUES ('125', '4028824c4de60d34014de6566e51000c');
INSERT INTO `ec_role_menu` VALUES ('144', '4028824c4de60d34014de649c12f0004');
INSERT INTO `ec_role_menu` VALUES ('144', '4028824c4de65ea6014de664be85000a');
INSERT INTO `ec_role_menu` VALUES ('144', '402882f74e5c6fc1014e5c7214090001');
INSERT INTO `ec_role_menu` VALUES ('144', '402882f74e5c6fc1014e5c71cb060000');
INSERT INTO `ec_role_menu` VALUES ('150', '4028824c4de60d34014de6497ec80003');
INSERT INTO `ec_role_menu` VALUES ('150', '4028824c4de60d34014de65227c60009');
INSERT INTO `ec_role_menu` VALUES ('150', '402882234de73907014de74441bd0000');

-- ----------------------------
-- Table structure for ec_role_privilege
-- ----------------------------
DROP TABLE IF EXISTS `ec_role_privilege`;
CREATE TABLE `ec_role_privilege` (
  `role_id` int(11) NOT NULL COMMENT '角色ID',
  `privilege_id` int(11) NOT NULL COMMENT '权限ID',
  PRIMARY KEY (`role_id`,`privilege_id`),
  KEY `fk_role_privilege` (`role_id`),
  KEY `fk_privilege_role` (`privilege_id`),
  CONSTRAINT `ec_role_privilege_ibfk_1` FOREIGN KEY (`privilege_id`) REFERENCES `ec_privilege` (`id`) ON DELETE CASCADE ON UPDATE CASCADE,
  CONSTRAINT `ec_role_privilege_ibfk_2` FOREIGN KEY (`role_id`) REFERENCES `ec_role` (`id`) ON DELETE CASCADE ON UPDATE CASCADE
) ENGINE=InnoDB DEFAULT CHARSET=utf8 COLLATE=utf8_unicode_ci;

-- ----------------------------
-- Records of ec_role_privilege
-- ----------------------------

-- ----------------------------
-- Table structure for ec_site
-- ----------------------------
DROP TABLE IF EXISTS `ec_site`;
CREATE TABLE `ec_site` (
  `id` int(11) NOT NULL AUTO_INCREMENT COMMENT '默认ID',
  `site_name` varchar(255) COLLATE utf8_unicode_ci DEFAULT NULL COMMENT '网站名称',
  `site_domain` varchar(100) COLLATE utf8_unicode_ci DEFAULT NULL COMMENT '域名',
  `site_key` varchar(255) COLLATE utf8_unicode_ci DEFAULT NULL COMMENT '关键字',
  `site_describe` varchar(255) COLLATE utf8_unicode_ci DEFAULT NULL COMMENT '网站描述',
  `site_tpl_name` varchar(50) COLLATE utf8_unicode_ci DEFAULT NULL COMMENT '模板名称',
  `upload_max_size` int(11) DEFAULT '0' COMMENT '上传文件大小',
  `upload_tpl_dir` varchar(255) COLLATE utf8_unicode_ci DEFAULT NULL COMMENT '模板上传目录',
  `tpl_file_type` varchar(50) COLLATE utf8_unicode_ci DEFAULT NULL COMMENT '模板上传类型',
  `upload_res_dir` varchar(255) COLLATE utf8_unicode_ci DEFAULT NULL COMMENT '资源上传目录',
  `is_local_site` tinyint(1) NOT NULL DEFAULT '0' COMMENT '是否本地站点',
  `app_path` varchar(255) COLLATE utf8_unicode_ci DEFAULT NULL COMMENT '站点绝对路径',
  `i18n_path` varchar(255) COLLATE utf8_unicode_ci DEFAULT NULL COMMENT '国际化目录',
  `pagesize_list` varchar(100) COLLATE utf8_unicode_ci DEFAULT NULL,
  PRIMARY KEY (`id`)
) ENGINE=InnoDB AUTO_INCREMENT=10 DEFAULT CHARSET=utf8 COLLATE=utf8_unicode_ci;

-- ----------------------------
-- Records of ec_site
-- ----------------------------
INSERT INTO `ec_site` VALUES ('9', '核岛安装实时动态监管系统', 'asdas', 'asda', 'sdsad', 'easycms', null, null, null, null, '1', '/', null, '[5,10,50,100]');

-- ----------------------------
-- Table structure for ec_user
-- ----------------------------
DROP TABLE IF EXISTS `ec_user`;
CREATE TABLE `ec_user` (
  `id` int(11) NOT NULL AUTO_INCREMENT COMMENT '默认ID',
  `username` varchar(100) COLLATE utf8_unicode_ci NOT NULL COMMENT '用户名唯一',
  `password` varchar(100) COLLATE utf8_unicode_ci NOT NULL COMMENT '密码',
  `real_name` varchar(100) COLLATE utf8_unicode_ci DEFAULT NULL COMMENT '真是姓名',
  `email` varchar(50) COLLATE utf8_unicode_ci DEFAULT NULL COMMENT 'email',
  `register_time` datetime NOT NULL COMMENT '注册时间',
  `register_ip` varchar(50) COLLATE utf8_unicode_ci NOT NULL DEFAULT '127.0.0.1' COMMENT '注册IP',
  `current_login_time` datetime DEFAULT NULL COMMENT '当前登录时间',
  `current_login_ip` varchar(50) COLLATE utf8_unicode_ci DEFAULT '127.0.0.1' COMMENT '当前登录IP',
  `last_login_time` datetime DEFAULT NULL COMMENT '上次登录时间',
  `last_login_ip` varchar(50) COLLATE utf8_unicode_ci DEFAULT '127.0.0.1' COMMENT '上次登录IP',
  `login_times` int(11) DEFAULT NULL COMMENT '登录次数',
  `is_default_admin` tinyint(1) NOT NULL DEFAULT '0' COMMENT '是否默认管理员',
  `is_del` tinyint(1) DEFAULT '0',
  `device` varchar(100) COLLATE utf8_unicode_ci DEFAULT NULL,
  PRIMARY KEY (`id`),
  UNIQUE KEY `username` (`username`)
) ENGINE=InnoDB AUTO_INCREMENT=200 DEFAULT CHARSET=utf8 COLLATE=utf8_unicode_ci;

-- ----------------------------
-- Records of ec_user
-- ----------------------------
INSERT INTO `ec_user` VALUES ('8', 'admin', '594afe5e1f8ac83827ca43434f7dae1a', '邓洁芃', '', '2014-01-01 18:20:59', '127.0.0.1', '2015-07-17 21:27:28', '192.168.2.119', '2015-07-17 11:36:25', '192.168.2.119', '1636', '1', '0', 'zzzzzz');
INSERT INTO `ec_user` VALUES ('89', 'zhangxiaolin', '0c73c5a91374dc3a19f6b7f68b3b6af2', '张孝林', 'example@qq.com', '2015-04-21 00:00:00', '127.0.0.1', '2015-07-16 23:04:25', '192.168.2.119', '2015-07-16 22:28:30', '192.168.2.119', '118', '0', '0', null);
INSERT INTO `ec_user` VALUES ('91', 'liheping', '594afe5e1f8ac83827ca43434f7dae1a', '李和平', 'example@qq.com', '2015-04-21 00:00:00', '127.0.0.1', '2015-06-14 21:40:08', '192.168.2.119', '2015-06-04 22:23:48', '192.168.2.119', '24', '0', '1', null);
INSERT INTO `ec_user` VALUES ('92', 'maoguoqiang', 'a5100adcf95faed61d4e4ca1721399b0', '毛国强', 'example@qq.com', '2015-04-21 00:00:00', '127.0.0.1', '2015-05-29 15:56:41', '192.168.2.119', null, '127.0.0.1', '1', '0', '1', null);
INSERT INTO `ec_user` VALUES ('93', 'yezhu', '0c73c5a91374dc3a19f6b7f68b3b6af2', '业主', 'example@qq.com', '2015-04-21 00:00:00', '127.0.0.1', '2015-06-27 12:13:44', '192.168.2.119', null, '127.0.0.1', '1', '0', '0', null);
INSERT INTO `ec_user` VALUES ('94', 'gongchenggongsi', '0c73c5a91374dc3a19f6b7f68b3b6af2', '工程公司', 'example@qq.com', '2015-04-21 00:00:00', '127.0.0.1', '2015-06-07 16:28:14', '192.168.2.119', '2015-06-07 16:06:05', '192.168.2.119', '186', '0', '0', null);
INSERT INTO `ec_user` VALUES ('95', 'jianli', '0c73c5a91374dc3a19f6b7f68b3b6af2', '监理', 'example@qq.com', '2015-04-21 00:00:00', '127.0.0.1', '2015-07-17 21:16:44', '192.168.2.119', '2015-07-17 21:08:18', '192.168.2.119', '83', '0', '0', null);
INSERT INTO `ec_user` VALUES ('101', 'gaobo', 'a5100adcf95faed61d4e4ca1721399b0', '高博', 'example@qq.com', '2015-04-21 00:00:00', '127.0.0.1', null, '127.0.0.1', null, '127.0.0.1', null, '0', '1', null);
INSERT INTO `ec_user` VALUES ('106', 'maosan', 'a5100adcf95faed61d4e4ca1721399b0', '毛三', 'example@qq.com', '2015-04-21 00:00:00', '127.0.0.1', null, '127.0.0.1', null, '127.0.0.1', null, '0', '1', null);
INSERT INTO `ec_user` VALUES ('107', 'maoer', 'a5100adcf95faed61d4e4ca1721399b0', '毛二', 'example@qq.com', '2015-04-21 00:00:00', '127.0.0.1', null, '127.0.0.1', null, '127.0.0.1', null, '0', '1', null);
INSERT INTO `ec_user` VALUES ('108', 'maoyi', 'a5100adcf95faed61d4e4ca1721399b0', '毛一', 'example@qq.com', '2015-04-21 00:00:00', '127.0.0.1', null, '127.0.0.1', null, '127.0.0.1', null, '0', '1', null);
INSERT INTO `ec_user` VALUES ('109', 'lisan', 'a5100adcf95faed61d4e4ca1721399b0', '李三', 'example@qq.com', '2015-04-21 00:00:00', '127.0.0.1', null, '127.0.0.1', null, '127.0.0.1', null, '0', '1', null);
INSERT INTO `ec_user` VALUES ('110', 'lier', 'a5100adcf95faed61d4e4ca1721399b0', '李二', 'example@qq.com', '2015-04-21 00:00:00', '127.0.0.1', null, '127.0.0.1', null, '127.0.0.1', null, '0', '1', null);
INSERT INTO `ec_user` VALUES ('111', 'liyi', 'a5100adcf95faed61d4e4ca1721399b0', '李一', 'example@qq.com', '2015-04-21 00:00:00', '127.0.0.1', null, '127.0.0.1', null, '127.0.0.1', null, '0', '1', null);
INSERT INTO `ec_user` VALUES ('112', 'zhangsan', 'a5100adcf95faed61d4e4ca1721399b0', '张三', 'example@qq.com', '2015-04-21 00:00:00', '127.0.0.1', null, '127.0.0.1', null, '127.0.0.1', null, '0', '1', null);
INSERT INTO `ec_user` VALUES ('113', 'zhanger', 'a5100adcf95faed61d4e4ca1721399b0', '张二', 'example@qq.com', '2015-04-21 00:00:00', '127.0.0.1', null, '127.0.0.1', null, '127.0.0.1', null, '0', '1', null);
INSERT INTO `ec_user` VALUES ('114', 'zhangyi', 'a5100adcf95faed61d4e4ca1721399b0', '张一', 'example@qq.com', '2015-04-21 00:00:00', '127.0.0.1', null, '127.0.0.1', null, '127.0.0.1', null, '0', '1', null);
INSERT INTO `ec_user` VALUES ('116', 'zhoujuan', '0c73c5a91374dc3a19f6b7f68b3b6af2', '周娟', 'example@qq.com', '2015-04-21 00:00:00', '127.0.0.1', '2015-06-24 16:27:26', '192.168.2.119', null, '127.0.0.1', '1', '0', '1', null);
INSERT INTO `ec_user` VALUES ('118', 'yangkaifeng', '594afe5e1f8ac83827ca43434f7dae1a', '杨凯峰', 'example@qq.com', '2015-04-21 00:00:00', '127.0.0.1', '2015-06-26 10:53:34', '192.168.2.119', '2015-06-23 21:51:08', '192.168.2.119', '14', '0', '1', null);
INSERT INTO `ec_user` VALUES ('131', 'banzhang', '594afe5e1f8ac83827ca43434f7dae1a', '班长', '', '2015-06-07 16:31:04', '192.168.2.119', '2015-07-10 12:37:43', '0:0:0:0:0:0:0:1', '2015-07-04 13:57:45', '192.168.2.119', '151', '0', '1', null);
INSERT INTO `ec_user` VALUES ('132', 'zuzhang', '594afe5e1f8ac83827ca43434f7dae1a', '施工组长', '', '2015-06-07 16:33:59', '192.168.2.119', '2015-07-08 22:48:42', '192.168.2.119', '2015-07-05 10:29:28', '192.168.2.119', '170', '0', '0', null);
INSERT INTO `ec_user` VALUES ('136', 'jhy', '594afe5e1f8ac83827ca43434f7dae1a', '计划员', 'jhy@hd.com', '2015-06-07 20:02:30', '192.168.2.119', '2015-07-11 10:48:11', '192.168.2.119', '2015-07-11 10:40:49', '192.168.2.119', '56', '0', '0', null);
INSERT INTO `ec_user` VALUES ('138', 'lindong1', '594afe5e1f8ac83827ca43434f7dae1a', '林动', '', '2015-06-09 17:53:27', '192.168.2.119', '2015-06-18 21:16:04', '192.168.2.119', '2015-06-18 17:47:38', '192.168.2.119', '36', '0', '1', null);
INSERT INTO `ec_user` VALUES ('139', 'qc1', '594afe5e1f8ac83827ca43434f7dae1a', 'qc1见证人', '', '2015-06-11 21:27:51', '192.168.2.119', null, null, null, null, null, '0', '0', null);
INSERT INTO `ec_user` VALUES ('140', 'qc2', '594afe5e1f8ac83827ca43434f7dae1a', 'qc2见证人', '', '2015-06-11 21:28:07', '192.168.2.119', null, null, null, null, null, '0', '0', null);
INSERT INTO `ec_user` VALUES ('141', 'qca', '594afe5e1f8ac83827ca43434f7dae1a', 'qca见证人', '', '2015-06-11 21:28:27', '192.168.2.119', null, null, null, null, null, '0', '0', null);
INSERT INTO `ec_user` VALUES ('142', 'rjzr', '594afe5e1f8ac83827ca43434f7dae1a', 'R点见证人', '', '2015-06-11 21:30:24', '192.168.2.119', null, null, null, null, null, '0', '0', null);
INSERT INTO `ec_user` VALUES ('143', 'wjzr', '594afe5e1f8ac83827ca43434f7dae1a', 'W点见证人', 'admin@hfda.co', '2015-06-11 21:58:13', '192.168.2.119', null, null, null, null, null, '0', '0', null);
INSERT INTO `ec_user` VALUES ('144', '测试', '594afe5e1f8ac83827ca43434f7dae1a', '你好', 'test@123.com', '2015-06-17 10:30:11', '192.168.2.119', '2015-06-17 10:36:49', '192.168.2.119', '2015-06-17 10:30:41', '192.168.2.119', '2', '0', '1', null);
INSERT INTO `ec_user` VALUES ('145', '洁芃', '594afe5e1f8ac83827ca43434f7dae1a', '洁芃', 'jiepeng@globalroam.com', '2015-06-17 19:41:49', '192.168.2.119', '2015-06-17 20:03:29', '192.168.2.119', '2015-06-17 19:52:38', '192.168.2.119', '3', '0', '0', null);
INSERT INTO `ec_user` VALUES ('146', 'liuxue', '0c73c5a91374dc3a19f6b7f68b3b6af2', '刘学', '', '2015-06-24 15:23:58', '192.168.2.119', '2015-06-26 10:51:16', '192.168.2.119', '2015-06-26 09:13:59', '192.168.2.119', '4', '0', '1', null);
INSERT INTO `ec_user` VALUES ('147', 'yanchengyong', '0c73c5a91374dc3a19f6b7f68b3b6af2', '严成勇', '', '2015-06-24 15:24:18', '192.168.2.119', null, null, null, null, null, '0', '1', null);
INSERT INTO `ec_user` VALUES ('148', 'zhangchenyang', '0c73c5a91374dc3a19f6b7f68b3b6af2', '张晨旸', '', '2015-06-24 15:24:45', '192.168.2.119', null, null, null, null, null, '0', '1', null);
INSERT INTO `ec_user` VALUES ('149', 'jiangfuying', '0c73c5a91374dc3a19f6b7f68b3b6af2', '蒋福英', '', '2015-06-24 15:25:04', '192.168.2.119', '2015-06-27 14:04:01', '192.168.2.119', '2015-06-27 13:32:43', '192.168.2.119', '6', '0', '0', null);
INSERT INTO `ec_user` VALUES ('150', 'liuyun', '0c73c5a91374dc3a19f6b7f68b3b6af2', '刘云', '', '2015-06-24 15:25:22', '192.168.2.119', null, null, null, null, null, '0', '1', null);
INSERT INTO `ec_user` VALUES ('151', 'liaojiaming', '0c73c5a91374dc3a19f6b7f68b3b6af2', '廖佳明', '', '2015-06-24 15:25:38', '192.168.2.119', null, null, null, null, null, '0', '1', null);
INSERT INTO `ec_user` VALUES ('152', 'wangyun', '0c73c5a91374dc3a19f6b7f68b3b6af2', '王云', '', '2015-06-24 15:25:53', '192.168.2.119', null, null, null, null, null, '0', '1', null);
INSERT INTO `ec_user` VALUES ('153', 'jiajie', '0c73c5a91374dc3a19f6b7f68b3b6af2', '贾杰', '', '2015-06-24 15:26:10', '192.168.2.119', '2015-06-27 11:09:09', '192.168.2.119', '2015-06-27 10:31:32', '192.168.2.119', '2', '0', '0', null);
INSERT INTO `ec_user` VALUES ('154', 'lizhiyang', '0c73c5a91374dc3a19f6b7f68b3b6af2', '李质洋', '', '2015-06-24 15:26:30', '192.168.2.119', null, null, null, null, null, '0', '1', null);
INSERT INTO `ec_user` VALUES ('155', 'xuexiaojing', '0c73c5a91374dc3a19f6b7f68b3b6af2', '薛晓静', '', '2015-06-24 15:26:47', '192.168.2.119', '2015-06-27 12:20:13', '192.168.2.119', '2015-06-27 12:19:44', '192.168.2.119', '5', '0', '0', null);
INSERT INTO `ec_user` VALUES ('156', 'liuxiaohong', '0c73c5a91374dc3a19f6b7f68b3b6af2', '刘晓红', '', '2015-06-24 15:27:04', '192.168.2.119', null, null, null, null, null, '0', '1', null);
INSERT INTO `ec_user` VALUES ('157', 'liuhanbing', '0c73c5a91374dc3a19f6b7f68b3b6af2', '刘寒冰', '', '2015-06-24 15:27:20', '192.168.2.119', null, null, null, null, null, '0', '1', null);
INSERT INTO `ec_user` VALUES ('158', 'liangzhong', '0c73c5a91374dc3a19f6b7f68b3b6af2', '梁忠', '', '2015-06-24 15:27:39', '192.168.2.119', null, null, null, null, null, '0', '1', null);
INSERT INTO `ec_user` VALUES ('159', 'yangyuanwei', '0c73c5a91374dc3a19f6b7f68b3b6af2', '杨元卫', '', '2015-06-24 15:27:58', '192.168.2.119', null, null, null, null, null, '0', '1', null);
INSERT INTO `ec_user` VALUES ('160', 'lindong', '0c73c5a91374dc3a19f6b7f68b3b6af2', '林冬', '', '2015-06-24 15:28:12', '192.168.2.119', '2015-06-27 13:50:52', '192.168.2.119', '2015-06-27 13:36:38', '192.168.2.119', '6', '0', '0', null);
INSERT INTO `ec_user` VALUES ('161', 'shenhui', '0c73c5a91374dc3a19f6b7f68b3b6af2', '沈晖', '', '2015-06-24 15:28:22', '192.168.2.119', '2015-06-27 11:46:27', '192.168.2.119', '2015-06-27 09:37:03', '192.168.2.119', '5', '0', '0', null);
INSERT INTO `ec_user` VALUES ('162', 'liucheng', '0c73c5a91374dc3a19f6b7f68b3b6af2', '刘城', '', '2015-06-26 13:35:48', '192.168.2.119', '2015-06-27 11:15:12', '192.168.2.119', '2015-06-27 10:29:21', '192.168.2.119', '3', '0', '0', null);
INSERT INTO `ec_user` VALUES ('163', 'zhouli', '0c73c5a91374dc3a19f6b7f68b3b6af2', '周莉', '', '2015-06-26 13:36:06', '192.168.2.119', '2015-06-27 11:50:15', '192.168.2.119', null, null, '1', '0', '0', null);
INSERT INTO `ec_user` VALUES ('164', 'zoujianping', '0c73c5a91374dc3a19f6b7f68b3b6af2', '邹建平', '', '2015-06-26 13:36:23', '192.168.2.119', '2015-06-27 11:11:49', '192.168.2.119', '2015-06-27 09:36:58', '192.168.2.119', '3', '0', '0', null);
INSERT INTO `ec_user` VALUES ('165', 'yanping', '0c73c5a91374dc3a19f6b7f68b3b6af2', '严萍', '', '2015-06-26 13:36:41', '192.168.2.119', '2015-06-27 13:43:47', '192.168.2.119', '2015-06-27 12:57:00', '192.168.2.119', '8', '0', '0', null);
INSERT INTO `ec_user` VALUES ('166', 'zhangshuang', '0c73c5a91374dc3a19f6b7f68b3b6af2', '张爽', '', '2015-06-26 13:36:56', '192.168.2.119', '2015-06-27 14:38:55', '192.168.2.119', '2015-06-27 14:37:06', '192.168.2.119', '14', '0', '0', null);
INSERT INTO `ec_user` VALUES ('167', 'wenxinyu', '0c73c5a91374dc3a19f6b7f68b3b6af2', '温新玉', '', '2015-06-26 13:37:21', '192.168.2.119', '2015-06-27 11:33:12', '192.168.2.119', '2015-06-27 11:32:59', '192.168.2.119', '3', '0', '0', null);
INSERT INTO `ec_user` VALUES ('168', 'daijinyan', '0c73c5a91374dc3a19f6b7f68b3b6af2', '戴金艳', '', '2015-06-26 13:37:39', '192.168.2.119', '2015-07-13 14:59:03', '192.168.2.119', '2015-07-10 10:18:31', '192.168.2.119', '7', '0', '0', null);
INSERT INTO `ec_user` VALUES ('169', 'zhanglifang', '0c73c5a91374dc3a19f6b7f68b3b6af2', '张丽芳', '', '2015-06-26 13:37:56', '192.168.2.119', '2015-06-27 11:11:01', '192.168.2.119', '2015-06-27 10:28:24', '192.168.2.119', '2', '0', '0', null);
INSERT INTO `ec_user` VALUES ('170', 'xuexiaojingq', '0c73c5a91374dc3a19f6b7f68b3b6af2', '薛晓静QC', '', '2015-06-26 13:38:30', '192.168.2.119', '2015-07-17 13:00:29', '192.168.2.119', '2015-07-17 11:40:53', '192.168.2.119', '93', '0', '0', null);
INSERT INTO `ec_user` VALUES ('171', 'liuchenghj', '0c73c5a91374dc3a19f6b7f68b3b6af2', '刘城焊接', '', '2015-06-26 13:39:04', '192.168.2.119', '2015-06-27 09:36:59', '192.168.2.119', '2015-06-27 09:36:53', '192.168.2.119', '2', '0', '0', null);
INSERT INTO `ec_user` VALUES ('172', 'lindongz', '0c73c5a91374dc3a19f6b7f68b3b6af2', '林冬总', '', '2015-06-26 13:39:57', '192.168.2.119', null, null, null, null, null, '0', '0', null);
INSERT INTO `ec_user` VALUES ('173', 'jiangqinghua', '0c73c5a91374dc3a19f6b7f68b3b6af2', '江庆华', '', '2015-06-26 13:40:20', '192.168.2.119', '2015-07-16 23:14:16', '192.168.2.119', '2015-07-16 23:13:09', '192.168.2.119', '14', '0', '0', null);
INSERT INTO `ec_user` VALUES ('174', 'hujufang', '0c73c5a91374dc3a19f6b7f68b3b6af2', '胡菊芳', '', '2015-06-26 13:40:32', '192.168.2.119', '2015-07-17 21:21:18', '192.168.2.119', '2015-07-17 21:17:37', '192.168.2.119', '87', '0', '0', null);
INSERT INTO `ec_user` VALUES ('175', 'huxiping', '0c73c5a91374dc3a19f6b7f68b3b6af2', '胡习萍', '', '2015-06-26 13:41:35', '192.168.2.119', '2015-07-04 11:03:16', '192.168.2.119', '2015-06-27 14:34:25', '192.168.2.119', '4', '0', '0', null);
INSERT INTO `ec_user` VALUES ('176', 'fanyang', '0c73c5a91374dc3a19f6b7f68b3b6af2', '樊阳', '', '2015-06-26 13:41:53', '192.168.2.119', '2015-07-04 11:03:37', '192.168.2.119', '2015-06-27 12:08:51', '192.168.2.119', '2', '0', '0', null);
INSERT INTO `ec_user` VALUES ('177', 'houliangbin', '0c73c5a91374dc3a19f6b7f68b3b6af2', '候良斌', '', '2015-06-26 13:42:41', '192.168.2.119', '2015-07-07 14:24:12', '192.168.2.119', '2015-07-06 20:47:26', '192.168.2.119', '30', '0', '0', null);
INSERT INTO `ec_user` VALUES ('178', 'xiongzhanwen', '0c73c5a91374dc3a19f6b7f68b3b6af2', '熊占文', '', '2015-06-26 13:43:32', '192.168.2.119', '2015-07-17 21:28:42', '192.168.2.119', '2015-07-17 21:19:06', '192.168.2.119', '233', '0', '0', null);
INSERT INTO `ec_user` VALUES ('179', 'songguoqiang', '0c73c5a91374dc3a19f6b7f68b3b6af2', '宋国强', '', '2015-06-26 13:43:56', '192.168.2.119', '2015-07-17 21:37:43', '192.168.2.119', '2015-07-17 21:12:30', '192.168.2.119', '181', '0', '0', null);
INSERT INTO `ec_user` VALUES ('180', 'youyong', '0c73c5a91374dc3a19f6b7f68b3b6af2', '游勇', '', '2015-06-26 13:44:08', '192.168.2.119', '2015-06-27 13:42:09', '192.168.2.119', '2015-06-27 13:15:58', '192.168.2.119', '74', '0', '0', null);
INSERT INTO `ec_user` VALUES ('181', 'limin', '0c73c5a91374dc3a19f6b7f68b3b6af2', '李敏', '', '2015-06-26 13:45:01', '192.168.2.119', '2015-07-08 22:53:27', '192.168.2.119', '2015-07-08 22:52:37', '192.168.2.119', '10', '0', '0', null);
INSERT INTO `ec_user` VALUES ('182', 'zhanghuansen', '0c73c5a91374dc3a19f6b7f68b3b6af2', '张焕森', '', '2015-06-26 13:45:20', '192.168.2.119', '2015-07-04 16:54:24', '192.168.2.119', '2015-07-04 16:53:05', '192.168.2.119', '13', '0', '0', null);
INSERT INTO `ec_user` VALUES ('184', 'test1', '594afe5e1f8ac83827ca43434f7dae1a', 'yjs', '', '2015-06-27 10:43:19', '192.168.2.119', null, null, null, null, null, '0', '1', null);
INSERT INTO `ec_user` VALUES ('185', 'test', '0c73c5a91374dc3a19f6b7f68b3b6af2', 'test', '', '2015-06-27 10:43:44', '192.168.2.119', null, null, null, null, null, '0', '1', null);
INSERT INTO `ec_user` VALUES ('195', 'test2', '0c73c5a91374dc3a19f6b7f68b3b6af2', 'test3', '', '2015-06-27 10:45:00', '192.168.2.119', null, null, null, null, null, '0', '1', null);
INSERT INTO `ec_user` VALUES ('196', 'jzr', '0c73c5a91374dc3a19f6b7f68b3b6af2', 'jzr', '', '2015-06-27 12:52:00', '192.168.2.119', '2015-07-10 10:10:15', '192.168.2.119', '2015-07-10 10:10:00', '192.168.2.119', '3', '0', '0', null);
INSERT INTO `ec_user` VALUES ('197', 'testqc1', '0c73c5a91374dc3a19f6b7f68b3b6af2', 'testqc1', '', '2015-06-27 14:50:50', '192.168.2.119', null, null, null, null, null, '0', '1', null);
INSERT INTO `ec_user` VALUES ('199', 'testjzzz', '0c73c5a91374dc3a19f6b7f68b3b6af2', 'testjzzz', '', '2015-06-27 15:21:36', '192.168.2.119', '2015-07-10 10:04:23', '192.168.2.119', '2015-07-10 09:39:18', '192.168.2.119', '3', '0', '0', null);

-- ----------------------------
-- Table structure for ec_user_role
-- ----------------------------
DROP TABLE IF EXISTS `ec_user_role`;
CREATE TABLE `ec_user_role` (
  `user_id` int(11) NOT NULL COMMENT '用户ID',
  `role_id` int(11) NOT NULL COMMENT '角色ID',
  PRIMARY KEY (`user_id`,`role_id`),
  KEY `fk_ec_user_role` (`user_id`),
  KEY `fk_ec_role_user` (`role_id`),
  CONSTRAINT `ec_user_role_ibfk_1` FOREIGN KEY (`role_id`) REFERENCES `ec_role` (`id`) ON DELETE CASCADE ON UPDATE CASCADE,
  CONSTRAINT `ec_user_role_ibfk_2` FOREIGN KEY (`user_id`) REFERENCES `ec_user` (`id`) ON DELETE CASCADE ON UPDATE CASCADE
) ENGINE=InnoDB DEFAULT CHARSET=utf8 COLLATE=utf8_unicode_ci;

-- ----------------------------
-- Records of ec_user_role
-- ----------------------------
INSERT INTO `ec_user_role` VALUES ('89', '143');
INSERT INTO `ec_user_role` VALUES ('93', '139');
INSERT INTO `ec_user_role` VALUES ('94', '139');
INSERT INTO `ec_user_role` VALUES ('95', '138');
INSERT INTO `ec_user_role` VALUES ('131', '121');
INSERT INTO `ec_user_role` VALUES ('136', '150');
INSERT INTO `ec_user_role` VALUES ('149', '129');
INSERT INTO `ec_user_role` VALUES ('153', '132');
INSERT INTO `ec_user_role` VALUES ('155', '134');
INSERT INTO `ec_user_role` VALUES ('160', '120');
INSERT INTO `ec_user_role` VALUES ('161', '118');
INSERT INTO `ec_user_role` VALUES ('162', '128');
INSERT INTO `ec_user_role` VALUES ('163', '133');
INSERT INTO `ec_user_role` VALUES ('164', '130');
INSERT INTO `ec_user_role` VALUES ('165', '131');
INSERT INTO `ec_user_role` VALUES ('166', '146');
INSERT INTO `ec_user_role` VALUES ('167', '141');
INSERT INTO `ec_user_role` VALUES ('168', '138');
INSERT INTO `ec_user_role` VALUES ('168', '139');
INSERT INTO `ec_user_role` VALUES ('168', '140');
INSERT INTO `ec_user_role` VALUES ('169', '138');
INSERT INTO `ec_user_role` VALUES ('170', '137');
INSERT INTO `ec_user_role` VALUES ('171', '129');
INSERT INTO `ec_user_role` VALUES ('172', '119');
INSERT INTO `ec_user_role` VALUES ('173', '142');
INSERT INTO `ec_user_role` VALUES ('174', '145');
INSERT INTO `ec_user_role` VALUES ('175', '143');
INSERT INTO `ec_user_role` VALUES ('176', '143');
INSERT INTO `ec_user_role` VALUES ('177', '125');
INSERT INTO `ec_user_role` VALUES ('178', '122');
INSERT INTO `ec_user_role` VALUES ('179', '121');
INSERT INTO `ec_user_role` VALUES ('180', '127');
INSERT INTO `ec_user_role` VALUES ('181', '124');
INSERT INTO `ec_user_role` VALUES ('182', '126');
INSERT INTO `ec_user_role` VALUES ('196', '144');
INSERT INTO `ec_user_role` VALUES ('197', '147');
INSERT INTO `ec_user_role` VALUES ('199', '149');

-- ----------------------------
-- Table structure for ec_workflow_trace_task
-- ----------------------------
DROP TABLE IF EXISTS `ec_workflow_trace_task`;
CREATE TABLE `ec_workflow_trace_task` (
  `trace_id` varchar(100) COLLATE utf8_unicode_ci NOT NULL COMMENT '跟踪ID',
  `pid` varchar(100) COLLATE utf8_unicode_ci DEFAULT NULL COMMENT '流程实例ID',
  `pdid` varchar(100) COLLATE utf8_unicode_ci DEFAULT NULL COMMENT '流程定义ID',
  `deploy_id` varchar(100) COLLATE utf8_unicode_ci DEFAULT NULL COMMENT '发布人ID',
  `current_handle_id` varchar(100) COLLATE utf8_unicode_ci DEFAULT NULL COMMENT '当前处理人id',
  `pre_handle_id` varchar(100) COLLATE utf8_unicode_ci DEFAULT NULL COMMENT '前处理人ID',
  `task_id` varchar(100) COLLATE utf8_unicode_ci DEFAULT NULL COMMENT '节点ID',
  `pre_task_id` varchar(100) COLLATE utf8_unicode_ci DEFAULT NULL COMMENT '前节点ID',
  `start_date` date DEFAULT NULL COMMENT '开始日期',
  `end_date` date DEFAULT NULL COMMENT '结束日期',
  `handle_date` date DEFAULT NULL COMMENT '处理时间',
  `duration` int(11) DEFAULT NULL COMMENT '持续时间',
  `task_status` varchar(255) COLLATE utf8_unicode_ci DEFAULT NULL COMMENT '任务状态',
  PRIMARY KEY (`trace_id`)
) ENGINE=InnoDB DEFAULT CHARSET=utf8 COLLATE=utf8_unicode_ci;

-- ----------------------------
-- Records of ec_workflow_trace_task
-- ----------------------------

-- ----------------------------
-- Table structure for material_type
-- ----------------------------
DROP TABLE IF EXISTS `material_type`;
CREATE TABLE `material_type` (
  `id` int(11) NOT NULL AUTO_INCREMENT,
  `materialtypeid` varchar(20) NOT NULL DEFAULT '',
  `materialtypename` varchar(20) DEFAULT NULL,
  `created_on` datetime DEFAULT NULL,
  `created_by` varchar(40) DEFAULT NULL,
  `updated_on` datetime DEFAULT NULL,
  `updated_by` varchar(40) DEFAULT NULL,
  PRIMARY KEY (`id`)
) ENGINE=InnoDB AUTO_INCREMENT=3 DEFAULT CHARSET=utf8;

-- ----------------------------
-- Records of material_type
-- ----------------------------
INSERT INTO `material_type` VALUES ('1', 'CS', '碳钢', '2015-04-10 08:41:56', 'admin', '2015-04-10 01:15:27', 'admin');
INSERT INTO `material_type` VALUES ('2', 'SS', '不锈钢', null, null, '2015-06-03 22:21:46', 'admin');

-- ----------------------------
-- Table structure for MONTH_DAY
-- ----------------------------
DROP TABLE IF EXISTS `MONTH_DAY`;
CREATE TABLE `MONTH_DAY` (
  `DAY_NUM` int(11) DEFAULT NULL
) ENGINE=InnoDB DEFAULT CHARSET=latin1;

-- ----------------------------
-- Records of MONTH_DAY
-- ----------------------------
INSERT INTO `MONTH_DAY` VALUES ('1');
INSERT INTO `MONTH_DAY` VALUES ('2');
INSERT INTO `MONTH_DAY` VALUES ('3');
INSERT INTO `MONTH_DAY` VALUES ('4');
INSERT INTO `MONTH_DAY` VALUES ('5');
INSERT INTO `MONTH_DAY` VALUES ('6');
INSERT INTO `MONTH_DAY` VALUES ('7');
INSERT INTO `MONTH_DAY` VALUES ('8');
INSERT INTO `MONTH_DAY` VALUES ('9');
INSERT INTO `MONTH_DAY` VALUES ('10');
INSERT INTO `MONTH_DAY` VALUES ('11');
INSERT INTO `MONTH_DAY` VALUES ('12');
INSERT INTO `MONTH_DAY` VALUES ('13');
INSERT INTO `MONTH_DAY` VALUES ('14');
INSERT INTO `MONTH_DAY` VALUES ('15');
INSERT INTO `MONTH_DAY` VALUES ('16');
INSERT INTO `MONTH_DAY` VALUES ('17');
INSERT INTO `MONTH_DAY` VALUES ('18');
INSERT INTO `MONTH_DAY` VALUES ('19');
INSERT INTO `MONTH_DAY` VALUES ('20');
INSERT INTO `MONTH_DAY` VALUES ('21');
INSERT INTO `MONTH_DAY` VALUES ('22');
INSERT INTO `MONTH_DAY` VALUES ('23');
INSERT INTO `MONTH_DAY` VALUES ('24');
INSERT INTO `MONTH_DAY` VALUES ('25');
INSERT INTO `MONTH_DAY` VALUES ('26');
INSERT INTO `MONTH_DAY` VALUES ('27');
INSERT INTO `MONTH_DAY` VALUES ('28');
INSERT INTO `MONTH_DAY` VALUES ('29');
INSERT INTO `MONTH_DAY` VALUES ('30');
INSERT INTO `MONTH_DAY` VALUES ('31');

-- ----------------------------
-- Table structure for price
-- ----------------------------
DROP TABLE IF EXISTS `price`;
CREATE TABLE `price` (
  `autoid` int(11) NOT NULL AUTO_INCREMENT,
  `speciality` varchar(20) DEFAULT NULL,
  `pricetype` varchar(20) DEFAULT NULL,
  `unitprice` decimal(10,2) DEFAULT NULL,
  `remark` varchar(50) DEFAULT NULL,
  `created_on` datetime DEFAULT NULL,
  `created_by` varchar(40) DEFAULT NULL,
  `updated_on` datetime DEFAULT NULL,
  `updated_by` varchar(40) DEFAULT NULL,
  PRIMARY KEY (`autoid`)
) ENGINE=InnoDB AUTO_INCREMENT=43 DEFAULT CHARSET=utf8;

-- ----------------------------
-- Records of price
-- ----------------------------
INSERT INTO `price` VALUES ('37', 'GDZJ', 'GS', '2.00', '', '2015-06-07 16:34:22', 'admin', null, null);
INSERT INTO `price` VALUES ('38', 'GDHK', 'GCL', '20.00', '', '2015-06-07 16:34:37', 'admin', null, null);
INSERT INTO `price` VALUES ('39', 'GDHK', 'DZ', '15.00', '', '2015-06-07 16:34:47', 'admin', null, null);
INSERT INTO `price` VALUES ('40', 'GDHK', 'GS', '10.00', '--由导入文件生成--', '2015-06-15 21:12:22', 'jhy', null, null);
INSERT INTO `price` VALUES ('41', 'GDZJ', 'GCL', '4.00', '--由导入文件生成--', '2015-06-15 21:12:22', 'jhy', null, null);
INSERT INTO `price` VALUES ('42', 'GDZJ', 'DZ', '3.00', '--由导入文件生成--', '2015-06-15 21:12:22', 'jhy', null, null);

-- ----------------------------
-- Table structure for problem_concernman
-- ----------------------------
DROP TABLE IF EXISTS `problem_concernman`;
CREATE TABLE `problem_concernman` (
  `id` int(11) NOT NULL AUTO_INCREMENT,
  `concernmanid` int(11) NOT NULL,
  `problemid` int(11) NOT NULL,
  `concermanname` varchar(40) DEFAULT NULL,
  PRIMARY KEY (`id`)
) ENGINE=InnoDB AUTO_INCREMENT=320 DEFAULT CHARSET=utf8;

-- ----------------------------
-- Records of problem_concernman
-- ----------------------------
INSERT INTO `problem_concernman` VALUES ('253', '131', '172', '班长');
INSERT INTO `problem_concernman` VALUES ('254', '179', '172', '宋国强');
INSERT INTO `problem_concernman` VALUES ('255', '131', '173', '班长');
INSERT INTO `problem_concernman` VALUES ('256', '179', '173', '宋国强');
INSERT INTO `problem_concernman` VALUES ('257', '131', '174', '班长');
INSERT INTO `problem_concernman` VALUES ('258', '179', '174', '宋国强');
INSERT INTO `problem_concernman` VALUES ('259', '131', '175', '班长');
INSERT INTO `problem_concernman` VALUES ('260', '179', '175', '宋国强');
INSERT INTO `problem_concernman` VALUES ('261', '131', '176', '班长');
INSERT INTO `problem_concernman` VALUES ('262', '179', '176', '宋国强');
INSERT INTO `problem_concernman` VALUES ('263', '131', '177', '班长');
INSERT INTO `problem_concernman` VALUES ('264', '179', '177', '宋国强');
INSERT INTO `problem_concernman` VALUES ('265', '131', '178', '班长');
INSERT INTO `problem_concernman` VALUES ('266', '179', '178', '宋国强');
INSERT INTO `problem_concernman` VALUES ('267', '131', '179', '班长');
INSERT INTO `problem_concernman` VALUES ('268', '179', '179', '宋国强');
INSERT INTO `problem_concernman` VALUES ('269', '131', '180', '班长');
INSERT INTO `problem_concernman` VALUES ('270', '179', '180', '宋国强');
INSERT INTO `problem_concernman` VALUES ('271', '131', '181', '班长');
INSERT INTO `problem_concernman` VALUES ('272', '179', '181', '宋国强');
INSERT INTO `problem_concernman` VALUES ('273', '131', '182', '班长');
INSERT INTO `problem_concernman` VALUES ('274', '179', '182', '宋国强');
INSERT INTO `problem_concernman` VALUES ('275', '131', '183', '班长');
INSERT INTO `problem_concernman` VALUES ('276', '179', '183', '宋国强');
INSERT INTO `problem_concernman` VALUES ('277', '131', '184', '班长');
INSERT INTO `problem_concernman` VALUES ('278', '179', '184', '宋国强');
INSERT INTO `problem_concernman` VALUES ('279', '131', '185', '班长');
INSERT INTO `problem_concernman` VALUES ('280', '179', '185', '宋国强');
INSERT INTO `problem_concernman` VALUES ('281', '131', '186', '班长');
INSERT INTO `problem_concernman` VALUES ('282', '179', '186', '宋国强');
INSERT INTO `problem_concernman` VALUES ('283', '131', '187', '班长');
INSERT INTO `problem_concernman` VALUES ('284', '179', '187', '宋国强');
INSERT INTO `problem_concernman` VALUES ('285', '131', '188', '班长');
INSERT INTO `problem_concernman` VALUES ('286', '179', '188', '宋国强');
INSERT INTO `problem_concernman` VALUES ('287', '131', '189', '班长');
INSERT INTO `problem_concernman` VALUES ('288', '179', '189', '宋国强');
INSERT INTO `problem_concernman` VALUES ('289', '179', '190', '宋国强');
INSERT INTO `problem_concernman` VALUES ('290', '179', '191', '宋国强');
INSERT INTO `problem_concernman` VALUES ('291', '179', '192', '宋国强');
INSERT INTO `problem_concernman` VALUES ('292', '179', '193', '宋国强');
INSERT INTO `problem_concernman` VALUES ('293', '179', '194', '宋国强');
INSERT INTO `problem_concernman` VALUES ('294', '179', '195', '宋国强');
INSERT INTO `problem_concernman` VALUES ('295', '179', '196', '宋国强');
INSERT INTO `problem_concernman` VALUES ('296', '179', '197', '宋国强');
INSERT INTO `problem_concernman` VALUES ('297', '179', '198', '宋国强');
INSERT INTO `problem_concernman` VALUES ('298', '161', '198', '沈晖');
INSERT INTO `problem_concernman` VALUES ('299', '172', '198', '林冬总');
INSERT INTO `problem_concernman` VALUES ('300', '160', '198', '林冬');
INSERT INTO `problem_concernman` VALUES ('301', '179', '199', '宋国强');
INSERT INTO `problem_concernman` VALUES ('302', '179', '200', '宋国强');
INSERT INTO `problem_concernman` VALUES ('303', '161', '200', '沈晖');
INSERT INTO `problem_concernman` VALUES ('304', '172', '200', '林冬总');
INSERT INTO `problem_concernman` VALUES ('305', '160', '200', '林冬');
INSERT INTO `problem_concernman` VALUES ('306', '179', '201', '宋国强');
INSERT INTO `problem_concernman` VALUES ('307', '173', '201', '江庆华');
INSERT INTO `problem_concernman` VALUES ('308', '89', '201', '张孝林');
INSERT INTO `problem_concernman` VALUES ('309', '175', '201', '胡习萍');
INSERT INTO `problem_concernman` VALUES ('310', '176', '201', '樊阳');
INSERT INTO `problem_concernman` VALUES ('311', '174', '201', '胡菊芳');
INSERT INTO `problem_concernman` VALUES ('312', '179', '202', '宋国强');
INSERT INTO `problem_concernman` VALUES ('313', '173', '202', '江庆华');
INSERT INTO `problem_concernman` VALUES ('314', '89', '202', '张孝林');
INSERT INTO `problem_concernman` VALUES ('315', '175', '202', '胡习萍');
INSERT INTO `problem_concernman` VALUES ('316', '176', '202', '樊阳');
INSERT INTO `problem_concernman` VALUES ('317', '174', '202', '胡菊芳');
INSERT INTO `problem_concernman` VALUES ('318', '179', '203', '宋国强');
INSERT INTO `problem_concernman` VALUES ('319', '179', '204', '宋国强');

-- ----------------------------
-- Table structure for problem_trigger_duration
-- ----------------------------
DROP TABLE IF EXISTS `problem_trigger_duration`;
CREATE TABLE `problem_trigger_duration` (
  `id` int(11) NOT NULL AUTO_INCREMENT,
  `duration` int(11) DEFAULT NULL,
  `name` varchar(40) DEFAULT NULL,
  PRIMARY KEY (`id`)
) ENGINE=InnoDB AUTO_INCREMENT=3 DEFAULT CHARSET=utf8;

-- ----------------------------
-- Records of problem_trigger_duration
-- ----------------------------
INSERT INTO `problem_trigger_duration` VALUES ('2', '2', 'change_solver');

-- ----------------------------
-- Table structure for QRTZ_BLOB_TRIGGERS
-- ----------------------------
DROP TABLE IF EXISTS `QRTZ_BLOB_TRIGGERS`;
CREATE TABLE `QRTZ_BLOB_TRIGGERS` (
  `SCHED_NAME` varchar(120) NOT NULL,
  `TRIGGER_NAME` varchar(200) NOT NULL,
  `TRIGGER_GROUP` varchar(200) NOT NULL,
  `BLOB_DATA` blob,
  PRIMARY KEY (`SCHED_NAME`,`TRIGGER_NAME`,`TRIGGER_GROUP`),
  CONSTRAINT `qrtz_blob_triggers_ibfk_1` FOREIGN KEY (`SCHED_NAME`, `TRIGGER_NAME`, `TRIGGER_GROUP`) REFERENCES `QRTZ_TRIGGERS` (`SCHED_NAME`, `TRIGGER_NAME`, `TRIGGER_GROUP`)
) ENGINE=InnoDB DEFAULT CHARSET=utf8;

-- ----------------------------
-- Records of QRTZ_BLOB_TRIGGERS
-- ----------------------------

-- ----------------------------
-- Table structure for QRTZ_CALENDARS
-- ----------------------------
DROP TABLE IF EXISTS `QRTZ_CALENDARS`;
CREATE TABLE `QRTZ_CALENDARS` (
  `SCHED_NAME` varchar(120) NOT NULL,
  `CALENDAR_NAME` varchar(200) NOT NULL,
  `CALENDAR` blob NOT NULL,
  PRIMARY KEY (`SCHED_NAME`,`CALENDAR_NAME`)
) ENGINE=InnoDB DEFAULT CHARSET=utf8;

-- ----------------------------
-- Records of QRTZ_CALENDARS
-- ----------------------------

-- ----------------------------
-- Table structure for QRTZ_CRON_TRIGGERS
-- ----------------------------
DROP TABLE IF EXISTS `QRTZ_CRON_TRIGGERS`;
CREATE TABLE `QRTZ_CRON_TRIGGERS` (
  `SCHED_NAME` varchar(120) NOT NULL,
  `TRIGGER_NAME` varchar(200) NOT NULL,
  `TRIGGER_GROUP` varchar(200) NOT NULL,
  `CRON_EXPRESSION` varchar(200) NOT NULL,
  `TIME_ZONE_ID` varchar(80) DEFAULT NULL,
  PRIMARY KEY (`SCHED_NAME`,`TRIGGER_NAME`,`TRIGGER_GROUP`),
  CONSTRAINT `qrtz_cron_triggers_ibfk_1` FOREIGN KEY (`SCHED_NAME`, `TRIGGER_NAME`, `TRIGGER_GROUP`) REFERENCES `QRTZ_TRIGGERS` (`SCHED_NAME`, `TRIGGER_NAME`, `TRIGGER_GROUP`)
) ENGINE=InnoDB DEFAULT CHARSET=utf8;

-- ----------------------------
-- Records of QRTZ_CRON_TRIGGERS
-- ----------------------------

-- ----------------------------
-- Table structure for QRTZ_FIRED_TRIGGERS
-- ----------------------------
DROP TABLE IF EXISTS `QRTZ_FIRED_TRIGGERS`;
CREATE TABLE `QRTZ_FIRED_TRIGGERS` (
  `SCHED_NAME` varchar(120) NOT NULL,
  `ENTRY_ID` varchar(95) NOT NULL,
  `TRIGGER_NAME` varchar(200) NOT NULL,
  `TRIGGER_GROUP` varchar(200) NOT NULL,
  `INSTANCE_NAME` varchar(200) NOT NULL,
  `FIRED_TIME` bigint(13) NOT NULL,
  `SCHED_TIME` bigint(13) NOT NULL,
  `PRIORITY` int(11) NOT NULL,
  `STATE` varchar(16) NOT NULL,
  `JOB_NAME` varchar(200) DEFAULT NULL,
  `JOB_GROUP` varchar(200) DEFAULT NULL,
  `IS_NONCONCURRENT` varchar(1) DEFAULT NULL,
  `REQUESTS_RECOVERY` varchar(1) DEFAULT NULL,
  PRIMARY KEY (`SCHED_NAME`,`ENTRY_ID`)
) ENGINE=InnoDB DEFAULT CHARSET=utf8;

-- ----------------------------
-- Records of QRTZ_FIRED_TRIGGERS
-- ----------------------------

-- ----------------------------
-- Table structure for QRTZ_JOB_DETAILS
-- ----------------------------
DROP TABLE IF EXISTS `QRTZ_JOB_DETAILS`;
CREATE TABLE `QRTZ_JOB_DETAILS` (
  `SCHED_NAME` varchar(120) NOT NULL,
  `JOB_NAME` varchar(200) NOT NULL,
  `JOB_GROUP` varchar(200) NOT NULL,
  `DESCRIPTION` varchar(250) DEFAULT NULL,
  `JOB_CLASS_NAME` varchar(250) NOT NULL,
  `IS_DURABLE` varchar(1) NOT NULL,
  `IS_NONCONCURRENT` varchar(1) NOT NULL,
  `IS_UPDATE_DATA` varchar(1) NOT NULL,
  `REQUESTS_RECOVERY` varchar(1) NOT NULL,
  `JOB_DATA` blob,
  PRIMARY KEY (`SCHED_NAME`,`JOB_NAME`,`JOB_GROUP`)
) ENGINE=InnoDB DEFAULT CHARSET=utf8;

-- ----------------------------
-- Records of QRTZ_JOB_DETAILS
-- ----------------------------
INSERT INTO `QRTZ_JOB_DETAILS` VALUES ('scheduler', 'jobDetail', 'DEFAULT', null, 'com.easycms.quartz.service.MyQuartzJobBean', '1', '1', '1', '0', 0xACED0005737200156F72672E71756172747A2E4A6F62446174614D61709FB083E8BFA9B0CB020000787200266F72672E71756172747A2E7574696C732E537472696E674B65794469727479466C61674D61708208E8C3FBC55D280200015A0013616C6C6F77735472616E7369656E74446174617872001D6F72672E71756172747A2E7574696C732E4469727479466C61674D617013E62EAD28760ACE0200025A000564697274794C00036D617074000F4C6A6176612F7574696C2F4D61703B787000737200116A6176612E7574696C2E486173684D61700507DAC1C31660D103000246000A6C6F6164466163746F724900097468726573686F6C6478703F40000000000010770800000010000000007800);

-- ----------------------------
-- Table structure for QRTZ_LOCKS
-- ----------------------------
DROP TABLE IF EXISTS `QRTZ_LOCKS`;
CREATE TABLE `QRTZ_LOCKS` (
  `SCHED_NAME` varchar(120) NOT NULL,
  `LOCK_NAME` varchar(40) NOT NULL,
  PRIMARY KEY (`SCHED_NAME`,`LOCK_NAME`)
) ENGINE=InnoDB DEFAULT CHARSET=utf8;

-- ----------------------------
-- Records of QRTZ_LOCKS
-- ----------------------------
INSERT INTO `QRTZ_LOCKS` VALUES ('scheduler', 'TRIGGER_ACCESS');

-- ----------------------------
-- Table structure for QRTZ_PAUSED_TRIGGER_GRPS
-- ----------------------------
DROP TABLE IF EXISTS `QRTZ_PAUSED_TRIGGER_GRPS`;
CREATE TABLE `QRTZ_PAUSED_TRIGGER_GRPS` (
  `SCHED_NAME` varchar(120) NOT NULL,
  `TRIGGER_GROUP` varchar(200) NOT NULL,
  PRIMARY KEY (`SCHED_NAME`,`TRIGGER_GROUP`)
) ENGINE=InnoDB DEFAULT CHARSET=utf8;

-- ----------------------------
-- Records of QRTZ_PAUSED_TRIGGER_GRPS
-- ----------------------------

-- ----------------------------
-- Table structure for QRTZ_SCHEDULER_STATE
-- ----------------------------
DROP TABLE IF EXISTS `QRTZ_SCHEDULER_STATE`;
CREATE TABLE `QRTZ_SCHEDULER_STATE` (
  `SCHED_NAME` varchar(120) NOT NULL,
  `INSTANCE_NAME` varchar(200) NOT NULL,
  `LAST_CHECKIN_TIME` bigint(13) NOT NULL,
  `CHECKIN_INTERVAL` bigint(13) NOT NULL,
  PRIMARY KEY (`SCHED_NAME`,`INSTANCE_NAME`)
) ENGINE=InnoDB DEFAULT CHARSET=utf8;

-- ----------------------------
-- Records of QRTZ_SCHEDULER_STATE
-- ----------------------------

-- ----------------------------
-- Table structure for QRTZ_SIMPLE_TRIGGERS
-- ----------------------------
DROP TABLE IF EXISTS `QRTZ_SIMPLE_TRIGGERS`;
CREATE TABLE `QRTZ_SIMPLE_TRIGGERS` (
  `SCHED_NAME` varchar(120) NOT NULL,
  `TRIGGER_NAME` varchar(200) NOT NULL,
  `TRIGGER_GROUP` varchar(200) NOT NULL,
  `REPEAT_COUNT` bigint(7) NOT NULL,
  `REPEAT_INTERVAL` bigint(12) NOT NULL,
  `TIMES_TRIGGERED` bigint(10) NOT NULL,
  PRIMARY KEY (`SCHED_NAME`,`TRIGGER_NAME`,`TRIGGER_GROUP`),
  CONSTRAINT `qrtz_simple_triggers_ibfk_1` FOREIGN KEY (`SCHED_NAME`, `TRIGGER_NAME`, `TRIGGER_GROUP`) REFERENCES `QRTZ_TRIGGERS` (`SCHED_NAME`, `TRIGGER_NAME`, `TRIGGER_GROUP`)
) ENGINE=InnoDB DEFAULT CHARSET=utf8;

-- ----------------------------
-- Records of QRTZ_SIMPLE_TRIGGERS
-- ----------------------------
INSERT INTO `QRTZ_SIMPLE_TRIGGERS` VALUES ('scheduler', '0133ed9c-9574-434e-ac6a-bc73c4baccd6', 'DEFAULT', '0', '0', '0');
INSERT INTO `QRTZ_SIMPLE_TRIGGERS` VALUES ('scheduler', '025ca52f-daea-4c14-a673-4da033ea5182', 'DEFAULT', '0', '0', '0');
INSERT INTO `QRTZ_SIMPLE_TRIGGERS` VALUES ('scheduler', '0d988f22-0da9-41bd-a50f-8555e4e82625', 'DEFAULT', '0', '0', '0');
INSERT INTO `QRTZ_SIMPLE_TRIGGERS` VALUES ('scheduler', '0ecbb7ec-2a40-4728-a1d0-f38a70bea6c1', 'DEFAULT', '0', '0', '0');
INSERT INTO `QRTZ_SIMPLE_TRIGGERS` VALUES ('scheduler', '1ea39392-cd74-4bdb-81e9-68e619c27b0a', 'DEFAULT', '0', '0', '0');
INSERT INTO `QRTZ_SIMPLE_TRIGGERS` VALUES ('scheduler', '2d9435f0-bf2f-4da8-8bdb-f99b811b9979', 'DEFAULT', '0', '0', '0');
INSERT INTO `QRTZ_SIMPLE_TRIGGERS` VALUES ('scheduler', '3958db06-3136-4ccc-912a-df6383616e99', 'DEFAULT', '0', '0', '0');
INSERT INTO `QRTZ_SIMPLE_TRIGGERS` VALUES ('scheduler', '3b46892d-93be-4193-add3-6a0b2a86a603', 'DEFAULT', '0', '0', '0');
INSERT INTO `QRTZ_SIMPLE_TRIGGERS` VALUES ('scheduler', '471bb1a5-2055-471e-ba69-6f004e75aca8', 'DEFAULT', '0', '0', '0');
INSERT INTO `QRTZ_SIMPLE_TRIGGERS` VALUES ('scheduler', '5608c519-67ba-4562-8985-4bc08e76c65d', 'DEFAULT', '0', '0', '0');
INSERT INTO `QRTZ_SIMPLE_TRIGGERS` VALUES ('scheduler', '5d1cea01-c614-4efd-be9e-8026fa5ab81e', 'DEFAULT', '0', '0', '0');
INSERT INTO `QRTZ_SIMPLE_TRIGGERS` VALUES ('scheduler', '604a06ec-87c9-4777-9bb2-d760f521cb1a', 'DEFAULT', '0', '0', '0');
INSERT INTO `QRTZ_SIMPLE_TRIGGERS` VALUES ('scheduler', '6150bae0-bb6c-4428-9ba7-27b0a29c6d8a', 'DEFAULT', '0', '0', '0');
INSERT INTO `QRTZ_SIMPLE_TRIGGERS` VALUES ('scheduler', '61ad0a3c-173c-4fcc-bc67-7680d13da951', 'DEFAULT', '0', '0', '0');
INSERT INTO `QRTZ_SIMPLE_TRIGGERS` VALUES ('scheduler', '6c26b6fc-535a-4e81-b239-5dc325fca0e4', 'DEFAULT', '0', '0', '0');
INSERT INTO `QRTZ_SIMPLE_TRIGGERS` VALUES ('scheduler', '6d412381-df59-4c2d-8716-952eb9ec11e5', 'DEFAULT', '0', '0', '0');
INSERT INTO `QRTZ_SIMPLE_TRIGGERS` VALUES ('scheduler', '750230f5-d5bb-420a-83ba-60ee46bd7e8d', 'DEFAULT', '0', '0', '0');
INSERT INTO `QRTZ_SIMPLE_TRIGGERS` VALUES ('scheduler', '82d6970e-ead1-4653-9ca5-f2f62763f65e', 'DEFAULT', '0', '0', '0');
INSERT INTO `QRTZ_SIMPLE_TRIGGERS` VALUES ('scheduler', '82ff2cf6-ca53-4d42-8a3b-bc383444618b', 'DEFAULT', '0', '0', '0');
INSERT INTO `QRTZ_SIMPLE_TRIGGERS` VALUES ('scheduler', '86566729-257e-4b4f-9c96-8935e807c508', 'DEFAULT', '0', '0', '0');
INSERT INTO `QRTZ_SIMPLE_TRIGGERS` VALUES ('scheduler', '895932c3-899d-4ba2-92a6-292a9689c5e7', 'DEFAULT', '0', '0', '0');
INSERT INTO `QRTZ_SIMPLE_TRIGGERS` VALUES ('scheduler', '8ac1b36b-7442-4222-babf-169d3c9a8ea5', 'DEFAULT', '0', '0', '0');
INSERT INTO `QRTZ_SIMPLE_TRIGGERS` VALUES ('scheduler', '906715fd-4737-4b91-8dac-6a7f0079855a', 'DEFAULT', '0', '0', '0');
INSERT INTO `QRTZ_SIMPLE_TRIGGERS` VALUES ('scheduler', 'a91bc4ae-1b74-420d-834e-f73e9c91b551', 'DEFAULT', '0', '0', '0');
INSERT INTO `QRTZ_SIMPLE_TRIGGERS` VALUES ('scheduler', 'abe5eff2-e5aa-4993-9d91-508fddee74bf', 'DEFAULT', '0', '0', '0');
INSERT INTO `QRTZ_SIMPLE_TRIGGERS` VALUES ('scheduler', 'ac0e108b-8d8a-4222-a7f0-e8b0c8fc3aaf', 'DEFAULT', '0', '0', '0');
INSERT INTO `QRTZ_SIMPLE_TRIGGERS` VALUES ('scheduler', 'b119b678-4bff-4c56-ba05-6bc8b8b90ca7', 'DEFAULT', '0', '0', '0');
INSERT INTO `QRTZ_SIMPLE_TRIGGERS` VALUES ('scheduler', 'b1f0a09f-84b8-4626-ba48-3e4db66128ae', 'DEFAULT', '0', '0', '0');
INSERT INTO `QRTZ_SIMPLE_TRIGGERS` VALUES ('scheduler', 'b4105b96-6ee7-4f41-93d6-0179ee6e4a3a', 'DEFAULT', '0', '0', '0');
INSERT INTO `QRTZ_SIMPLE_TRIGGERS` VALUES ('scheduler', 'b74e727a-ada8-4b81-8aac-a9cf4ae33646', 'DEFAULT', '0', '0', '0');
INSERT INTO `QRTZ_SIMPLE_TRIGGERS` VALUES ('scheduler', 'bc3fb13d-bd43-4988-87ac-9a243eb10f18', 'DEFAULT', '0', '0', '0');
INSERT INTO `QRTZ_SIMPLE_TRIGGERS` VALUES ('scheduler', 'bd861bec-21aa-422d-a90d-1c75ebe4bb03', 'DEFAULT', '0', '0', '0');
INSERT INTO `QRTZ_SIMPLE_TRIGGERS` VALUES ('scheduler', 'c8c4fbfd-4fce-45ec-b83f-947c34d51572', 'DEFAULT', '0', '0', '0');
INSERT INTO `QRTZ_SIMPLE_TRIGGERS` VALUES ('scheduler', 'ca143266-d7c6-4c26-8809-61f0667ecb65', 'DEFAULT', '0', '0', '0');
INSERT INTO `QRTZ_SIMPLE_TRIGGERS` VALUES ('scheduler', 'd4848dec-43a2-4fc0-af6a-b00eeca5904f', 'DEFAULT', '0', '0', '0');
INSERT INTO `QRTZ_SIMPLE_TRIGGERS` VALUES ('scheduler', 'd6c113c9-2e30-462c-97ac-577de110f4da', 'DEFAULT', '0', '0', '0');
INSERT INTO `QRTZ_SIMPLE_TRIGGERS` VALUES ('scheduler', 'd84a5a49-2161-424f-843d-471ab0e90131', 'DEFAULT', '0', '0', '0');
INSERT INTO `QRTZ_SIMPLE_TRIGGERS` VALUES ('scheduler', 'd8563222-6af7-46d1-bbb4-4dccbd8cc908', 'DEFAULT', '0', '0', '0');
INSERT INTO `QRTZ_SIMPLE_TRIGGERS` VALUES ('scheduler', 'e0089681-564a-4ecf-96ce-a5d9e77556fb', 'DEFAULT', '0', '0', '0');
INSERT INTO `QRTZ_SIMPLE_TRIGGERS` VALUES ('scheduler', 'e33a5437-525a-4fc5-b7a0-f531ff35bac1', 'DEFAULT', '0', '0', '0');
INSERT INTO `QRTZ_SIMPLE_TRIGGERS` VALUES ('scheduler', 'e6063cd4-4ddd-42ee-9183-a95b9bfd74b4', 'DEFAULT', '0', '0', '0');
INSERT INTO `QRTZ_SIMPLE_TRIGGERS` VALUES ('scheduler', 'e70eabf8-5869-4241-a2d6-f4b424df3184', 'DEFAULT', '0', '0', '0');
INSERT INTO `QRTZ_SIMPLE_TRIGGERS` VALUES ('scheduler', 'e755213c-4a88-4bc8-abd4-dd73bed6862e', 'DEFAULT', '0', '0', '0');
INSERT INTO `QRTZ_SIMPLE_TRIGGERS` VALUES ('scheduler', 'e7ea524a-9b8e-42f6-ac2d-753081f184c6', 'DEFAULT', '0', '0', '0');
INSERT INTO `QRTZ_SIMPLE_TRIGGERS` VALUES ('scheduler', 'e9b37972-fe09-4ec9-85e7-63936d72c07c', 'DEFAULT', '0', '0', '0');
INSERT INTO `QRTZ_SIMPLE_TRIGGERS` VALUES ('scheduler', 'f4d9448b-f8d0-4ef1-b8e0-baa71576b13e', 'DEFAULT', '0', '0', '0');

-- ----------------------------
-- Table structure for QRTZ_SIMPROP_TRIGGERS
-- ----------------------------
DROP TABLE IF EXISTS `QRTZ_SIMPROP_TRIGGERS`;
CREATE TABLE `QRTZ_SIMPROP_TRIGGERS` (
  `SCHED_NAME` varchar(120) NOT NULL,
  `TRIGGER_NAME` varchar(200) NOT NULL,
  `TRIGGER_GROUP` varchar(200) NOT NULL,
  `STR_PROP_1` varchar(512) DEFAULT NULL,
  `STR_PROP_2` varchar(512) DEFAULT NULL,
  `STR_PROP_3` varchar(512) DEFAULT NULL,
  `INT_PROP_1` int(11) DEFAULT NULL,
  `INT_PROP_2` int(11) DEFAULT NULL,
  `LONG_PROP_1` bigint(20) DEFAULT NULL,
  `LONG_PROP_2` bigint(20) DEFAULT NULL,
  `DEC_PROP_1` decimal(13,4) DEFAULT NULL,
  `DEC_PROP_2` decimal(13,4) DEFAULT NULL,
  `BOOL_PROP_1` varchar(1) DEFAULT NULL,
  `BOOL_PROP_2` varchar(1) DEFAULT NULL,
  PRIMARY KEY (`SCHED_NAME`,`TRIGGER_NAME`,`TRIGGER_GROUP`),
  CONSTRAINT `qrtz_simprop_triggers_ibfk_1` FOREIGN KEY (`SCHED_NAME`, `TRIGGER_NAME`, `TRIGGER_GROUP`) REFERENCES `QRTZ_TRIGGERS` (`SCHED_NAME`, `TRIGGER_NAME`, `TRIGGER_GROUP`)
) ENGINE=InnoDB DEFAULT CHARSET=utf8;

-- ----------------------------
-- Records of QRTZ_SIMPROP_TRIGGERS
-- ----------------------------

-- ----------------------------
-- Table structure for QRTZ_TRIGGERS
-- ----------------------------
DROP TABLE IF EXISTS `QRTZ_TRIGGERS`;
CREATE TABLE `QRTZ_TRIGGERS` (
  `SCHED_NAME` varchar(120) NOT NULL,
  `TRIGGER_NAME` varchar(200) NOT NULL,
  `TRIGGER_GROUP` varchar(200) NOT NULL,
  `JOB_NAME` varchar(200) NOT NULL,
  `JOB_GROUP` varchar(200) NOT NULL,
  `DESCRIPTION` varchar(250) DEFAULT NULL,
  `NEXT_FIRE_TIME` bigint(13) DEFAULT NULL,
  `PREV_FIRE_TIME` bigint(13) DEFAULT NULL,
  `PRIORITY` int(11) DEFAULT NULL,
  `TRIGGER_STATE` varchar(16) NOT NULL,
  `TRIGGER_TYPE` varchar(8) NOT NULL,
  `START_TIME` bigint(13) NOT NULL,
  `END_TIME` bigint(13) DEFAULT NULL,
  `CALENDAR_NAME` varchar(200) DEFAULT NULL,
  `MISFIRE_INSTR` smallint(2) DEFAULT NULL,
  `JOB_DATA` blob,
  PRIMARY KEY (`SCHED_NAME`,`TRIGGER_NAME`,`TRIGGER_GROUP`),
  KEY `SCHED_NAME` (`SCHED_NAME`,`JOB_NAME`,`JOB_GROUP`),
  CONSTRAINT `qrtz_triggers_ibfk_1` FOREIGN KEY (`SCHED_NAME`, `JOB_NAME`, `JOB_GROUP`) REFERENCES `QRTZ_JOB_DETAILS` (`SCHED_NAME`, `JOB_NAME`, `JOB_GROUP`)
) ENGINE=InnoDB DEFAULT CHARSET=utf8;

-- ----------------------------
-- Records of QRTZ_TRIGGERS
-- ----------------------------
INSERT INTO `QRTZ_TRIGGERS` VALUES ('scheduler', '0133ed9c-9574-434e-ac6a-bc73c4baccd6', 'DEFAULT', 'jobDetail', 'DEFAULT', null, '1436594406137', '-1', '5', 'WAITING', 'SIMPLE', '1436594406137', '0', null, '-1', 0xACED0005737200156F72672E71756172747A2E4A6F62446174614D61709FB083E8BFA9B0CB020000787200266F72672E71756172747A2E7574696C732E537472696E674B65794469727479466C61674D61708208E8C3FBC55D280200015A0013616C6C6F77735472616E7369656E74446174617872001D6F72672E71756172747A2E7574696C732E4469727479466C61674D617013E62EAD28760ACE0200025A000564697274794C00036D617074000F4C6A6176612F7574696C2F4D61703B787001737200116A6176612E7574696C2E486173684D61700507DAC1C31660D103000246000A6C6F6164466163746F724900097468726573686F6C6478703F4000000000000C7708000000100000000274000A6A6F625365727669636574001E70726F626C656D4175746F4368616E6765536F6C7665725365727669636574000A6A6F62446174614D61707371007E00053F4000000000000C770800000010000000027400086C65616465726964737200116A6176612E6C616E672E496E746567657212E2A0A4F781873802000149000576616C7565787200106A6176612E6C616E672E4E756D62657286AC951D0B94E08B02000078700000008374000970726F626C656D69647371007E000C000000A8787800);
INSERT INTO `QRTZ_TRIGGERS` VALUES ('scheduler', '025ca52f-daea-4c14-a673-4da033ea5182', 'DEFAULT', 'jobDetail', 'DEFAULT', null, '1436762088776', '-1', '5', 'WAITING', 'SIMPLE', '1436762088776', '0', null, '-1', 0xACED0005737200156F72672E71756172747A2E4A6F62446174614D61709FB083E8BFA9B0CB020000787200266F72672E71756172747A2E7574696C732E537472696E674B65794469727479466C61674D61708208E8C3FBC55D280200015A0013616C6C6F77735472616E7369656E74446174617872001D6F72672E71756172747A2E7574696C732E4469727479466C61674D617013E62EAD28760ACE0200025A000564697274794C00036D617074000F4C6A6176612F7574696C2F4D61703B787001737200116A6176612E7574696C2E486173684D61700507DAC1C31660D103000246000A6C6F6164466163746F724900097468726573686F6C6478703F4000000000000C7708000000100000000274000A6A6F625365727669636574001E70726F626C656D4175746F4368616E6765536F6C7665725365727669636574000A6A6F62446174614D61707371007E00053F4000000000000C770800000010000000027400076C656164657273737200136A6176612E7574696C2E41727261794C6973747881D21D99C7619D03000149000473697A6578700000000277040000000273720027636F6D2E65617379636D732E6D616E6167656D656E742E757365722E646F6D61696E2E5573657224EAFDE8DF4B6D230200125A000C64656661756C7441646D696E5A0005697344656C4C000E63757272656E744C6F67696E49707400124C6A6176612F6C616E672F537472696E673B4C001063757272656E744C6F67696E54696D657400104C6A6176612F7574696C2F446174653B4C0005656D61696C71007E000F4C000269647400134C6A6176612F6C616E672F496E74656765723B4C0012697344656661756C7441646D696E466C616771007E00114C000B6C6173744C6F67696E497071007E000F4C000D6C6173744C6F67696E54696D6571007E00104C000A6C6F67696E54696D657371007E00114C00056D656E75737400104C6A6176612F7574696C2F4C6973743B4C00046E616D6571007E000F4C000870617373776F726471007E000F4C00087265616C6E616D6571007E000F4C000A7265676973746572497071007E000F4C000C726567697374657254696D6571007E00104C0005726F6C657371007E00124C000A7573657244657669636571007E00127872001F636F6D2E65617379636D732E636F72652E666F726D2E4261736963466F726DDDE391474CEFE3EB02000D4C0006637573746F6D71007E000F5B000A646174654669656C64737400135B4C6A6176612F6C616E672F537472696E673B4C0007656E6454696D6571007E000F4C000666696C74657271007E000F4C0009666F726D617474657271007E000F4C000466756E6371007E000F5B00036964737400145B4C6A6176612F6C616E672F496E74656765723B4C00056F7264657271007E000F4C00047061676571007E000F4C000971756572795479706571007E000F4C0004726F777371007E000F4C0004736F727471007E000F4C0009737461727454696D6571007E000F787070707070740013797979792D4D4D2D64642048483A6D6D3A737374000070707070707070000174000D3139322E3136382E322E313139737200126A6176612E73716C2E54696D657374616D702618D5C80153BF650200014900056E616E6F737872000E6A6176612E7574696C2E44617465686A81014B597419030000787077080000014E57A457A87800000000740000737200116A6176612E6C616E672E496E746567657212E2A0A4F781873802000149000576616C7565787200106A6176612E6C616E672E4E756D62657286AC951D0B94E08B0200007870000000837371007E001E0000000074000D3139322E3136382E322E3131397371007E001A77080000014E57A44BF078000000007371007E001E000000967074000962616E7A68616E67797400203539346166653565316638616338333832376361343334333466376461653161740006E78FADE995BF74000D3139322E3136382E322E3131397371007E001A77080000014DCD25014078000000007372002F6F72672E68696265726E6174652E636F6C6C656374696F6E2E696E7465726E616C2E50657273697374656E74426167464A645C192E1EC40200014C000362616771007E00127872003E6F72672E68696265726E6174652E636F6C6C656374696F6E2E696E7465726E616C2E416273747261637450657273697374656E74436F6C6C656374696F6E844A7E7706AE8D0B0200095A001B616C6C6F774C6F61644F7574736964655472616E73616374696F6E49000A63616368656453697A655A000564697274795A000B696E697469616C697A65644C00036B65797400164C6A6176612F696F2F53657269616C697A61626C653B4C00056F776E65727400124C6A6176612F6C616E672F4F626A6563743B4C0004726F6C6571007E000F4C001273657373696F6E466163746F72795575696471007E000F4C000E73746F726564536E617073686F7471007E002C787000FFFFFFFF000071007E002071007E001674002D636F6D2E65617379636D732E6D616E6167656D656E742E757365722E646F6D61696E2E557365722E726F6C65737070707371007E002A00FFFFFFFF000171007E002071007E0016740032636F6D2E65617379636D732E6D616E6167656D656E742E757365722E646F6D61696E2E557365722E75736572446576696365707371007E000C000000067704000000067372002D636F6D2E65617379636D732E6D616E6167656D656E742E757365722E646F6D61696E2E55736572446576696365CA4FF725EA1F08200200094C000963726561746564427971007E000F4C0009637265617465644F6E71007E00104C000664657669636571007E000F4C0008646576696365696471007E000F4C0002696471007E00114C000672656D61726B71007E000F4C000975706461746564427971007E000F4C0009757064617465644F6E71007E00104C0004757365727400294C636F6D2F65617379636D732F6D616E6167656D656E742F757365722F646F6D61696E2F557365723B7871007E00137070707071007E001771007E001870707070707070740008436F72655F4150497371007E001A77080000014DCD488700780000000070740010646634666261646636616265323531367371007E001E0000001170707071007E00167371007E00337070707071007E001771007E001870707070707070740008436F72655F4150497371007E001A77080000014DCD56042078000000007074000F3931396436653265636437343736367371007E001E0000001270707071007E00167371007E00337070707071007E001771007E001870707070707070740008436F72655F4150497371007E001A77080000014DCE397E80780000000070740010633863326263646538333030633533637371007E001E0000001470707071007E00167371007E00337070707071007E001771007E001870707070707070740008436F72655F4150497371007E001A77080000014DD38F6A48780000000070740010363764663333326631643237333036617371007E001E0000001970707071007E00167371007E00337070707071007E001771007E001870707070707070740008436F72655F4150497371007E001A77080000014DF80DD670780000000070740010336632313130643230663137396464647371007E001E0000002070707071007E00167371007E00337070707071007E001771007E001870707070707070740008436F72655F4150497371007E001A77080000014E021B6290780000000070740010653039336264646362636535353534397371007E001E0000002570707071007E0016787371007E000C0000000677040000000671007E003571007E003A71007E003F71007E004471007E004971007E004E787371007E000E7070707071007E001771007E001870707070707070000074000F303A303A303A303A303A303A303A317371007E001B77080000014E763D4196787400007371007E001E000000B371007E002174000F303A303A303A303A303A303A303A317371007E001A77080000014E762D447878000000007371007E001E000000857074000C736F6E6767756F7169616E677400203063373363356139313337346463336131396636623766363862336236616632740009E5AE8BE59BBDE5BCBA74000D3139322E3136382E322E3131397371007E001A77080000014E2E64D16078000000007371007E002A00FFFFFFFF00007371007E001E000000B371007E005471007E002F7070707371007E002A00FFFFFFFF000171007E006271007E005471007E0031707371007E000C000000077704000000077371007E00337070707071007E001771007E001870707070707070740008436F72655F4150497371007E001A77080000014E2F0A2D68780000000070740010373939303336316535306562333335627371007E001E0000003470707071007E00547371007E00337070707071007E001771007E001870707070707070740008436F72655F4150497371007E001A77080000014E2F0A7B88780000000070740010653039336264646362636535353534397371007E001E0000003570707071007E00547371007E00337070707071007E001771007E001870707070707070740008436F72655F4150497371007E001A77080000014E301311E8780000000070740010633435643634363166306437366636347371007E001E0000003770707071007E00547371007E00337070707071007E001771007E001870707070707070740008436F72655F4150497371007E001A77080000014E32A63FE8780000000070740010666434383930386163633837656565337371007E001E0000003C70707071007E00547371007E00337070707071007E001771007E001870707070707070740008436F72655F4150497371007E001A77080000014E4A42AB00780000000070740010363764663333326631643237333036617371007E001E0000007270707071007E00547371007E00337070707071007E001771007E001870707070707070740008436F72655F4150497371007E001A77080000014E57961B2078000000007074000F3931396436653265636437343736367371007E001E0000007770707071007E00547371007E00337070707071007E001771007E001870707070707070740008436F72655F4150497371007E001A77080000014E57AB8F50780000000070740010326339636535323730316535316563647371007E001E0000007870707071007E0054787371007E000C0000000777040000000771007E006571007E006A71007E006F71007E007471007E007971007E007E71007E0083787874000970726F626C656D69647371007E001E000000B0787800);
INSERT INTO `QRTZ_TRIGGERS` VALUES ('scheduler', '0d988f22-0da9-41bd-a50f-8555e4e82625', 'DEFAULT', 'jobDetail', 'DEFAULT', null, '1437318828932', '-1', '5', 'WAITING', 'SIMPLE', '1437318828932', '0', null, '-1', 0xACED0005737200156F72672E71756172747A2E4A6F62446174614D61709FB083E8BFA9B0CB020000787200266F72672E71756172747A2E7574696C732E537472696E674B65794469727479466C61674D61708208E8C3FBC55D280200015A0013616C6C6F77735472616E7369656E74446174617872001D6F72672E71756172747A2E7574696C732E4469727479466C61674D617013E62EAD28760ACE0200025A000564697274794C00036D617074000F4C6A6176612F7574696C2F4D61703B787001737200116A6176612E7574696C2E486173684D61700507DAC1C31660D103000246000A6C6F6164466163746F724900097468726573686F6C6478703F4000000000000C7708000000100000000274000A6A6F62446174614D61707371007E00053F4000000000000C770800000010000000027400076C656164657273737200136A6176612E7574696C2E41727261794C6973747881D21D99C7619D03000149000473697A6578700000000377040000000373720027636F6D2E65617379636D732E6D616E6167656D656E742E757365722E646F6D61696E2E5573657224EAFDE8DF4B6D230200125A000C64656661756C7441646D696E5A0005697344656C4C000E63757272656E744C6F67696E49707400124C6A6176612F6C616E672F537472696E673B4C001063757272656E744C6F67696E54696D657400104C6A6176612F7574696C2F446174653B4C0005656D61696C71007E000D4C000269647400134C6A6176612F6C616E672F496E74656765723B4C0012697344656661756C7441646D696E466C616771007E000F4C000B6C6173744C6F67696E497071007E000D4C000D6C6173744C6F67696E54696D6571007E000E4C000A6C6F67696E54696D657371007E000F4C00056D656E75737400104C6A6176612F7574696C2F4C6973743B4C00046E616D6571007E000D4C000870617373776F726471007E000D4C00087265616C6E616D6571007E000D4C000A7265676973746572497071007E000D4C000C726567697374657254696D6571007E000E4C0005726F6C657371007E00104C000A7573657244657669636571007E00107872001F636F6D2E65617379636D732E636F72652E666F726D2E4261736963466F726DDDE391474CEFE3EB02000D4C0006637573746F6D71007E000D5B000A646174654669656C64737400135B4C6A6176612F6C616E672F537472696E673B4C0007656E6454696D6571007E000D4C000666696C74657271007E000D4C0009666F726D617474657271007E000D4C000466756E6371007E000D5B00036964737400145B4C6A6176612F6C616E672F496E74656765723B4C00056F7264657271007E000D4C00047061676571007E000D4C000971756572795479706571007E000D4C0004726F777371007E000D4C0004736F727471007E000D4C0009737461727454696D6571007E000D787070707070740013797979792D4D4D2D64642048483A6D6D3A737374000070707070707070000074000D3139322E3136382E322E313139737200126A6176612E73716C2E54696D657374616D702618D5C80153BF650200014900056E616E6F737872000E6A6176612E7574696C2E44617465686A81014B597419030000787077080000014E331F9E387800000000740000737200116A6176612E6C616E672E496E746567657212E2A0A4F781873802000149000576616C7565787200106A6176612E6C616E672E4E756D62657286AC951D0B94E08B0200007870000000A17371007E001C0000000074000D3139322E3136382E322E3131397371007E001877080000014E32A9261878000000007371007E001C00000005707400077368656E6875697400203063373363356139313337346463336131396636623766363862336236616632740006E6B288E6999674000D3139322E3136382E322E3131397371007E001877080000014E2477B5F078000000007372002F6F72672E68696265726E6174652E636F6C6C656374696F6E2E696E7465726E616C2E50657273697374656E74426167464A645C192E1EC40200014C000362616771007E00107872003E6F72672E68696265726E6174652E636F6C6C656374696F6E2E696E7465726E616C2E416273747261637450657273697374656E74436F6C6C656374696F6E844A7E7706AE8D0B0200095A001B616C6C6F774C6F61644F7574736964655472616E73616374696F6E49000A63616368656453697A655A000564697274795A000B696E697469616C697A65644C00036B65797400164C6A6176612F696F2F53657269616C697A61626C653B4C00056F776E65727400124C6A6176612F6C616E672F4F626A6563743B4C0004726F6C6571007E000D4C001273657373696F6E466163746F72795575696471007E000D4C000E73746F726564536E617073686F7471007E002A787000FFFFFFFF000071007E001E71007E001474002D636F6D2E65617379636D732E6D616E6167656D656E742E757365722E646F6D61696E2E557365722E726F6C65737070707371007E002800FFFFFFFF000071007E001E71007E0014740032636F6D2E65617379636D732E6D616E6167656D656E742E757365722E646F6D61696E2E557365722E757365724465766963657070707371007E000C7070707071007E001571007E001670707070707070000070707400007371007E001C000000AC71007E001F707070707400086C696E646F6E677A7400203063373363356139313337346463336131396636623766363862336236616632740009E69E97E586ACE680BB74000D3139322E3136382E322E3131397371007E001877080000014E2E612BC878000000007371007E002800FFFFFFFF000071007E003271007E003071007E002D7070707371007E002800FFFFFFFF000071007E003271007E003071007E002F7070707371007E000C7070707071007E001571007E001670707070707070000074000D3139322E3136382E322E3131397371007E001877080000014E3391866078000000007400007371007E001C000000A071007E001F74000D3139322E3136382E322E3131397371007E001877080000014E33847E7078000000007371007E001C00000006707400076C696E646F6E677400203063373363356139313337346463336131396636623766363862336236616632740006E69E97E586AC74000D3139322E3136382E322E3131397371007E001877080000014E24778EE078000000007371007E002800FFFFFFFF000071007E003E71007E003A71007E002D7070707371007E002800FFFFFFFF000071007E003E71007E003A71007E002F7070707874000970726F626C656D69647371007E001C000000CA7874000A6A6F625365727669636574001E70726F626C656D4175746F4368616E6765536F6C766572536572766963657800);
INSERT INTO `QRTZ_TRIGGERS` VALUES ('scheduler', '0ecbb7ec-2a40-4728-a1d0-f38a70bea6c1', 'DEFAULT', 'jobDetail', 'DEFAULT', null, '1436763168647', '-1', '5', 'WAITING', 'SIMPLE', '1436763168647', '0', null, '-1', 0xACED0005737200156F72672E71756172747A2E4A6F62446174614D61709FB083E8BFA9B0CB020000787200266F72672E71756172747A2E7574696C732E537472696E674B65794469727479466C61674D61708208E8C3FBC55D280200015A0013616C6C6F77735472616E7369656E74446174617872001D6F72672E71756172747A2E7574696C732E4469727479466C61674D617013E62EAD28760ACE0200025A000564697274794C00036D617074000F4C6A6176612F7574696C2F4D61703B787001737200116A6176612E7574696C2E486173684D61700507DAC1C31660D103000246000A6C6F6164466163746F724900097468726573686F6C6478703F4000000000000C7708000000100000000274000A6A6F625365727669636574001E70726F626C656D4175746F4368616E6765536F6C7665725365727669636574000A6A6F62446174614D61707371007E00053F4000000000000C770800000010000000027400076C656164657273737200136A6176612E7574696C2E41727261794C6973747881D21D99C7619D03000149000473697A6578700000000277040000000273720027636F6D2E65617379636D732E6D616E6167656D656E742E757365722E646F6D61696E2E5573657224EAFDE8DF4B6D230200125A000C64656661756C7441646D696E5A0005697344656C4C000E63757272656E744C6F67696E49707400124C6A6176612F6C616E672F537472696E673B4C001063757272656E744C6F67696E54696D657400104C6A6176612F7574696C2F446174653B4C0005656D61696C71007E000F4C000269647400134C6A6176612F6C616E672F496E74656765723B4C0012697344656661756C7441646D696E466C616771007E00114C000B6C6173744C6F67696E497071007E000F4C000D6C6173744C6F67696E54696D6571007E00104C000A6C6F67696E54696D657371007E00114C00056D656E75737400104C6A6176612F7574696C2F4C6973743B4C00046E616D6571007E000F4C000870617373776F726471007E000F4C00087265616C6E616D6571007E000F4C000A7265676973746572497071007E000F4C000C726567697374657254696D6571007E00104C0005726F6C657371007E00124C000A7573657244657669636571007E00127872001F636F6D2E65617379636D732E636F72652E666F726D2E4261736963466F726DDDE391474CEFE3EB02000D4C0006637573746F6D71007E000F5B000A646174654669656C64737400135B4C6A6176612F6C616E672F537472696E673B4C0007656E6454696D6571007E000F4C000666696C74657271007E000F4C0009666F726D617474657271007E000F4C000466756E6371007E000F5B00036964737400145B4C6A6176612F6C616E672F496E74656765723B4C00056F7264657271007E000F4C00047061676571007E000F4C000971756572795479706571007E000F4C0004726F777371007E000F4C0004736F727471007E000F4C0009737461727454696D6571007E000F787070707070740013797979792D4D4D2D64642048483A6D6D3A737374000070707070707070000074000F303A303A303A303A303A303A303A31737200126A6176612E73716C2E54696D657374616D702618D5C80153BF650200014900056E616E6F737872000E6A6176612E7574696C2E44617465686A81014B597419030000787077080000014E764139D87800000000740000737200116A6176612E6C616E672E496E746567657212E2A0A4F781873802000149000576616C7565787200106A6176612E6C616E672E4E756D62657286AC951D0B94E08B0200007870000000837371007E001E0000000074000D3139322E3136382E322E3131397371007E001A77080000014E57A457A878000000007371007E001E000000977074000862616E7A68616E677400203539346166653565316638616338333832376361343334333466376461653161740006E78FADE995BF74000D3139322E3136382E322E3131397371007E001A77080000014DCD25014078000000007372002F6F72672E68696265726E6174652E636F6C6C656374696F6E2E696E7465726E616C2E50657273697374656E74426167464A645C192E1EC40200014C000362616771007E00127872003E6F72672E68696265726E6174652E636F6C6C656374696F6E2E696E7465726E616C2E416273747261637450657273697374656E74436F6C6C656374696F6E844A7E7706AE8D0B0200095A001B616C6C6F774C6F61644F7574736964655472616E73616374696F6E49000A63616368656453697A655A000564697274795A000B696E697469616C697A65644C00036B65797400164C6A6176612F696F2F53657269616C697A61626C653B4C00056F776E65727400124C6A6176612F6C616E672F4F626A6563743B4C0004726F6C6571007E000F4C001273657373696F6E466163746F72795575696471007E000F4C000E73746F726564536E617073686F7471007E002C787000FFFFFFFF000071007E002071007E001674002D636F6D2E65617379636D732E6D616E6167656D656E742E757365722E646F6D61696E2E557365722E726F6C65737070707371007E002A00FFFFFFFF000171007E002071007E0016740032636F6D2E65617379636D732E6D616E6167656D656E742E757365722E646F6D61696E2E557365722E75736572446576696365707371007E000C000000067704000000067372002D636F6D2E65617379636D732E6D616E6167656D656E742E757365722E646F6D61696E2E55736572446576696365CA4FF725EA1F08200200094C000963726561746564427971007E000F4C0009637265617465644F6E71007E00104C000664657669636571007E000F4C0008646576696365696471007E000F4C0002696471007E00114C000672656D61726B71007E000F4C000975706461746564427971007E000F4C0009757064617465644F6E71007E00104C0004757365727400294C636F6D2F65617379636D732F6D616E6167656D656E742F757365722F646F6D61696E2F557365723B7871007E00137070707071007E001771007E001870707070707070740008436F72655F4150497371007E001A77080000014DCD488700780000000070740010646634666261646636616265323531367371007E001E0000001170707071007E00167371007E00337070707071007E001771007E001870707070707070740008436F72655F4150497371007E001A77080000014DCD56042078000000007074000F3931396436653265636437343736367371007E001E0000001270707071007E00167371007E00337070707071007E001771007E001870707070707070740008436F72655F4150497371007E001A77080000014DCE397E80780000000070740010633863326263646538333030633533637371007E001E0000001470707071007E00167371007E00337070707071007E001771007E001870707070707070740008436F72655F4150497371007E001A77080000014DD38F6A48780000000070740010363764663333326631643237333036617371007E001E0000001970707071007E00167371007E00337070707071007E001771007E001870707070707070740008436F72655F4150497371007E001A77080000014DF80DD670780000000070740010336632313130643230663137396464647371007E001E0000002070707071007E00167371007E00337070707071007E001771007E001870707070707070740008436F72655F4150497371007E001A77080000014E021B6290780000000070740010653039336264646362636535353534397371007E001E0000002570707071007E0016787371007E000C0000000677040000000671007E003571007E003A71007E003F71007E004471007E004971007E004E787371007E000E7070707071007E001771007E001870707070707070000074000F303A303A303A303A303A303A303A317371007E001A77080000014E76437BF878000000007400007371007E001E000000B371007E002174000F303A303A303A303A303A303A303A317371007E001A77080000014E763D423878000000007371007E001E000000867074000C736F6E6767756F7169616E677400203063373363356139313337346463336131396636623766363862336236616632740009E5AE8BE59BBDE5BCBA74000D3139322E3136382E322E3131397371007E001A77080000014E2E64D16078000000007371007E002A00FFFFFFFF000071007E005871007E005471007E002F7070707371007E002A00FFFFFFFF000171007E005871007E005471007E0031707371007E000C000000077704000000077371007E00337070707071007E001771007E001870707070707070740008436F72655F4150497371007E001A77080000014E2F0A2D68780000000070740010373939303336316535306562333335627371007E001E0000003470707071007E00547371007E00337070707071007E001771007E001870707070707070740008436F72655F4150497371007E001A77080000014E2F0A7B88780000000070740010653039336264646362636535353534397371007E001E0000003570707071007E00547371007E00337070707071007E001771007E001870707070707070740008436F72655F4150497371007E001A77080000014E301311E8780000000070740010633435643634363166306437366636347371007E001E0000003770707071007E00547371007E00337070707071007E001771007E001870707070707070740008436F72655F4150497371007E001A77080000014E32A63FE8780000000070740010666434383930386163633837656565337371007E001E0000003C70707071007E00547371007E00337070707071007E001771007E001870707070707070740008436F72655F4150497371007E001A77080000014E4A42AB00780000000070740010363764663333326631643237333036617371007E001E0000007270707071007E00547371007E00337070707071007E001771007E001870707070707070740008436F72655F4150497371007E001A77080000014E57961B2078000000007074000F3931396436653265636437343736367371007E001E0000007770707071007E00547371007E00337070707071007E001771007E001870707070707070740008436F72655F4150497371007E001A77080000014E57AB8F50780000000070740010326339636535323730316535316563647371007E001E0000007870707071007E0054787371007E000C0000000777040000000771007E006471007E006971007E006E71007E007371007E007871007E007D71007E0082787874000970726F626C656D69647371007E001E000000B6787800);
INSERT INTO `QRTZ_TRIGGERS` VALUES ('scheduler', '1ea39392-cd74-4bdb-81e9-68e619c27b0a', 'DEFAULT', 'jobDetail', 'DEFAULT', null, '1437298870108', '-1', '5', 'WAITING', 'SIMPLE', '1437298870108', '0', null, '-1', 0xACED0005737200156F72672E71756172747A2E4A6F62446174614D61709FB083E8BFA9B0CB020000787200266F72672E71756172747A2E7574696C732E537472696E674B65794469727479466C61674D61708208E8C3FBC55D280200015A0013616C6C6F77735472616E7369656E74446174617872001D6F72672E71756172747A2E7574696C732E4469727479466C61674D617013E62EAD28760ACE0200025A000564697274794C00036D617074000F4C6A6176612F7574696C2F4D61703B787001737200116A6176612E7574696C2E486173684D61700507DAC1C31660D103000246000A6C6F6164466163746F724900097468726573686F6C6478703F4000000000000C7708000000100000000274000A6A6F62446174614D61707371007E00053F4000000000000C770800000010000000027400076C656164657273737200136A6176612E7574696C2E41727261794C6973747881D21D99C7619D03000149000473697A6578700000000177040000000173720027636F6D2E65617379636D732E6D616E6167656D656E742E757365722E646F6D61696E2E5573657224EAFDE8DF4B6D230200125A000C64656661756C7441646D696E5A0005697344656C4C000E63757272656E744C6F67696E49707400124C6A6176612F6C616E672F537472696E673B4C001063757272656E744C6F67696E54696D657400104C6A6176612F7574696C2F446174653B4C0005656D61696C71007E000D4C000269647400134C6A6176612F6C616E672F496E74656765723B4C0012697344656661756C7441646D696E466C616771007E000F4C000B6C6173744C6F67696E497071007E000D4C000D6C6173744C6F67696E54696D6571007E000E4C000A6C6F67696E54696D657371007E000F4C00056D656E75737400104C6A6176612F7574696C2F4C6973743B4C00046E616D6571007E000D4C000870617373776F726471007E000D4C00087265616C6E616D6571007E000D4C000A7265676973746572497071007E000D4C000C726567697374657254696D6571007E000E4C0005726F6C657371007E00104C000A7573657244657669636571007E00107872001F636F6D2E65617379636D732E636F72652E666F726D2E4261736963466F726DDDE391474CEFE3EB02000D4C0006637573746F6D71007E000D5B000A646174654669656C64737400135B4C6A6176612F6C616E672F537472696E673B4C0007656E6454696D6571007E000D4C000666696C74657271007E000D4C0009666F726D617474657271007E000D4C000466756E6371007E000D5B00036964737400145B4C6A6176612F6C616E672F496E74656765723B4C00056F7264657271007E000D4C00047061676571007E000D4C000971756572795479706571007E000D4C0004726F777371007E000D4C0004736F727471007E000D4C0009737461727454696D6571007E000D787070707070740013797979792D4D4D2D64642048483A6D6D3A737374000070707070707070000074000D3139322E3136382E322E313139737200126A6176612E73716C2E54696D657374616D702618D5C80153BF650200014900056E616E6F737872000E6A6176612E7574696C2E44617465686A81014B597419030000787077080000014E962F73687800000000740000737200116A6176612E6C616E672E496E746567657212E2A0A4F781873802000149000576616C7565787200106A6176612E6C616E672E4E756D62657286AC951D0B94E08B0200007870000000B37371007E001C0000000074000D3139322E3136382E322E3131397371007E001877080000014E962AE75878000000007371007E001C000000A97074000C736F6E6767756F7169616E677400203063373363356139313337346463336131396636623766363862336236616632740009E5AE8BE59BBDE5BCBA74000D3139322E3136382E322E3131397371007E001877080000014E2E64D16078000000007372002F6F72672E68696265726E6174652E636F6C6C656374696F6E2E696E7465726E616C2E50657273697374656E74426167464A645C192E1EC40200014C000362616771007E00107872003E6F72672E68696265726E6174652E636F6C6C656374696F6E2E696E7465726E616C2E416273747261637450657273697374656E74436F6C6C656374696F6E844A7E7706AE8D0B0200095A001B616C6C6F774C6F61644F7574736964655472616E73616374696F6E49000A63616368656453697A655A000564697274795A000B696E697469616C697A65644C00036B65797400164C6A6176612F696F2F53657269616C697A61626C653B4C00056F776E65727400124C6A6176612F6C616E672F4F626A6563743B4C0004726F6C6571007E000D4C001273657373696F6E466163746F72795575696471007E000D4C000E73746F726564536E617073686F7471007E002A787000FFFFFFFF000071007E001E71007E001474002D636F6D2E65617379636D732E6D616E6167656D656E742E757365722E646F6D61696E2E557365722E726F6C65737070707371007E002800FFFFFFFF000171007E001E71007E0014740032636F6D2E65617379636D732E6D616E6167656D656E742E757365722E646F6D61696E2E557365722E75736572446576696365707371007E000A000000077704000000077372002D636F6D2E65617379636D732E6D616E6167656D656E742E757365722E646F6D61696E2E55736572446576696365CA4FF725EA1F08200200094C000963726561746564427971007E000D4C0009637265617465644F6E71007E000E4C000664657669636571007E000D4C0008646576696365696471007E000D4C0002696471007E000F4C000672656D61726B71007E000D4C000975706461746564427971007E000D4C0009757064617465644F6E71007E000E4C0004757365727400294C636F6D2F65617379636D732F6D616E6167656D656E742F757365722F646F6D61696E2F557365723B7871007E00117070707071007E001571007E001670707070707070740008436F72655F4150497371007E001877080000014E2F0A2D68780000000070740010373939303336316535306562333335627371007E001C0000003470707071007E00147371007E00317070707071007E001571007E001670707070707070740008436F72655F4150497371007E001877080000014E2F0A7B88780000000070740010653039336264646362636535353534397371007E001C0000003570707071007E00147371007E00317070707071007E001571007E001670707070707070740008436F72655F4150497371007E001877080000014E301311E8780000000070740010633435643634363166306437366636347371007E001C0000003770707071007E00147371007E00317070707071007E001571007E001670707070707070740008436F72655F4150497371007E001877080000014E32A63FE8780000000070740010666434383930386163633837656565337371007E001C0000003C70707071007E00147371007E00317070707071007E001571007E001670707070707070740008436F72655F4150497371007E001877080000014E4A42AB00780000000070740010363764663333326631643237333036617371007E001C0000007270707071007E00147371007E00317070707071007E001571007E001670707070707070740008436F72655F4150497371007E001877080000014E57961B2078000000007074000F3931396436653265636437343736367371007E001C0000007770707071007E00147371007E00317070707071007E001571007E001670707070707070740008436F72655F4150497371007E001877080000014E57AB8F50780000000070740010326339636535323730316535316563647371007E001C0000007870707071007E0014787371007E000A0000000777040000000771007E003371007E003871007E003D71007E004271007E004771007E004C71007E0051787874000970726F626C656D69647371007E001C000000C67874000A6A6F625365727669636574001E70726F626C656D4175746F4368616E6765536F6C766572536572766963657800);
INSERT INTO `QRTZ_TRIGGERS` VALUES ('scheduler', '2d9435f0-bf2f-4da8-8bdb-f99b811b9979', 'DEFAULT', 'jobDetail', 'DEFAULT', null, '1437014111025', '-1', '5', 'WAITING', 'SIMPLE', '1437014111025', '0', null, '-1', 0xACED0005737200156F72672E71756172747A2E4A6F62446174614D61709FB083E8BFA9B0CB020000787200266F72672E71756172747A2E7574696C732E537472696E674B65794469727479466C61674D61708208E8C3FBC55D280200015A0013616C6C6F77735472616E7369656E74446174617872001D6F72672E71756172747A2E7574696C732E4469727479466C61674D617013E62EAD28760ACE0200025A000564697274794C00036D617074000F4C6A6176612F7574696C2F4D61703B787001737200116A6176612E7574696C2E486173684D61700507DAC1C31660D103000246000A6C6F6164466163746F724900097468726573686F6C6478703F4000000000000C7708000000100000000274000A6A6F62446174614D61707371007E00053F4000000000000C770800000010000000027400076C656164657273737200136A6176612E7574696C2E41727261794C6973747881D21D99C7619D03000149000473697A6578700000000377040000000373720027636F6D2E65617379636D732E6D616E6167656D656E742E757365722E646F6D61696E2E5573657224EAFDE8DF4B6D230200125A000C64656661756C7441646D696E5A0005697344656C4C000E63757272656E744C6F67696E49707400124C6A6176612F6C616E672F537472696E673B4C001063757272656E744C6F67696E54696D657400104C6A6176612F7574696C2F446174653B4C0005656D61696C71007E000D4C000269647400134C6A6176612F6C616E672F496E74656765723B4C0012697344656661756C7441646D696E466C616771007E000F4C000B6C6173744C6F67696E497071007E000D4C000D6C6173744C6F67696E54696D6571007E000E4C000A6C6F67696E54696D657371007E000F4C00056D656E75737400104C6A6176612F7574696C2F4C6973743B4C00046E616D6571007E000D4C000870617373776F726471007E000D4C00087265616C6E616D6571007E000D4C000A7265676973746572497071007E000D4C000C726567697374657254696D6571007E000E4C0005726F6C657371007E00104C000A7573657244657669636571007E00107872001F636F6D2E65617379636D732E636F72652E666F726D2E4261736963466F726DDDE391474CEFE3EB02000D4C0006637573746F6D71007E000D5B000A646174654669656C64737400135B4C6A6176612F6C616E672F537472696E673B4C0007656E6454696D6571007E000D4C000666696C74657271007E000D4C0009666F726D617474657271007E000D4C000466756E6371007E000D5B00036964737400145B4C6A6176612F6C616E672F496E74656765723B4C00056F7264657271007E000D4C00047061676571007E000D4C000971756572795479706571007E000D4C0004726F777371007E000D4C0004736F727471007E000D4C0009737461727454696D6571007E000D787070707070740013797979792D4D4D2D64642048483A6D6D3A737374000070707070707070000074000D3139322E3136382E322E313139737200126A6176612E73716C2E54696D657374616D702618D5C80153BF650200014900056E616E6F737872000E6A6176612E7574696C2E44617465686A81014B597419030000787077080000014E331F9E387800000000740000737200116A6176612E6C616E672E496E746567657212E2A0A4F781873802000149000576616C7565787200106A6176612E6C616E672E4E756D62657286AC951D0B94E08B0200007870000000A17371007E001C0000000074000D3139322E3136382E322E3131397371007E001877080000014E32A9261878000000007371007E001C00000005707400077368656E6875697400203063373363356139313337346463336131396636623766363862336236616632740006E6B288E6999674000D3139322E3136382E322E3131397371007E001877080000014E2477B5F078000000007372002F6F72672E68696265726E6174652E636F6C6C656374696F6E2E696E7465726E616C2E50657273697374656E74426167464A645C192E1EC40200014C000362616771007E00107872003E6F72672E68696265726E6174652E636F6C6C656374696F6E2E696E7465726E616C2E416273747261637450657273697374656E74436F6C6C656374696F6E844A7E7706AE8D0B0200095A001B616C6C6F774C6F61644F7574736964655472616E73616374696F6E49000A63616368656453697A655A000564697274795A000B696E697469616C697A65644C00036B65797400164C6A6176612F696F2F53657269616C697A61626C653B4C00056F776E65727400124C6A6176612F6C616E672F4F626A6563743B4C0004726F6C6571007E000D4C001273657373696F6E466163746F72795575696471007E000D4C000E73746F726564536E617073686F7471007E002A787000FFFFFFFF000071007E001E71007E001474002D636F6D2E65617379636D732E6D616E6167656D656E742E757365722E646F6D61696E2E557365722E726F6C65737070707371007E002800FFFFFFFF000071007E001E71007E0014740032636F6D2E65617379636D732E6D616E6167656D656E742E757365722E646F6D61696E2E557365722E757365724465766963657070707371007E000C7070707071007E001571007E001670707070707070000070707400007371007E001C000000AC71007E001F707070707400086C696E646F6E677A7400203063373363356139313337346463336131396636623766363862336236616632740009E69E97E586ACE680BB74000D3139322E3136382E322E3131397371007E001877080000014E2E612BC878000000007371007E002800FFFFFFFF000071007E003271007E003071007E002D7070707371007E002800FFFFFFFF000071007E003271007E003071007E002F7070707371007E000C7070707071007E001571007E001670707070707070000074000D3139322E3136382E322E3131397371007E001877080000014E3391866078000000007400007371007E001C000000A071007E001F74000D3139322E3136382E322E3131397371007E001877080000014E33847E7078000000007371007E001C00000006707400076C696E646F6E677400203063373363356139313337346463336131396636623766363862336236616632740006E69E97E586AC74000D3139322E3136382E322E3131397371007E001877080000014E24778EE078000000007371007E002800FFFFFFFF000071007E003E71007E003A71007E002D7070707371007E002800FFFFFFFF000071007E003E71007E003A71007E002F7070707874000970726F626C656D69647371007E001C000000BA7874000A6A6F625365727669636574001E70726F626C656D4175746F4368616E6765536F6C766572536572766963657800);
INSERT INTO `QRTZ_TRIGGERS` VALUES ('scheduler', '3958db06-3136-4ccc-912a-df6383616e99', 'DEFAULT', 'jobDetail', 'DEFAULT', null, '1436762954986', '-1', '5', 'WAITING', 'SIMPLE', '1436762954986', '0', null, '-1', 0xACED0005737200156F72672E71756172747A2E4A6F62446174614D61709FB083E8BFA9B0CB020000787200266F72672E71756172747A2E7574696C732E537472696E674B65794469727479466C61674D61708208E8C3FBC55D280200015A0013616C6C6F77735472616E7369656E74446174617872001D6F72672E71756172747A2E7574696C732E4469727479466C61674D617013E62EAD28760ACE0200025A000564697274794C00036D617074000F4C6A6176612F7574696C2F4D61703B787001737200116A6176612E7574696C2E486173684D61700507DAC1C31660D103000246000A6C6F6164466163746F724900097468726573686F6C6478703F4000000000000C7708000000100000000274000A6A6F625365727669636574001E70726F626C656D4175746F4368616E6765536F6C7665725365727669636574000A6A6F62446174614D61707371007E00053F4000000000000C770800000010000000027400076C656164657273737200136A6176612E7574696C2E41727261794C6973747881D21D99C7619D03000149000473697A6578700000000277040000000273720027636F6D2E65617379636D732E6D616E6167656D656E742E757365722E646F6D61696E2E5573657224EAFDE8DF4B6D230200125A000C64656661756C7441646D696E5A0005697344656C4C000E63757272656E744C6F67696E49707400124C6A6176612F6C616E672F537472696E673B4C001063757272656E744C6F67696E54696D657400104C6A6176612F7574696C2F446174653B4C0005656D61696C71007E000F4C000269647400134C6A6176612F6C616E672F496E74656765723B4C0012697344656661756C7441646D696E466C616771007E00114C000B6C6173744C6F67696E497071007E000F4C000D6C6173744C6F67696E54696D6571007E00104C000A6C6F67696E54696D657371007E00114C00056D656E75737400104C6A6176612F7574696C2F4C6973743B4C00046E616D6571007E000F4C000870617373776F726471007E000F4C00087265616C6E616D6571007E000F4C000A7265676973746572497071007E000F4C000C726567697374657254696D6571007E00104C0005726F6C657371007E00124C000A7573657244657669636571007E00127872001F636F6D2E65617379636D732E636F72652E666F726D2E4261736963466F726DDDE391474CEFE3EB02000D4C0006637573746F6D71007E000F5B000A646174654669656C64737400135B4C6A6176612F6C616E672F537472696E673B4C0007656E6454696D6571007E000F4C000666696C74657271007E000F4C0009666F726D617474657271007E000F4C000466756E6371007E000F5B00036964737400145B4C6A6176612F6C616E672F496E74656765723B4C00056F7264657271007E000F4C00047061676571007E000F4C000971756572795479706571007E000F4C0004726F777371007E000F4C0004736F727471007E000F4C0009737461727454696D6571007E000F787070707070740013797979792D4D4D2D64642048483A6D6D3A737374000070707070707070000074000F303A303A303A303A303A303A303A31737200126A6176612E73716C2E54696D657374616D702618D5C80153BF650200014900056E616E6F737872000E6A6176612E7574696C2E44617465686A81014B597419030000787077080000014E764139D87800000000740000737200116A6176612E6C616E672E496E746567657212E2A0A4F781873802000149000576616C7565787200106A6176612E6C616E672E4E756D62657286AC951D0B94E08B0200007870000000837371007E001E0000000074000D3139322E3136382E322E3131397371007E001A77080000014E57A457A878000000007371007E001E000000977074000862616E7A68616E677400203539346166653565316638616338333832376361343334333466376461653161740006E78FADE995BF74000D3139322E3136382E322E3131397371007E001A77080000014DCD25014078000000007372002F6F72672E68696265726E6174652E636F6C6C656374696F6E2E696E7465726E616C2E50657273697374656E74426167464A645C192E1EC40200014C000362616771007E00127872003E6F72672E68696265726E6174652E636F6C6C656374696F6E2E696E7465726E616C2E416273747261637450657273697374656E74436F6C6C656374696F6E844A7E7706AE8D0B0200095A001B616C6C6F774C6F61644F7574736964655472616E73616374696F6E49000A63616368656453697A655A000564697274795A000B696E697469616C697A65644C00036B65797400164C6A6176612F696F2F53657269616C697A61626C653B4C00056F776E65727400124C6A6176612F6C616E672F4F626A6563743B4C0004726F6C6571007E000F4C001273657373696F6E466163746F72795575696471007E000F4C000E73746F726564536E617073686F7471007E002C787000FFFFFFFF000071007E002071007E001674002D636F6D2E65617379636D732E6D616E6167656D656E742E757365722E646F6D61696E2E557365722E726F6C65737070707371007E002A00FFFFFFFF000171007E002071007E0016740032636F6D2E65617379636D732E6D616E6167656D656E742E757365722E646F6D61696E2E557365722E75736572446576696365707371007E000C000000067704000000067372002D636F6D2E65617379636D732E6D616E6167656D656E742E757365722E646F6D61696E2E55736572446576696365CA4FF725EA1F08200200094C000963726561746564427971007E000F4C0009637265617465644F6E71007E00104C000664657669636571007E000F4C0008646576696365696471007E000F4C0002696471007E00114C000672656D61726B71007E000F4C000975706461746564427971007E000F4C0009757064617465644F6E71007E00104C0004757365727400294C636F6D2F65617379636D732F6D616E6167656D656E742F757365722F646F6D61696E2F557365723B7871007E00137070707071007E001771007E001870707070707070740008436F72655F4150497371007E001A77080000014DCD488700780000000070740010646634666261646636616265323531367371007E001E0000001170707071007E00167371007E00337070707071007E001771007E001870707070707070740008436F72655F4150497371007E001A77080000014DCD56042078000000007074000F3931396436653265636437343736367371007E001E0000001270707071007E00167371007E00337070707071007E001771007E001870707070707070740008436F72655F4150497371007E001A77080000014DCE397E80780000000070740010633863326263646538333030633533637371007E001E0000001470707071007E00167371007E00337070707071007E001771007E001870707070707070740008436F72655F4150497371007E001A77080000014DD38F6A48780000000070740010363764663333326631643237333036617371007E001E0000001970707071007E00167371007E00337070707071007E001771007E001870707070707070740008436F72655F4150497371007E001A77080000014DF80DD670780000000070740010336632313130643230663137396464647371007E001E0000002070707071007E00167371007E00337070707071007E001771007E001870707070707070740008436F72655F4150497371007E001A77080000014E021B6290780000000070740010653039336264646362636535353534397371007E001E0000002570707071007E0016787371007E000C0000000677040000000671007E003571007E003A71007E003F71007E004471007E004971007E004E787371007E000E7070707071007E001771007E001870707070707070000074000F303A303A303A303A303A303A303A317371007E001A77080000014E76437BF878000000007400007371007E001E000000B371007E002174000F303A303A303A303A303A303A303A317371007E001A77080000014E763D423878000000007371007E001E000000867074000C736F6E6767756F7169616E677400203063373363356139313337346463336131396636623766363862336236616632740009E5AE8BE59BBDE5BCBA74000D3139322E3136382E322E3131397371007E001A77080000014E2E64D16078000000007371007E002A00FFFFFFFF000071007E005871007E005471007E002F7070707371007E002A00FFFFFFFF000171007E005871007E005471007E0031707371007E000C000000077704000000077371007E00337070707071007E001771007E001870707070707070740008436F72655F4150497371007E001A77080000014E2F0A2D68780000000070740010373939303336316535306562333335627371007E001E0000003470707071007E00547371007E00337070707071007E001771007E001870707070707070740008436F72655F4150497371007E001A77080000014E2F0A7B88780000000070740010653039336264646362636535353534397371007E001E0000003570707071007E00547371007E00337070707071007E001771007E001870707070707070740008436F72655F4150497371007E001A77080000014E301311E8780000000070740010633435643634363166306437366636347371007E001E0000003770707071007E00547371007E00337070707071007E001771007E001870707070707070740008436F72655F4150497371007E001A77080000014E32A63FE8780000000070740010666434383930386163633837656565337371007E001E0000003C70707071007E00547371007E00337070707071007E001771007E001870707070707070740008436F72655F4150497371007E001A77080000014E4A42AB00780000000070740010363764663333326631643237333036617371007E001E0000007270707071007E00547371007E00337070707071007E001771007E001870707070707070740008436F72655F4150497371007E001A77080000014E57961B2078000000007074000F3931396436653265636437343736367371007E001E0000007770707071007E00547371007E00337070707071007E001771007E001870707070707070740008436F72655F4150497371007E001A77080000014E57AB8F50780000000070740010326339636535323730316535316563647371007E001E0000007870707071007E0054787371007E000C0000000777040000000771007E006471007E006971007E006E71007E007371007E007871007E007D71007E0082787874000970726F626C656D69647371007E001E000000B3787800);
INSERT INTO `QRTZ_TRIGGERS` VALUES ('scheduler', '3b46892d-93be-4193-add3-6a0b2a86a603', 'DEFAULT', 'jobDetail', 'DEFAULT', null, '1436763071651', '-1', '5', 'WAITING', 'SIMPLE', '1436763071651', '0', null, '-1', 0xACED0005737200156F72672E71756172747A2E4A6F62446174614D61709FB083E8BFA9B0CB020000787200266F72672E71756172747A2E7574696C732E537472696E674B65794469727479466C61674D61708208E8C3FBC55D280200015A0013616C6C6F77735472616E7369656E74446174617872001D6F72672E71756172747A2E7574696C732E4469727479466C61674D617013E62EAD28760ACE0200025A000564697274794C00036D617074000F4C6A6176612F7574696C2F4D61703B787001737200116A6176612E7574696C2E486173684D61700507DAC1C31660D103000246000A6C6F6164466163746F724900097468726573686F6C6478703F4000000000000C7708000000100000000274000A6A6F625365727669636574001E70726F626C656D4175746F4368616E6765536F6C7665725365727669636574000A6A6F62446174614D61707371007E00053F4000000000000C770800000010000000027400076C656164657273737200136A6176612E7574696C2E41727261794C6973747881D21D99C7619D03000149000473697A6578700000000277040000000273720027636F6D2E65617379636D732E6D616E6167656D656E742E757365722E646F6D61696E2E5573657224EAFDE8DF4B6D230200125A000C64656661756C7441646D696E5A0005697344656C4C000E63757272656E744C6F67696E49707400124C6A6176612F6C616E672F537472696E673B4C001063757272656E744C6F67696E54696D657400104C6A6176612F7574696C2F446174653B4C0005656D61696C71007E000F4C000269647400134C6A6176612F6C616E672F496E74656765723B4C0012697344656661756C7441646D696E466C616771007E00114C000B6C6173744C6F67696E497071007E000F4C000D6C6173744C6F67696E54696D6571007E00104C000A6C6F67696E54696D657371007E00114C00056D656E75737400104C6A6176612F7574696C2F4C6973743B4C00046E616D6571007E000F4C000870617373776F726471007E000F4C00087265616C6E616D6571007E000F4C000A7265676973746572497071007E000F4C000C726567697374657254696D6571007E00104C0005726F6C657371007E00124C000A7573657244657669636571007E00127872001F636F6D2E65617379636D732E636F72652E666F726D2E4261736963466F726DDDE391474CEFE3EB02000D4C0006637573746F6D71007E000F5B000A646174654669656C64737400135B4C6A6176612F6C616E672F537472696E673B4C0007656E6454696D6571007E000F4C000666696C74657271007E000F4C0009666F726D617474657271007E000F4C000466756E6371007E000F5B00036964737400145B4C6A6176612F6C616E672F496E74656765723B4C00056F7264657271007E000F4C00047061676571007E000F4C000971756572795479706571007E000F4C0004726F777371007E000F4C0004736F727471007E000F4C0009737461727454696D6571007E000F787070707070740013797979792D4D4D2D64642048483A6D6D3A737374000070707070707070000074000F303A303A303A303A303A303A303A31737200126A6176612E73716C2E54696D657374616D702618D5C80153BF650200014900056E616E6F737872000E6A6176612E7574696C2E44617465686A81014B597419030000787077080000014E764139D87800000000740000737200116A6176612E6C616E672E496E746567657212E2A0A4F781873802000149000576616C7565787200106A6176612E6C616E672E4E756D62657286AC951D0B94E08B0200007870000000837371007E001E0000000074000D3139322E3136382E322E3131397371007E001A77080000014E57A457A878000000007371007E001E000000977074000862616E7A68616E677400203539346166653565316638616338333832376361343334333466376461653161740006E78FADE995BF74000D3139322E3136382E322E3131397371007E001A77080000014DCD25014078000000007372002F6F72672E68696265726E6174652E636F6C6C656374696F6E2E696E7465726E616C2E50657273697374656E74426167464A645C192E1EC40200014C000362616771007E00127872003E6F72672E68696265726E6174652E636F6C6C656374696F6E2E696E7465726E616C2E416273747261637450657273697374656E74436F6C6C656374696F6E844A7E7706AE8D0B0200095A001B616C6C6F774C6F61644F7574736964655472616E73616374696F6E49000A63616368656453697A655A000564697274795A000B696E697469616C697A65644C00036B65797400164C6A6176612F696F2F53657269616C697A61626C653B4C00056F776E65727400124C6A6176612F6C616E672F4F626A6563743B4C0004726F6C6571007E000F4C001273657373696F6E466163746F72795575696471007E000F4C000E73746F726564536E617073686F7471007E002C787000FFFFFFFF00007371007E001E0000008371007E001674002D636F6D2E65617379636D732E6D616E6167656D656E742E757365722E646F6D61696E2E557365722E726F6C65737070707371007E002A00FFFFFFFF000171007E002F71007E0016740032636F6D2E65617379636D732E6D616E6167656D656E742E757365722E646F6D61696E2E557365722E75736572446576696365707371007E000C000000067704000000067372002D636F6D2E65617379636D732E6D616E6167656D656E742E757365722E646F6D61696E2E55736572446576696365CA4FF725EA1F08200200094C000963726561746564427971007E000F4C0009637265617465644F6E71007E00104C000664657669636571007E000F4C0008646576696365696471007E000F4C0002696471007E00114C000672656D61726B71007E000F4C000975706461746564427971007E000F4C0009757064617465644F6E71007E00104C0004757365727400294C636F6D2F65617379636D732F6D616E6167656D656E742F757365722F646F6D61696E2F557365723B7871007E00137070707071007E001771007E001870707070707070740008436F72655F4150497371007E001A77080000014DCD488700780000000070740010646634666261646636616265323531367371007E001E0000001170707071007E00167371007E00347070707071007E001771007E001870707070707070740008436F72655F4150497371007E001A77080000014DCD56042078000000007074000F3931396436653265636437343736367371007E001E0000001270707071007E00167371007E00347070707071007E001771007E001870707070707070740008436F72655F4150497371007E001A77080000014DCE397E80780000000070740010633863326263646538333030633533637371007E001E0000001470707071007E00167371007E00347070707071007E001771007E001870707070707070740008436F72655F4150497371007E001A77080000014DD38F6A48780000000070740010363764663333326631643237333036617371007E001E0000001970707071007E00167371007E00347070707071007E001771007E001870707070707070740008436F72655F4150497371007E001A77080000014DF80DD670780000000070740010336632313130643230663137396464647371007E001E0000002070707071007E00167371007E00347070707071007E001771007E001870707070707070740008436F72655F4150497371007E001A77080000014E021B6290780000000070740010653039336264646362636535353534397371007E001E0000002570707071007E0016787371007E000C0000000677040000000671007E003671007E003B71007E004071007E004571007E004A71007E004F787371007E000E7070707071007E001771007E001870707070707070000074000F303A303A303A303A303A303A303A317371007E001A77080000014E76437BF878000000007400007371007E001E000000B371007E002174000F303A303A303A303A303A303A303A317371007E001A77080000014E763D423878000000007371007E001E000000867074000C736F6E6767756F7169616E677400203063373363356139313337346463336131396636623766363862336236616632740009E5AE8BE59BBDE5BCBA74000D3139322E3136382E322E3131397371007E001A77080000014E2E64D16078000000007371007E002A00FFFFFFFF00007371007E001E000000B371007E005571007E00307070707371007E002A00FFFFFFFF000171007E006371007E005571007E0032707371007E000C000000077704000000077371007E00347070707071007E001771007E001870707070707070740008436F72655F4150497371007E001A77080000014E2F0A2D68780000000070740010373939303336316535306562333335627371007E001E0000003470707071007E00557371007E00347070707071007E001771007E001870707070707070740008436F72655F4150497371007E001A77080000014E2F0A7B88780000000070740010653039336264646362636535353534397371007E001E0000003570707071007E00557371007E00347070707071007E001771007E001870707070707070740008436F72655F4150497371007E001A77080000014E301311E8780000000070740010633435643634363166306437366636347371007E001E0000003770707071007E00557371007E00347070707071007E001771007E001870707070707070740008436F72655F4150497371007E001A77080000014E32A63FE8780000000070740010666434383930386163633837656565337371007E001E0000003C70707071007E00557371007E00347070707071007E001771007E001870707070707070740008436F72655F4150497371007E001A77080000014E4A42AB00780000000070740010363764663333326631643237333036617371007E001E0000007270707071007E00557371007E00347070707071007E001771007E001870707070707070740008436F72655F4150497371007E001A77080000014E57961B2078000000007074000F3931396436653265636437343736367371007E001E0000007770707071007E00557371007E00347070707071007E001771007E001870707070707070740008436F72655F4150497371007E001A77080000014E57AB8F50780000000070740010326339636535323730316535316563647371007E001E0000007870707071007E0055787371007E000C0000000777040000000771007E006671007E006B71007E007071007E007571007E007A71007E007F71007E0084787874000970726F626C656D69647371007E001E000000B4787800);
INSERT INTO `QRTZ_TRIGGERS` VALUES ('scheduler', '471bb1a5-2055-471e-ba69-6f004e75aca8', 'DEFAULT', 'jobDetail', 'DEFAULT', null, '1437013907121', '-1', '5', 'WAITING', 'SIMPLE', '1437013907121', '0', null, '-1', 0xACED0005737200156F72672E71756172747A2E4A6F62446174614D61709FB083E8BFA9B0CB020000787200266F72672E71756172747A2E7574696C732E537472696E674B65794469727479466C61674D61708208E8C3FBC55D280200015A0013616C6C6F77735472616E7369656E74446174617872001D6F72672E71756172747A2E7574696C732E4469727479466C61674D617013E62EAD28760ACE0200025A000564697274794C00036D617074000F4C6A6176612F7574696C2F4D61703B787001737200116A6176612E7574696C2E486173684D61700507DAC1C31660D103000246000A6C6F6164466163746F724900097468726573686F6C6478703F4000000000000C7708000000100000000274000A6A6F62446174614D61707371007E00053F4000000000000C770800000010000000027400076C656164657273737200136A6176612E7574696C2E41727261794C6973747881D21D99C7619D03000149000473697A6578700000000277040000000273720027636F6D2E65617379636D732E6D616E6167656D656E742E757365722E646F6D61696E2E5573657224EAFDE8DF4B6D230200125A000C64656661756C7441646D696E5A0005697344656C4C000E63757272656E744C6F67696E49707400124C6A6176612F6C616E672F537472696E673B4C001063757272656E744C6F67696E54696D657400104C6A6176612F7574696C2F446174653B4C0005656D61696C71007E000D4C000269647400134C6A6176612F6C616E672F496E74656765723B4C0012697344656661756C7441646D696E466C616771007E000F4C000B6C6173744C6F67696E497071007E000D4C000D6C6173744C6F67696E54696D6571007E000E4C000A6C6F67696E54696D657371007E000F4C00056D656E75737400104C6A6176612F7574696C2F4C6973743B4C00046E616D6571007E000D4C000870617373776F726471007E000D4C00087265616C6E616D6571007E000D4C000A7265676973746572497071007E000D4C000C726567697374657254696D6571007E000E4C0005726F6C657371007E00104C000A7573657244657669636571007E00107872001F636F6D2E65617379636D732E636F72652E666F726D2E4261736963466F726DDDE391474CEFE3EB02000D4C0006637573746F6D71007E000D5B000A646174654669656C64737400135B4C6A6176612F6C616E672F537472696E673B4C0007656E6454696D6571007E000D4C000666696C74657271007E000D4C0009666F726D617474657271007E000D4C000466756E6371007E000D5B00036964737400145B4C6A6176612F6C616E672F496E74656765723B4C00056F7264657271007E000D4C00047061676571007E000D4C000971756572795479706571007E000D4C0004726F777371007E000D4C0004736F727471007E000D4C0009737461727454696D6571007E000D787070707070740013797979792D4D4D2D64642048483A6D6D3A737374000070707070707070000074000F303A303A303A303A303A303A303A31737200126A6176612E73716C2E54696D657374616D702618D5C80153BF650200014900056E616E6F737872000E6A6176612E7574696C2E44617465686A81014B597419030000787077080000014E764139D87800000000740000737200116A6176612E6C616E672E496E746567657212E2A0A4F781873802000149000576616C7565787200106A6176612E6C616E672E4E756D62657286AC951D0B94E08B0200007870000000837371007E001C0000000074000D3139322E3136382E322E3131397371007E001877080000014E57A457A878000000007371007E001C000000977074000862616E7A68616E677400203539346166653565316638616338333832376361343334333466376461653161740006E78FADE995BF74000D3139322E3136382E322E3131397371007E001877080000014DCD25014078000000007372002F6F72672E68696265726E6174652E636F6C6C656374696F6E2E696E7465726E616C2E50657273697374656E74426167464A645C192E1EC40200014C000362616771007E00107872003E6F72672E68696265726E6174652E636F6C6C656374696F6E2E696E7465726E616C2E416273747261637450657273697374656E74436F6C6C656374696F6E844A7E7706AE8D0B0200095A001B616C6C6F774C6F61644F7574736964655472616E73616374696F6E49000A63616368656453697A655A000564697274795A000B696E697469616C697A65644C00036B65797400164C6A6176612F696F2F53657269616C697A61626C653B4C00056F776E65727400124C6A6176612F6C616E672F4F626A6563743B4C0004726F6C6571007E000D4C001273657373696F6E466163746F72795575696471007E000D4C000E73746F726564536E617073686F7471007E002A787000FFFFFFFF000071007E001E71007E001474002D636F6D2E65617379636D732E6D616E6167656D656E742E757365722E646F6D61696E2E557365722E726F6C65737070707371007E002800FFFFFFFF000171007E001E71007E0014740032636F6D2E65617379636D732E6D616E6167656D656E742E757365722E646F6D61696E2E557365722E75736572446576696365707371007E000A000000067704000000067372002D636F6D2E65617379636D732E6D616E6167656D656E742E757365722E646F6D61696E2E55736572446576696365CA4FF725EA1F08200200094C000963726561746564427971007E000D4C0009637265617465644F6E71007E000E4C000664657669636571007E000D4C0008646576696365696471007E000D4C0002696471007E000F4C000672656D61726B71007E000D4C000975706461746564427971007E000D4C0009757064617465644F6E71007E000E4C0004757365727400294C636F6D2F65617379636D732F6D616E6167656D656E742F757365722F646F6D61696E2F557365723B7871007E00117070707071007E001571007E001670707070707070740008436F72655F4150497371007E001877080000014DCD488700780000000070740010646634666261646636616265323531367371007E001C0000001170707071007E00147371007E00317070707071007E001571007E001670707070707070740008436F72655F4150497371007E001877080000014DCD56042078000000007074000F3931396436653265636437343736367371007E001C0000001270707071007E00147371007E00317070707071007E001571007E001670707070707070740008436F72655F4150497371007E001877080000014DCE397E80780000000070740010633863326263646538333030633533637371007E001C0000001470707071007E00147371007E00317070707071007E001571007E001670707070707070740008436F72655F4150497371007E001877080000014DD38F6A48780000000070740010363764663333326631643237333036617371007E001C0000001970707071007E00147371007E00317070707071007E001571007E001670707070707070740008436F72655F4150497371007E001877080000014DF80DD670780000000070740010336632313130643230663137396464647371007E001C0000002070707071007E00147371007E00317070707071007E001571007E001670707070707070740008436F72655F4150497371007E001877080000014E021B6290780000000070740010653039336264646362636535353534397371007E001C0000002570707071007E0014787371007E000A0000000677040000000671007E003371007E003871007E003D71007E004271007E004771007E004C787371007E000C7070707071007E001571007E001670707070707070000074000D3139322E3136382E322E3131397371007E001877080000014E853434E078000000007400007371007E001C000000B371007E001F74000D3139322E3136382E322E3131397371007E001877080000014E7A31E88078000000007371007E001C000000917074000C736F6E6767756F7169616E677400203063373363356139313337346463336131396636623766363862336236616632740009E5AE8BE59BBDE5BCBA74000D3139322E3136382E322E3131397371007E001877080000014E2E64D16078000000007371007E002800FFFFFFFF000071007E005671007E005271007E002D7070707371007E002800FFFFFFFF000171007E005671007E005271007E002F707371007E000A000000077704000000077371007E00317070707071007E001571007E001670707070707070740008436F72655F4150497371007E001877080000014E2F0A2D68780000000070740010373939303336316535306562333335627371007E001C0000003470707071007E00527371007E00317070707071007E001571007E001670707070707070740008436F72655F4150497371007E001877080000014E2F0A7B88780000000070740010653039336264646362636535353534397371007E001C0000003570707071007E00527371007E00317070707071007E001571007E001670707070707070740008436F72655F4150497371007E001877080000014E301311E8780000000070740010633435643634363166306437366636347371007E001C0000003770707071007E00527371007E00317070707071007E001571007E001670707070707070740008436F72655F4150497371007E001877080000014E32A63FE8780000000070740010666434383930386163633837656565337371007E001C0000003C70707071007E00527371007E00317070707071007E001571007E001670707070707070740008436F72655F4150497371007E001877080000014E4A42AB00780000000070740010363764663333326631643237333036617371007E001C0000007270707071007E00527371007E00317070707071007E001571007E001670707070707070740008436F72655F4150497371007E001877080000014E57961B2078000000007074000F3931396436653265636437343736367371007E001C0000007770707071007E00527371007E00317070707071007E001571007E001670707070707070740008436F72655F4150497371007E001877080000014E57AB8F50780000000070740010326339636535323730316535316563647371007E001C0000007870707071007E0052787371007E000A0000000777040000000771007E006271007E006771007E006C71007E007171007E007671007E007B71007E0080787874000970726F626C656D69647371007E001C000000BA7874000A6A6F625365727669636574001E70726F626C656D4175746F4368616E6765536F6C766572536572766963657800);
INSERT INTO `QRTZ_TRIGGERS` VALUES ('scheduler', '5608c519-67ba-4562-8985-4bc08e76c65d', 'DEFAULT', 'jobDetail', 'DEFAULT', null, '1437029078198', '-1', '5', 'WAITING', 'SIMPLE', '1437029078198', '0', null, '-1', 0xACED0005737200156F72672E71756172747A2E4A6F62446174614D61709FB083E8BFA9B0CB020000787200266F72672E71756172747A2E7574696C732E537472696E674B65794469727479466C61674D61708208E8C3FBC55D280200015A0013616C6C6F77735472616E7369656E74446174617872001D6F72672E71756172747A2E7574696C732E4469727479466C61674D617013E62EAD28760ACE0200025A000564697274794C00036D617074000F4C6A6176612F7574696C2F4D61703B787001737200116A6176612E7574696C2E486173684D61700507DAC1C31660D103000246000A6C6F6164466163746F724900097468726573686F6C6478703F4000000000000C7708000000100000000274000A6A6F62446174614D61707371007E00053F4000000000000C770800000010000000027400076C656164657273737200136A6176612E7574696C2E41727261794C6973747881D21D99C7619D03000149000473697A6578700000000277040000000273720027636F6D2E65617379636D732E6D616E6167656D656E742E757365722E646F6D61696E2E5573657224EAFDE8DF4B6D230200125A000C64656661756C7441646D696E5A0005697344656C4C000E63757272656E744C6F67696E49707400124C6A6176612F6C616E672F537472696E673B4C001063757272656E744C6F67696E54696D657400104C6A6176612F7574696C2F446174653B4C0005656D61696C71007E000D4C000269647400134C6A6176612F6C616E672F496E74656765723B4C0012697344656661756C7441646D696E466C616771007E000F4C000B6C6173744C6F67696E497071007E000D4C000D6C6173744C6F67696E54696D6571007E000E4C000A6C6F67696E54696D657371007E000F4C00056D656E75737400104C6A6176612F7574696C2F4C6973743B4C00046E616D6571007E000D4C000870617373776F726471007E000D4C00087265616C6E616D6571007E000D4C000A7265676973746572497071007E000D4C000C726567697374657254696D6571007E000E4C0005726F6C657371007E00104C000A7573657244657669636571007E00107872001F636F6D2E65617379636D732E636F72652E666F726D2E4261736963466F726DDDE391474CEFE3EB02000D4C0006637573746F6D71007E000D5B000A646174654669656C64737400135B4C6A6176612F6C616E672F537472696E673B4C0007656E6454696D6571007E000D4C000666696C74657271007E000D4C0009666F726D617474657271007E000D4C000466756E6371007E000D5B00036964737400145B4C6A6176612F6C616E672F496E74656765723B4C00056F7264657271007E000D4C00047061676571007E000D4C000971756572795479706571007E000D4C0004726F777371007E000D4C0004736F727471007E000D4C0009737461727454696D6571007E000D787070707070740013797979792D4D4D2D64642048483A6D6D3A737374000070707070707070000074000F303A303A303A303A303A303A303A31737200126A6176612E73716C2E54696D657374616D702618D5C80153BF650200014900056E616E6F737872000E6A6176612E7574696C2E44617465686A81014B597419030000787077080000014E764139D87800000000740000737200116A6176612E6C616E672E496E746567657212E2A0A4F781873802000149000576616C7565787200106A6176612E6C616E672E4E756D62657286AC951D0B94E08B0200007870000000837371007E001C0000000074000D3139322E3136382E322E3131397371007E001877080000014E57A457A878000000007371007E001C000000977074000862616E7A68616E677400203539346166653565316638616338333832376361343334333466376461653161740006E78FADE995BF74000D3139322E3136382E322E3131397371007E001877080000014DCD25014078000000007372002F6F72672E68696265726E6174652E636F6C6C656374696F6E2E696E7465726E616C2E50657273697374656E74426167464A645C192E1EC40200014C000362616771007E00107872003E6F72672E68696265726E6174652E636F6C6C656374696F6E2E696E7465726E616C2E416273747261637450657273697374656E74436F6C6C656374696F6E844A7E7706AE8D0B0200095A001B616C6C6F774C6F61644F7574736964655472616E73616374696F6E49000A63616368656453697A655A000564697274795A000B696E697469616C697A65644C00036B65797400164C6A6176612F696F2F53657269616C697A61626C653B4C00056F776E65727400124C6A6176612F6C616E672F4F626A6563743B4C0004726F6C6571007E000D4C001273657373696F6E466163746F72795575696471007E000D4C000E73746F726564536E617073686F7471007E002A787000FFFFFFFF000071007E001E71007E001474002D636F6D2E65617379636D732E6D616E6167656D656E742E757365722E646F6D61696E2E557365722E726F6C65737070707371007E002800FFFFFFFF000171007E001E71007E0014740032636F6D2E65617379636D732E6D616E6167656D656E742E757365722E646F6D61696E2E557365722E75736572446576696365707371007E000A000000067704000000067372002D636F6D2E65617379636D732E6D616E6167656D656E742E757365722E646F6D61696E2E55736572446576696365CA4FF725EA1F08200200094C000963726561746564427971007E000D4C0009637265617465644F6E71007E000E4C000664657669636571007E000D4C0008646576696365696471007E000D4C0002696471007E000F4C000672656D61726B71007E000D4C000975706461746564427971007E000D4C0009757064617465644F6E71007E000E4C0004757365727400294C636F6D2F65617379636D732F6D616E6167656D656E742F757365722F646F6D61696E2F557365723B7871007E00117070707071007E001571007E001670707070707070740008436F72655F4150497371007E001877080000014DCD488700780000000070740010646634666261646636616265323531367371007E001C0000001170707071007E00147371007E00317070707071007E001571007E001670707070707070740008436F72655F4150497371007E001877080000014DCD56042078000000007074000F3931396436653265636437343736367371007E001C0000001270707071007E00147371007E00317070707071007E001571007E001670707070707070740008436F72655F4150497371007E001877080000014DCE397E80780000000070740010633863326263646538333030633533637371007E001C0000001470707071007E00147371007E00317070707071007E001571007E001670707070707070740008436F72655F4150497371007E001877080000014DD38F6A48780000000070740010363764663333326631643237333036617371007E001C0000001970707071007E00147371007E00317070707071007E001571007E001670707070707070740008436F72655F4150497371007E001877080000014DF80DD670780000000070740010336632313130643230663137396464647371007E001C0000002070707071007E00147371007E00317070707071007E001571007E001670707070707070740008436F72655F4150497371007E001877080000014E021B6290780000000070740010653039336264646362636535353534397371007E001C0000002570707071007E0014787371007E000A0000000677040000000671007E003371007E003871007E003D71007E004271007E004771007E004C787371007E000C7070707071007E001571007E001670707070707070000074000D3139322E3136382E322E3131397371007E001877080000014E85FC8DF078000000007400007371007E001C000000B371007E001F74000D3139322E3136382E322E3131397371007E001877080000014E8569B43078000000007371007E001C000000987074000C736F6E6767756F7169616E677400203063373363356139313337346463336131396636623766363862336236616632740009E5AE8BE59BBDE5BCBA74000D3139322E3136382E322E3131397371007E001877080000014E2E64D16078000000007371007E002800FFFFFFFF000071007E005671007E005271007E002D7070707371007E002800FFFFFFFF000171007E005671007E005271007E002F707371007E000A000000077704000000077371007E00317070707071007E001571007E001670707070707070740008436F72655F4150497371007E001877080000014E2F0A2D68780000000070740010373939303336316535306562333335627371007E001C0000003470707071007E00527371007E00317070707071007E001571007E001670707070707070740008436F72655F4150497371007E001877080000014E2F0A7B88780000000070740010653039336264646362636535353534397371007E001C0000003570707071007E00527371007E00317070707071007E001571007E001670707070707070740008436F72655F4150497371007E001877080000014E301311E8780000000070740010633435643634363166306437366636347371007E001C0000003770707071007E00527371007E00317070707071007E001571007E001670707070707070740008436F72655F4150497371007E001877080000014E32A63FE8780000000070740010666434383930386163633837656565337371007E001C0000003C70707071007E00527371007E00317070707071007E001571007E001670707070707070740008436F72655F4150497371007E001877080000014E4A42AB00780000000070740010363764663333326631643237333036617371007E001C0000007270707071007E00527371007E00317070707071007E001571007E001670707070707070740008436F72655F4150497371007E001877080000014E57961B2078000000007074000F3931396436653265636437343736367371007E001C0000007770707071007E00527371007E00317070707071007E001571007E001670707070707070740008436F72655F4150497371007E001877080000014E57AB8F50780000000070740010326339636535323730316535316563647371007E001C0000007870707071007E0052787371007E000A0000000777040000000771007E006271007E006771007E006C71007E007171007E007671007E007B71007E0080787874000970726F626C656D69647371007E001C000000BC7874000A6A6F625365727669636574001E70726F626C656D4175746F4368616E6765536F6C766572536572766963657800);
INSERT INTO `QRTZ_TRIGGERS` VALUES ('scheduler', '5d1cea01-c614-4efd-be9e-8026fa5ab81e', 'DEFAULT', 'jobDetail', 'DEFAULT', null, '1436756431806', '-1', '5', 'WAITING', 'SIMPLE', '1436756431806', '0', null, '-1', 0xACED0005737200156F72672E71756172747A2E4A6F62446174614D61709FB083E8BFA9B0CB020000787200266F72672E71756172747A2E7574696C732E537472696E674B65794469727479466C61674D61708208E8C3FBC55D280200015A0013616C6C6F77735472616E7369656E74446174617872001D6F72672E71756172747A2E7574696C732E4469727479466C61674D617013E62EAD28760ACE0200025A000564697274794C00036D617074000F4C6A6176612F7574696C2F4D61703B787001737200116A6176612E7574696C2E486173684D61700507DAC1C31660D103000246000A6C6F6164466163746F724900097468726573686F6C6478703F4000000000000C7708000000100000000274000A6A6F62446174614D61707371007E00053F4000000000000C770800000010000000027400076C656164657273737200136A6176612E7574696C2E41727261794C6973747881D21D99C7619D03000149000473697A6578700000000277040000000273720027636F6D2E65617379636D732E6D616E6167656D656E742E757365722E646F6D61696E2E5573657224EAFDE8DF4B6D230200125A000C64656661756C7441646D696E5A0005697344656C4C000E63757272656E744C6F67696E49707400124C6A6176612F6C616E672F537472696E673B4C001063757272656E744C6F67696E54696D657400104C6A6176612F7574696C2F446174653B4C0005656D61696C71007E000D4C000269647400134C6A6176612F6C616E672F496E74656765723B4C0012697344656661756C7441646D696E466C616771007E000F4C000B6C6173744C6F67696E497071007E000D4C000D6C6173744C6F67696E54696D6571007E000E4C000A6C6F67696E54696D657371007E000F4C00056D656E75737400104C6A6176612F7574696C2F4C6973743B4C00046E616D6571007E000D4C000870617373776F726471007E000D4C00087265616C6E616D6571007E000D4C000A7265676973746572497071007E000D4C000C726567697374657254696D6571007E000E4C0005726F6C657371007E00104C000A7573657244657669636571007E00107872001F636F6D2E65617379636D732E636F72652E666F726D2E4261736963466F726DDDE391474CEFE3EB02000D4C0006637573746F6D71007E000D5B000A646174654669656C64737400135B4C6A6176612F6C616E672F537472696E673B4C0007656E6454696D6571007E000D4C000666696C74657271007E000D4C0009666F726D617474657271007E000D4C000466756E6371007E000D5B00036964737400145B4C6A6176612F6C616E672F496E74656765723B4C00056F7264657271007E000D4C00047061676571007E000D4C000971756572795479706571007E000D4C0004726F777371007E000D4C0004736F727471007E000D4C0009737461727454696D6571007E000D787070707070740013797979792D4D4D2D64642048483A6D6D3A737374000070707070707070000174000D3139322E3136382E322E313139737200126A6176612E73716C2E54696D657374616D702618D5C80153BF650200014900056E616E6F737872000E6A6176612E7574696C2E44617465686A81014B597419030000787077080000014E57A457A87800000000740000737200116A6176612E6C616E672E496E746567657212E2A0A4F781873802000149000576616C7565787200106A6176612E6C616E672E4E756D62657286AC951D0B94E08B0200007870000000837371007E001C0000000074000D3139322E3136382E322E3131397371007E001877080000014E57A44BF078000000007371007E001C000000967074000962616E7A68616E67797400203539346166653565316638616338333832376361343334333466376461653161740006E78FADE995BF74000D3139322E3136382E322E3131397371007E001877080000014DCD25014078000000007372002F6F72672E68696265726E6174652E636F6C6C656374696F6E2E696E7465726E616C2E50657273697374656E74426167464A645C192E1EC40200014C000362616771007E00107872003E6F72672E68696265726E6174652E636F6C6C656374696F6E2E696E7465726E616C2E416273747261637450657273697374656E74436F6C6C656374696F6E844A7E7706AE8D0B0200095A001B616C6C6F774C6F61644F7574736964655472616E73616374696F6E49000A63616368656453697A655A000564697274795A000B696E697469616C697A65644C00036B65797400164C6A6176612F696F2F53657269616C697A61626C653B4C00056F776E65727400124C6A6176612F6C616E672F4F626A6563743B4C0004726F6C6571007E000D4C001273657373696F6E466163746F72795575696471007E000D4C000E73746F726564536E617073686F7471007E002A787000FFFFFFFF000071007E001E71007E001474002D636F6D2E65617379636D732E6D616E6167656D656E742E757365722E646F6D61696E2E557365722E726F6C65737070707371007E002800FFFFFFFF000171007E001E71007E0014740032636F6D2E65617379636D732E6D616E6167656D656E742E757365722E646F6D61696E2E557365722E75736572446576696365707371007E000A000000067704000000067372002D636F6D2E65617379636D732E6D616E6167656D656E742E757365722E646F6D61696E2E55736572446576696365CA4FF725EA1F08200200094C000963726561746564427971007E000D4C0009637265617465644F6E71007E000E4C000664657669636571007E000D4C0008646576696365696471007E000D4C0002696471007E000F4C000672656D61726B71007E000D4C000975706461746564427971007E000D4C0009757064617465644F6E71007E000E4C0004757365727400294C636F6D2F65617379636D732F6D616E6167656D656E742F757365722F646F6D61696E2F557365723B7871007E00117070707071007E001571007E001670707070707070740008436F72655F4150497371007E001877080000014DCD488700780000000070740010646634666261646636616265323531367371007E001C0000001170707071007E00147371007E00317070707071007E001571007E001670707070707070740008436F72655F4150497371007E001877080000014DCD56042078000000007074000F3931396436653265636437343736367371007E001C0000001270707071007E00147371007E00317070707071007E001571007E001670707070707070740008436F72655F4150497371007E001877080000014DCE397E80780000000070740010633863326263646538333030633533637371007E001C0000001470707071007E00147371007E00317070707071007E001571007E001670707070707070740008436F72655F4150497371007E001877080000014DD38F6A48780000000070740010363764663333326631643237333036617371007E001C0000001970707071007E00147371007E00317070707071007E001571007E001670707070707070740008436F72655F4150497371007E001877080000014DF80DD670780000000070740010336632313130643230663137396464647371007E001C0000002070707071007E00147371007E00317070707071007E001571007E001670707070707070740008436F72655F4150497371007E001877080000014E021B6290780000000070740010653039336264646362636535353534397371007E001C0000002570707071007E0014787371007E000A0000000677040000000671007E003371007E003871007E003D71007E004271007E004771007E004C787371007E000C7070707071007E001571007E001670707070707070000074000D3139322E3136382E322E3131397371007E001977080000014E75E73F99787400007371007E001C000000B371007E001F74000D3139322E3136382E322E3131397371007E001877080000014E75E32FA078000000007371007E001C000000817074000C736F6E6767756F7169616E677400203063373363356139313337346463336131396636623766363862336236616632740009E5AE8BE59BBDE5BCBA74000D3139322E3136382E322E3131397371007E001877080000014E2E64D16078000000007371007E002800FFFFFFFF00007371007E001C000000B371007E005271007E002D7070707371007E002800FFFFFFFF000171007E006071007E005271007E002F707371007E000A000000077704000000077371007E00317070707071007E001571007E001670707070707070740008436F72655F4150497371007E001877080000014E2F0A2D68780000000070740010373939303336316535306562333335627371007E001C0000003470707071007E00527371007E00317070707071007E001571007E001670707070707070740008436F72655F4150497371007E001877080000014E2F0A7B88780000000070740010653039336264646362636535353534397371007E001C0000003570707071007E00527371007E00317070707071007E001571007E001670707070707070740008436F72655F4150497371007E001877080000014E301311E8780000000070740010633435643634363166306437366636347371007E001C0000003770707071007E00527371007E00317070707071007E001571007E001670707070707070740008436F72655F4150497371007E001877080000014E32A63FE8780000000070740010666434383930386163633837656565337371007E001C0000003C70707071007E00527371007E00317070707071007E001571007E001670707070707070740008436F72655F4150497371007E001877080000014E4A42AB00780000000070740010363764663333326631643237333036617371007E001C0000007270707071007E00527371007E00317070707071007E001571007E001670707070707070740008436F72655F4150497371007E001877080000014E57961B2078000000007074000F3931396436653265636437343736367371007E001C0000007770707071007E00527371007E00317070707071007E001571007E001670707070707070740008436F72655F4150497371007E001877080000014E57AB8F50780000000070740010326339636535323730316535316563647371007E001C0000007870707071007E0052787371007E000A0000000777040000000771007E006371007E006871007E006D71007E007271007E007771007E007C71007E0081787874000970726F626C656D69647371007E001C000000AC7874000A6A6F625365727669636574001E70726F626C656D4175746F4368616E6765536F6C766572536572766963657800);
INSERT INTO `QRTZ_TRIGGERS` VALUES ('scheduler', '604a06ec-87c9-4777-9bb2-d760f521cb1a', 'DEFAULT', 'jobDetail', 'DEFAULT', null, '1437318234409', '-1', '5', 'WAITING', 'SIMPLE', '1437318234409', '0', null, '-1', 0xACED0005737200156F72672E71756172747A2E4A6F62446174614D61709FB083E8BFA9B0CB020000787200266F72672E71756172747A2E7574696C732E537472696E674B65794469727479466C61674D61708208E8C3FBC55D280200015A0013616C6C6F77735472616E7369656E74446174617872001D6F72672E71756172747A2E7574696C732E4469727479466C61674D617013E62EAD28760ACE0200025A000564697274794C00036D617074000F4C6A6176612F7574696C2F4D61703B787001737200116A6176612E7574696C2E486173684D61700507DAC1C31660D103000246000A6C6F6164466163746F724900097468726573686F6C6478703F4000000000000C7708000000100000000274000A6A6F62446174614D61707371007E00053F4000000000000C770800000010000000027400076C656164657273737200136A6176612E7574696C2E41727261794C6973747881D21D99C7619D03000149000473697A6578700000000377040000000373720027636F6D2E65617379636D732E6D616E6167656D656E742E757365722E646F6D61696E2E5573657224EAFDE8DF4B6D230200125A000C64656661756C7441646D696E5A0005697344656C4C000E63757272656E744C6F67696E49707400124C6A6176612F6C616E672F537472696E673B4C001063757272656E744C6F67696E54696D657400104C6A6176612F7574696C2F446174653B4C0005656D61696C71007E000D4C000269647400134C6A6176612F6C616E672F496E74656765723B4C0012697344656661756C7441646D696E466C616771007E000F4C000B6C6173744C6F67696E497071007E000D4C000D6C6173744C6F67696E54696D6571007E000E4C000A6C6F67696E54696D657371007E000F4C00056D656E75737400104C6A6176612F7574696C2F4C6973743B4C00046E616D6571007E000D4C000870617373776F726471007E000D4C00087265616C6E616D6571007E000D4C000A7265676973746572497071007E000D4C000C726567697374657254696D6571007E000E4C0005726F6C657371007E00104C000A7573657244657669636571007E00107872001F636F6D2E65617379636D732E636F72652E666F726D2E4261736963466F726DDDE391474CEFE3EB02000D4C0006637573746F6D71007E000D5B000A646174654669656C64737400135B4C6A6176612F6C616E672F537472696E673B4C0007656E6454696D6571007E000D4C000666696C74657271007E000D4C0009666F726D617474657271007E000D4C000466756E6371007E000D5B00036964737400145B4C6A6176612F6C616E672F496E74656765723B4C00056F7264657271007E000D4C00047061676571007E000D4C000971756572795479706571007E000D4C0004726F777371007E000D4C0004736F727471007E000D4C0009737461727454696D6571007E000D787070707070740013797979792D4D4D2D64642048483A6D6D3A737374000070707070707070000074000D3139322E3136382E322E313139737200126A6176612E73716C2E54696D657374616D702618D5C80153BF650200014900056E616E6F737872000E6A6176612E7574696C2E44617465686A81014B597419030000787077080000014E331F9E387800000000740000737200116A6176612E6C616E672E496E746567657212E2A0A4F781873802000149000576616C7565787200106A6176612E6C616E672E4E756D62657286AC951D0B94E08B0200007870000000A17371007E001C0000000074000D3139322E3136382E322E3131397371007E001877080000014E32A9261878000000007371007E001C00000005707400077368656E6875697400203063373363356139313337346463336131396636623766363862336236616632740006E6B288E6999674000D3139322E3136382E322E3131397371007E001877080000014E2477B5F078000000007372002F6F72672E68696265726E6174652E636F6C6C656374696F6E2E696E7465726E616C2E50657273697374656E74426167464A645C192E1EC40200014C000362616771007E00107872003E6F72672E68696265726E6174652E636F6C6C656374696F6E2E696E7465726E616C2E416273747261637450657273697374656E74436F6C6C656374696F6E844A7E7706AE8D0B0200095A001B616C6C6F774C6F61644F7574736964655472616E73616374696F6E49000A63616368656453697A655A000564697274795A000B696E697469616C697A65644C00036B65797400164C6A6176612F696F2F53657269616C697A61626C653B4C00056F776E65727400124C6A6176612F6C616E672F4F626A6563743B4C0004726F6C6571007E000D4C001273657373696F6E466163746F72795575696471007E000D4C000E73746F726564536E617073686F7471007E002A787000FFFFFFFF000071007E001E71007E001474002D636F6D2E65617379636D732E6D616E6167656D656E742E757365722E646F6D61696E2E557365722E726F6C65737070707371007E002800FFFFFFFF000071007E001E71007E0014740032636F6D2E65617379636D732E6D616E6167656D656E742E757365722E646F6D61696E2E557365722E757365724465766963657070707371007E000C7070707071007E001571007E001670707070707070000070707400007371007E001C000000AC71007E001F707070707400086C696E646F6E677A7400203063373363356139313337346463336131396636623766363862336236616632740009E69E97E586ACE680BB74000D3139322E3136382E322E3131397371007E001877080000014E2E612BC878000000007371007E002800FFFFFFFF000071007E003271007E003071007E002D7070707371007E002800FFFFFFFF000071007E003271007E003071007E002F7070707371007E000C7070707071007E001571007E001670707070707070000074000D3139322E3136382E322E3131397371007E001877080000014E3391866078000000007400007371007E001C000000A071007E001F74000D3139322E3136382E322E3131397371007E001877080000014E33847E7078000000007371007E001C00000006707400076C696E646F6E677400203063373363356139313337346463336131396636623766363862336236616632740006E69E97E586AC74000D3139322E3136382E322E3131397371007E001877080000014E24778EE078000000007371007E002800FFFFFFFF000071007E003E71007E003A71007E002D7070707371007E002800FFFFFFFF000071007E003E71007E003A71007E002F7070707874000970726F626C656D69647371007E001C000000C97874000A6A6F625365727669636574001E70726F626C656D4175746F4368616E6765536F6C766572536572766963657800);
INSERT INTO `QRTZ_TRIGGERS` VALUES ('scheduler', '6150bae0-bb6c-4428-9ba7-27b0a29c6d8a', 'DEFAULT', 'jobDetail', 'DEFAULT', null, '1436506961405', '-1', '5', 'WAITING', 'SIMPLE', '1436506961405', '0', null, '-1', 0xACED0005737200156F72672E71756172747A2E4A6F62446174614D61709FB083E8BFA9B0CB020000787200266F72672E71756172747A2E7574696C732E537472696E674B65794469727479466C61674D61708208E8C3FBC55D280200015A0013616C6C6F77735472616E7369656E74446174617872001D6F72672E71756172747A2E7574696C732E4469727479466C61674D617013E62EAD28760ACE0200025A000564697274794C00036D617074000F4C6A6176612F7574696C2F4D61703B787001737200116A6176612E7574696C2E486173684D61700507DAC1C31660D103000246000A6C6F6164466163746F724900097468726573686F6C6478703F4000000000000C7708000000100000000274000A6A6F62446174614D61707371007E00053F4000000000000C770800000010000000027400066C656164657273720027636F6D2E65617379636D732E6D616E6167656D656E742E757365722E646F6D61696E2E5573657224EAFDE8DF4B6D230200125A000C64656661756C7441646D696E5A0005697344656C4C000E63757272656E744C6F67696E49707400124C6A6176612F6C616E672F537472696E673B4C001063757272656E744C6F67696E54696D657400104C6A6176612F7574696C2F446174653B4C0005656D61696C71007E000B4C000269647400134C6A6176612F6C616E672F496E74656765723B4C0012697344656661756C7441646D696E466C616771007E000D4C000B6C6173744C6F67696E497071007E000B4C000D6C6173744C6F67696E54696D6571007E000C4C000A6C6F67696E54696D657371007E000D4C00056D656E75737400104C6A6176612F7574696C2F4C6973743B4C00046E616D6571007E000B4C000870617373776F726471007E000B4C00087265616C6E616D6571007E000B4C000A7265676973746572497071007E000B4C000C726567697374657254696D6571007E000C4C0005726F6C657371007E000E4C000A7573657244657669636571007E000E7872001F636F6D2E65617379636D732E636F72652E666F726D2E4261736963466F726DDDE391474CEFE3EB02000D4C0006637573746F6D71007E000B5B000A646174654669656C64737400135B4C6A6176612F6C616E672F537472696E673B4C0007656E6454696D6571007E000B4C000666696C74657271007E000B4C0009666F726D617474657271007E000B4C000466756E6371007E000B5B00036964737400145B4C6A6176612F6C616E672F496E74656765723B4C00056F7264657271007E000B4C00047061676571007E000B4C000971756572795479706571007E000B4C0004726F777371007E000B4C0004736F727471007E000B4C0009737461727454696D6571007E000B787070707070740013797979792D4D4D2D64642048483A6D6D3A737374000070707070707070000074000D3139322E3136382E322E313139737200126A6176612E73716C2E54696D657374616D702618D5C80153BF650200014900056E616E6F737872000E6A6176612E7574696C2E44617465686A81014B597419030000787077080000014E57A457A87800000000740000737200116A6176612E6C616E672E496E746567657212E2A0A4F781873802000149000576616C7565787200106A6176612E6C616E672E4E756D62657286AC951D0B94E08B0200007870000000837371007E001A0000000074000D3139322E3136382E322E3131397371007E001677080000014E57A44BF078000000007371007E001A000000967074000962616E7A68616E67797400203539346166653565316638616338333832376361343334333466376461653161740006E78FADE995BF74000D3139322E3136382E322E3131397371007E001677080000014DCD25014078000000007372002F6F72672E68696265726E6174652E636F6C6C656374696F6E2E696E7465726E616C2E50657273697374656E74426167464A645C192E1EC40200014C000362616771007E000E7872003E6F72672E68696265726E6174652E636F6C6C656374696F6E2E696E7465726E616C2E416273747261637450657273697374656E74436F6C6C656374696F6E844A7E7706AE8D0B0200095A001B616C6C6F774C6F61644F7574736964655472616E73616374696F6E49000A63616368656453697A655A000564697274795A000B696E697469616C697A65644C00036B65797400164C6A6176612F696F2F53657269616C697A61626C653B4C00056F776E65727400124C6A6176612F6C616E672F4F626A6563743B4C0004726F6C6571007E000B4C001273657373696F6E466163746F72795575696471007E000B4C000E73746F726564536E617073686F7471007E0028787000FFFFFFFF000071007E001C71007E001274002D636F6D2E65617379636D732E6D616E6167656D656E742E757365722E646F6D61696E2E557365722E726F6C65737070707371007E002600FFFFFFFF000171007E001C71007E0012740032636F6D2E65617379636D732E6D616E6167656D656E742E757365722E646F6D61696E2E557365722E7573657244657669636570737200136A6176612E7574696C2E41727261794C6973747881D21D99C7619D03000149000473697A657870000000067704000000067372002D636F6D2E65617379636D732E6D616E6167656D656E742E757365722E646F6D61696E2E55736572446576696365CA4FF725EA1F08200200094C000963726561746564427971007E000B4C0009637265617465644F6E71007E000C4C000664657669636571007E000B4C0008646576696365696471007E000B4C0002696471007E000D4C000672656D61726B71007E000B4C000975706461746564427971007E000B4C0009757064617465644F6E71007E000C4C0004757365727400294C636F6D2F65617379636D732F6D616E6167656D656E742F757365722F646F6D61696E2F557365723B7871007E000F7070707071007E001371007E001470707070707070740008436F72655F4150497371007E001677080000014DCD488700780000000070740010646634666261646636616265323531367371007E001A0000001170707071007E00127371007E00307070707071007E001371007E001470707070707070740008436F72655F4150497371007E001677080000014DCD56042078000000007074000F3931396436653265636437343736367371007E001A0000001270707071007E00127371007E00307070707071007E001371007E001470707070707070740008436F72655F4150497371007E001677080000014DCE397E80780000000070740010633863326263646538333030633533637371007E001A0000001470707071007E00127371007E00307070707071007E001371007E001470707070707070740008436F72655F4150497371007E001677080000014DD38F6A48780000000070740010363764663333326631643237333036617371007E001A0000001970707071007E00127371007E00307070707071007E001371007E001470707070707070740008436F72655F4150497371007E001677080000014DF80DD670780000000070740010336632313130643230663137396464647371007E001A0000002070707071007E00127371007E00307070707071007E001371007E001470707070707070740008436F72655F4150497371007E001677080000014E021B6290780000000070740010653039336264646362636535353534397371007E001A0000002570707071007E0012787371007E002E0000000677040000000671007E003271007E003771007E003C71007E004171007E004671007E004B7874000770726F626C656D73720025636F6D2E65617379636D732E68642E70726F626C656D2E646F6D61696E2E50726F626C656D8304E2CE69395332020016490007636F6E6669726D49000F63757272656E74736F6C7665726964490002696449000469734F6B4900056C6576656C49000B6D6574686F646D616E6964490009776F727374657069644C0009636F6E6365726D616E71007E000B4C000D636F6E6365726D616E6E616D6571007E000B4C00086372656174654F6E71007E000C4C000963726561746564427971007E000B4C000D63757272656E74736F6C76657271007E000B4C0008646573637269626571007E000B4C0006647261776E6F71007E000B4C000C7175657374696F6E6E616D6571007E000B4C000672656D61726B71007E000B4C000D726F6C6C696E67506C616E496471007E000D4C0009736F6C76656461746571007E000C4C000B736F6C76656D6574686F6471007E000B4C0008757064617465427971007E000B4C00087570646174654F6E71007E000C4C000677656C646E6F71007E000B78700000000000000083000000A70000000000000000000000000000000070707371007E001777080000014E6C2FF9D47874000331373871007E0023740003646464740015303730363044592D4A505330312D4A50442D3030337400076775616E7A6875707371007E001A0000019C707070707400024D317874000A6A6F625365727669636574001E70726F626C656D4175746F4368616E6765536F6C766572536572766963657800);
INSERT INTO `QRTZ_TRIGGERS` VALUES ('scheduler', '61ad0a3c-173c-4fcc-bc67-7680d13da951', 'DEFAULT', 'jobDetail', 'DEFAULT', null, '1437120160318', '-1', '5', 'WAITING', 'SIMPLE', '1437120160318', '0', null, '-1', 0xACED0005737200156F72672E71756172747A2E4A6F62446174614D61709FB083E8BFA9B0CB020000787200266F72672E71756172747A2E7574696C732E537472696E674B65794469727479466C61674D61708208E8C3FBC55D280200015A0013616C6C6F77735472616E7369656E74446174617872001D6F72672E71756172747A2E7574696C732E4469727479466C61674D617013E62EAD28760ACE0200025A000564697274794C00036D617074000F4C6A6176612F7574696C2F4D61703B787001737200116A6176612E7574696C2E486173684D61700507DAC1C31660D103000246000A6C6F6164466163746F724900097468726573686F6C6478703F4000000000000C7708000000100000000274000A6A6F62446174614D61707371007E00053F4000000000000C770800000010000000027400076C656164657273737200136A6176612E7574696C2E41727261794C6973747881D21D99C7619D03000149000473697A6578700000000377040000000373720027636F6D2E65617379636D732E6D616E6167656D656E742E757365722E646F6D61696E2E5573657224EAFDE8DF4B6D230200125A000C64656661756C7441646D696E5A0005697344656C4C000E63757272656E744C6F67696E49707400124C6A6176612F6C616E672F537472696E673B4C001063757272656E744C6F67696E54696D657400104C6A6176612F7574696C2F446174653B4C0005656D61696C71007E000D4C000269647400134C6A6176612F6C616E672F496E74656765723B4C0012697344656661756C7441646D696E466C616771007E000F4C000B6C6173744C6F67696E497071007E000D4C000D6C6173744C6F67696E54696D6571007E000E4C000A6C6F67696E54696D657371007E000F4C00056D656E75737400104C6A6176612F7574696C2F4C6973743B4C00046E616D6571007E000D4C000870617373776F726471007E000D4C00087265616C6E616D6571007E000D4C000A7265676973746572497071007E000D4C000C726567697374657254696D6571007E000E4C0005726F6C657371007E00104C000A7573657244657669636571007E00107872001F636F6D2E65617379636D732E636F72652E666F726D2E4261736963466F726DDDE391474CEFE3EB02000D4C0006637573746F6D71007E000D5B000A646174654669656C64737400135B4C6A6176612F6C616E672F537472696E673B4C0007656E6454696D6571007E000D4C000666696C74657271007E000D4C0009666F726D617474657271007E000D4C000466756E6371007E000D5B00036964737400145B4C6A6176612F6C616E672F496E74656765723B4C00056F7264657271007E000D4C00047061676571007E000D4C000971756572795479706571007E000D4C0004726F777371007E000D4C0004736F727471007E000D4C0009737461727454696D6571007E000D787070707070740013797979792D4D4D2D64642048483A6D6D3A737374000070707070707070000074000D3139322E3136382E322E313139737200126A6176612E73716C2E54696D657374616D702618D5C80153BF650200014900056E616E6F737872000E6A6176612E7574696C2E44617465686A81014B597419030000787077080000014E331F9E387800000000740000737200116A6176612E6C616E672E496E746567657212E2A0A4F781873802000149000576616C7565787200106A6176612E6C616E672E4E756D62657286AC951D0B94E08B0200007870000000A17371007E001C0000000074000D3139322E3136382E322E3131397371007E001877080000014E32A9261878000000007371007E001C00000005707400077368656E6875697400203063373363356139313337346463336131396636623766363862336236616632740006E6B288E6999674000D3139322E3136382E322E3131397371007E001877080000014E2477B5F078000000007372002F6F72672E68696265726E6174652E636F6C6C656374696F6E2E696E7465726E616C2E50657273697374656E74426167464A645C192E1EC40200014C000362616771007E00107872003E6F72672E68696265726E6174652E636F6C6C656374696F6E2E696E7465726E616C2E416273747261637450657273697374656E74436F6C6C656374696F6E844A7E7706AE8D0B0200095A001B616C6C6F774C6F61644F7574736964655472616E73616374696F6E49000A63616368656453697A655A000564697274795A000B696E697469616C697A65644C00036B65797400164C6A6176612F696F2F53657269616C697A61626C653B4C00056F776E65727400124C6A6176612F6C616E672F4F626A6563743B4C0004726F6C6571007E000D4C001273657373696F6E466163746F72795575696471007E000D4C000E73746F726564536E617073686F7471007E002A787000FFFFFFFF000071007E001E71007E001474002D636F6D2E65617379636D732E6D616E6167656D656E742E757365722E646F6D61696E2E557365722E726F6C65737070707371007E002800FFFFFFFF000071007E001E71007E0014740032636F6D2E65617379636D732E6D616E6167656D656E742E757365722E646F6D61696E2E557365722E757365724465766963657070707371007E000C7070707071007E001571007E001670707070707070000070707400007371007E001C000000AC71007E001F707070707400086C696E646F6E677A7400203063373363356139313337346463336131396636623766363862336236616632740009E69E97E586ACE680BB74000D3139322E3136382E322E3131397371007E001877080000014E2E612BC878000000007371007E002800FFFFFFFF000071007E003271007E003071007E002D7070707371007E002800FFFFFFFF000071007E003271007E003071007E002F7070707371007E000C7070707071007E001571007E001670707070707070000074000D3139322E3136382E322E3131397371007E001877080000014E3391866078000000007400007371007E001C000000A071007E001F74000D3139322E3136382E322E3131397371007E001877080000014E33847E7078000000007371007E001C00000006707400076C696E646F6E677400203063373363356139313337346463336131396636623766363862336236616632740006E69E97E586AC74000D3139322E3136382E322E3131397371007E001877080000014E24778EE078000000007371007E002800FFFFFFFF000071007E003E71007E003A71007E002D7070707371007E002800FFFFFFFF000071007E003E71007E003A71007E002F7070707874000970726F626C656D69647371007E001C000000C37874000A6A6F625365727669636574001E70726F626C656D4175746F4368616E6765536F6C766572536572766963657800);
INSERT INTO `QRTZ_TRIGGERS` VALUES ('scheduler', '6c26b6fc-535a-4e81-b239-5dc325fca0e4', 'DEFAULT', 'jobDetail', 'DEFAULT', null, '1437399393226', '-1', '5', 'WAITING', 'SIMPLE', '1437399393226', '0', null, '-1', 0xACED0005737200156F72672E71756172747A2E4A6F62446174614D61709FB083E8BFA9B0CB020000787200266F72672E71756172747A2E7574696C732E537472696E674B65794469727479466C61674D61708208E8C3FBC55D280200015A0013616C6C6F77735472616E7369656E74446174617872001D6F72672E71756172747A2E7574696C732E4469727479466C61674D617013E62EAD28760ACE0200025A000564697274794C00036D617074000F4C6A6176612F7574696C2F4D61703B787001737200116A6176612E7574696C2E486173684D61700507DAC1C31660D103000246000A6C6F6164466163746F724900097468726573686F6C6478703F4000000000000C7708000000100000000274000A6A6F62446174614D61707371007E00053F4000000000000C770800000010000000027400076C656164657273737200136A6176612E7574696C2E41727261794C6973747881D21D99C7619D03000149000473697A6578700000000177040000000173720027636F6D2E65617379636D732E6D616E6167656D656E742E757365722E646F6D61696E2E5573657224EAFDE8DF4B6D230200125A000C64656661756C7441646D696E5A0005697344656C4C000E63757272656E744C6F67696E49707400124C6A6176612F6C616E672F537472696E673B4C001063757272656E744C6F67696E54696D657400104C6A6176612F7574696C2F446174653B4C0005656D61696C71007E000D4C000269647400134C6A6176612F6C616E672F496E74656765723B4C0012697344656661756C7441646D696E466C616771007E000F4C000B6C6173744C6F67696E497071007E000D4C000D6C6173744C6F67696E54696D6571007E000E4C000A6C6F67696E54696D657371007E000F4C00056D656E75737400104C6A6176612F7574696C2F4C6973743B4C00046E616D6571007E000D4C000870617373776F726471007E000D4C00087265616C6E616D6571007E000D4C000A7265676973746572497071007E000D4C000C726567697374657254696D6571007E000E4C0005726F6C657371007E00104C000A7573657244657669636571007E00107872001F636F6D2E65617379636D732E636F72652E666F726D2E4261736963466F726DDDE391474CEFE3EB02000D4C0006637573746F6D71007E000D5B000A646174654669656C64737400135B4C6A6176612F6C616E672F537472696E673B4C0007656E6454696D6571007E000D4C000666696C74657271007E000D4C0009666F726D617474657271007E000D4C000466756E6371007E000D5B00036964737400145B4C6A6176612F6C616E672F496E74656765723B4C00056F7264657271007E000D4C00047061676571007E000D4C000971756572795479706571007E000D4C0004726F777371007E000D4C0004736F727471007E000D4C0009737461727454696D6571007E000D787070707070740013797979792D4D4D2D64642048483A6D6D3A737374000070707070707070000074000D3139322E3136382E322E313139737200126A6176612E73716C2E54696D657374616D702618D5C80153BF650200014900056E616E6F737872000E6A6176612E7574696C2E44617465686A81014B597419030000787077080000014E9C250A307800000000740000737200116A6176612E6C616E672E496E746567657212E2A0A4F781873802000149000576616C7565787200106A6176612E6C616E672E4E756D62657286AC951D0B94E08B0200007870000000B37371007E001C0000000074000D3139322E3136382E322E3131397371007E001877080000014E976C96E878000000007371007E001C000000B47074000C736F6E6767756F7169616E677400203063373363356139313337346463336131396636623766363862336236616632740009E5AE8BE59BBDE5BCBA74000D3139322E3136382E322E3131397371007E001877080000014E2E64D16078000000007372002F6F72672E68696265726E6174652E636F6C6C656374696F6E2E696E7465726E616C2E50657273697374656E74426167464A645C192E1EC40200014C000362616771007E00107872003E6F72672E68696265726E6174652E636F6C6C656374696F6E2E696E7465726E616C2E416273747261637450657273697374656E74436F6C6C656374696F6E844A7E7706AE8D0B0200095A001B616C6C6F774C6F61644F7574736964655472616E73616374696F6E49000A63616368656453697A655A000564697274795A000B696E697469616C697A65644C00036B65797400164C6A6176612F696F2F53657269616C697A61626C653B4C00056F776E65727400124C6A6176612F6C616E672F4F626A6563743B4C0004726F6C6571007E000D4C001273657373696F6E466163746F72795575696471007E000D4C000E73746F726564536E617073686F7471007E002A787000FFFFFFFF000071007E001E71007E001474002D636F6D2E65617379636D732E6D616E6167656D656E742E757365722E646F6D61696E2E557365722E726F6C65737070707371007E002800FFFFFFFF000171007E001E71007E0014740032636F6D2E65617379636D732E6D616E6167656D656E742E757365722E646F6D61696E2E557365722E75736572446576696365707371007E000A000000017704000000017372002D636F6D2E65617379636D732E6D616E6167656D656E742E757365722E646F6D61696E2E55736572446576696365CA4FF725EA1F08200200094C000963726561746564427971007E000D4C0009637265617465644F6E71007E000E4C000664657669636571007E000D4C0008646576696365696471007E000D4C0002696471007E000F4C000672656D61726B71007E000D4C000975706461746564427971007E000D4C0009757064617465644F6E71007E000E4C0004757365727400294C636F6D2F65617379636D732F6D616E6167656D656E742F757365722F646F6D61696E2F557365723B7871007E00117070707071007E001571007E001670707070707070740008436F72655F4150497371007E001877080000014E97624648780000000070740010633435643634363166306437366636347371007E001C0000008C70707071007E0014787371007E000A0000000177040000000171007E0033787874000970726F626C656D69647371007E001C000000CC7874000A6A6F625365727669636574001E70726F626C656D4175746F4368616E6765536F6C766572536572766963657800);
INSERT INTO `QRTZ_TRIGGERS` VALUES ('scheduler', '6d412381-df59-4c2d-8716-952eb9ec11e5', 'DEFAULT', 'jobDetail', 'DEFAULT', null, '1437298869841', '-1', '5', 'WAITING', 'SIMPLE', '1437298869841', '0', null, '-1', 0xACED0005737200156F72672E71756172747A2E4A6F62446174614D61709FB083E8BFA9B0CB020000787200266F72672E71756172747A2E7574696C732E537472696E674B65794469727479466C61674D61708208E8C3FBC55D280200015A0013616C6C6F77735472616E7369656E74446174617872001D6F72672E71756172747A2E7574696C732E4469727479466C61674D617013E62EAD28760ACE0200025A000564697274794C00036D617074000F4C6A6176612F7574696C2F4D61703B787001737200116A6176612E7574696C2E486173684D61700507DAC1C31660D103000246000A6C6F6164466163746F724900097468726573686F6C6478703F4000000000000C7708000000100000000274000A6A6F62446174614D61707371007E00053F4000000000000C770800000010000000027400076C656164657273737200136A6176612E7574696C2E41727261794C6973747881D21D99C7619D03000149000473697A6578700000000177040000000173720027636F6D2E65617379636D732E6D616E6167656D656E742E757365722E646F6D61696E2E5573657224EAFDE8DF4B6D230200125A000C64656661756C7441646D696E5A0005697344656C4C000E63757272656E744C6F67696E49707400124C6A6176612F6C616E672F537472696E673B4C001063757272656E744C6F67696E54696D657400104C6A6176612F7574696C2F446174653B4C0005656D61696C71007E000D4C000269647400134C6A6176612F6C616E672F496E74656765723B4C0012697344656661756C7441646D696E466C616771007E000F4C000B6C6173744C6F67696E497071007E000D4C000D6C6173744C6F67696E54696D6571007E000E4C000A6C6F67696E54696D657371007E000F4C00056D656E75737400104C6A6176612F7574696C2F4C6973743B4C00046E616D6571007E000D4C000870617373776F726471007E000D4C00087265616C6E616D6571007E000D4C000A7265676973746572497071007E000D4C000C726567697374657254696D6571007E000E4C0005726F6C657371007E00104C000A7573657244657669636571007E00107872001F636F6D2E65617379636D732E636F72652E666F726D2E4261736963466F726DDDE391474CEFE3EB02000D4C0006637573746F6D71007E000D5B000A646174654669656C64737400135B4C6A6176612F6C616E672F537472696E673B4C0007656E6454696D6571007E000D4C000666696C74657271007E000D4C0009666F726D617474657271007E000D4C000466756E6371007E000D5B00036964737400145B4C6A6176612F6C616E672F496E74656765723B4C00056F7264657271007E000D4C00047061676571007E000D4C000971756572795479706571007E000D4C0004726F777371007E000D4C0004736F727471007E000D4C0009737461727454696D6571007E000D787070707070740013797979792D4D4D2D64642048483A6D6D3A737374000070707070707070000074000D3139322E3136382E322E313139737200126A6176612E73716C2E54696D657374616D702618D5C80153BF650200014900056E616E6F737872000E6A6176612E7574696C2E44617465686A81014B597419030000787077080000014E962F73687800000000740000737200116A6176612E6C616E672E496E746567657212E2A0A4F781873802000149000576616C7565787200106A6176612E6C616E672E4E756D62657286AC951D0B94E08B0200007870000000B37371007E001C0000000074000D3139322E3136382E322E3131397371007E001877080000014E962AE75878000000007371007E001C000000A97074000C736F6E6767756F7169616E677400203063373363356139313337346463336131396636623766363862336236616632740009E5AE8BE59BBDE5BCBA74000D3139322E3136382E322E3131397371007E001877080000014E2E64D16078000000007372002F6F72672E68696265726E6174652E636F6C6C656374696F6E2E696E7465726E616C2E50657273697374656E74426167464A645C192E1EC40200014C000362616771007E00107872003E6F72672E68696265726E6174652E636F6C6C656374696F6E2E696E7465726E616C2E416273747261637450657273697374656E74436F6C6C656374696F6E844A7E7706AE8D0B0200095A001B616C6C6F774C6F61644F7574736964655472616E73616374696F6E49000A63616368656453697A655A000564697274795A000B696E697469616C697A65644C00036B65797400164C6A6176612F696F2F53657269616C697A61626C653B4C00056F776E65727400124C6A6176612F6C616E672F4F626A6563743B4C0004726F6C6571007E000D4C001273657373696F6E466163746F72795575696471007E000D4C000E73746F726564536E617073686F7471007E002A787000FFFFFFFF000071007E001E71007E001474002D636F6D2E65617379636D732E6D616E6167656D656E742E757365722E646F6D61696E2E557365722E726F6C65737070707371007E002800FFFFFFFF000171007E001E71007E0014740032636F6D2E65617379636D732E6D616E6167656D656E742E757365722E646F6D61696E2E557365722E75736572446576696365707371007E000A000000077704000000077372002D636F6D2E65617379636D732E6D616E6167656D656E742E757365722E646F6D61696E2E55736572446576696365CA4FF725EA1F08200200094C000963726561746564427971007E000D4C0009637265617465644F6E71007E000E4C000664657669636571007E000D4C0008646576696365696471007E000D4C0002696471007E000F4C000672656D61726B71007E000D4C000975706461746564427971007E000D4C0009757064617465644F6E71007E000E4C0004757365727400294C636F6D2F65617379636D732F6D616E6167656D656E742F757365722F646F6D61696E2F557365723B7871007E00117070707071007E001571007E001670707070707070740008436F72655F4150497371007E001877080000014E2F0A2D68780000000070740010373939303336316535306562333335627371007E001C0000003470707071007E00147371007E00317070707071007E001571007E001670707070707070740008436F72655F4150497371007E001877080000014E2F0A7B88780000000070740010653039336264646362636535353534397371007E001C0000003570707071007E00147371007E00317070707071007E001571007E001670707070707070740008436F72655F4150497371007E001877080000014E301311E8780000000070740010633435643634363166306437366636347371007E001C0000003770707071007E00147371007E00317070707071007E001571007E001670707070707070740008436F72655F4150497371007E001877080000014E32A63FE8780000000070740010666434383930386163633837656565337371007E001C0000003C70707071007E00147371007E00317070707071007E001571007E001670707070707070740008436F72655F4150497371007E001877080000014E4A42AB00780000000070740010363764663333326631643237333036617371007E001C0000007270707071007E00147371007E00317070707071007E001571007E001670707070707070740008436F72655F4150497371007E001877080000014E57961B2078000000007074000F3931396436653265636437343736367371007E001C0000007770707071007E00147371007E00317070707071007E001571007E001670707070707070740008436F72655F4150497371007E001877080000014E57AB8F50780000000070740010326339636535323730316535316563647371007E001C0000007870707071007E0014787371007E000A0000000777040000000771007E003371007E003871007E003D71007E004271007E004771007E004C71007E0051787874000970726F626C656D69647371007E001C000000C57874000A6A6F625365727669636574001E70726F626C656D4175746F4368616E6765536F6C766572536572766963657800);
INSERT INTO `QRTZ_TRIGGERS` VALUES ('scheduler', '750230f5-d5bb-420a-83ba-60ee46bd7e8d', 'DEFAULT', 'jobDetail', 'DEFAULT', null, '1437318169220', '-1', '5', 'WAITING', 'SIMPLE', '1437318169220', '0', null, '-1', 0xACED0005737200156F72672E71756172747A2E4A6F62446174614D61709FB083E8BFA9B0CB020000787200266F72672E71756172747A2E7574696C732E537472696E674B65794469727479466C61674D61708208E8C3FBC55D280200015A0013616C6C6F77735472616E7369656E74446174617872001D6F72672E71756172747A2E7574696C732E4469727479466C61674D617013E62EAD28760ACE0200025A000564697274794C00036D617074000F4C6A6176612F7574696C2F4D61703B787001737200116A6176612E7574696C2E486173684D61700507DAC1C31660D103000246000A6C6F6164466163746F724900097468726573686F6C6478703F4000000000000C7708000000100000000274000A6A6F62446174614D61707371007E00053F4000000000000C770800000010000000027400076C656164657273737200136A6176612E7574696C2E41727261794C6973747881D21D99C7619D03000149000473697A6578700000000177040000000173720027636F6D2E65617379636D732E6D616E6167656D656E742E757365722E646F6D61696E2E5573657224EAFDE8DF4B6D230200125A000C64656661756C7441646D696E5A0005697344656C4C000E63757272656E744C6F67696E49707400124C6A6176612F6C616E672F537472696E673B4C001063757272656E744C6F67696E54696D657400104C6A6176612F7574696C2F446174653B4C0005656D61696C71007E000D4C000269647400134C6A6176612F6C616E672F496E74656765723B4C0012697344656661756C7441646D696E466C616771007E000F4C000B6C6173744C6F67696E497071007E000D4C000D6C6173744C6F67696E54696D6571007E000E4C000A6C6F67696E54696D657371007E000F4C00056D656E75737400104C6A6176612F7574696C2F4C6973743B4C00046E616D6571007E000D4C000870617373776F726471007E000D4C00087265616C6E616D6571007E000D4C000A7265676973746572497071007E000D4C000C726567697374657254696D6571007E000E4C0005726F6C657371007E00104C000A7573657244657669636571007E00107872001F636F6D2E65617379636D732E636F72652E666F726D2E4261736963466F726DDDE391474CEFE3EB02000D4C0006637573746F6D71007E000D5B000A646174654669656C64737400135B4C6A6176612F6C616E672F537472696E673B4C0007656E6454696D6571007E000D4C000666696C74657271007E000D4C0009666F726D617474657271007E000D4C000466756E6371007E000D5B00036964737400145B4C6A6176612F6C616E672F496E74656765723B4C00056F7264657271007E000D4C00047061676571007E000D4C000971756572795479706571007E000D4C0004726F777371007E000D4C0004736F727471007E000D4C0009737461727454696D6571007E000D787070707070740013797979792D4D4D2D64642048483A6D6D3A737374000070707070707070000074000D3139322E3136382E322E3131397372000E6A6176612E7574696C2E44617465686A81014B597419030000787077080000014E976246B078740000737200116A6176612E6C616E672E496E746567657212E2A0A4F781873802000149000576616C7565787200106A6176612E6C616E672E4E756D62657286AC951D0B94E08B0200007870000000B37371007E001B0000000074000D3139322E3136382E322E313139737200126A6176612E73716C2E54696D657374616D702618D5C80153BF650200014900056E616E6F737871007E001877080000014E975C184078000000007371007E001B000000B17074000C736F6E6767756F7169616E677400203063373363356139313337346463336131396636623766363862336236616632740009E5AE8BE59BBDE5BCBA74000D3139322E3136382E322E3131397371007E002077080000014E2E64D16078000000007372002F6F72672E68696265726E6174652E636F6C6C656374696F6E2E696E7465726E616C2E50657273697374656E74426167464A645C192E1EC40200014C000362616771007E00107872003E6F72672E68696265726E6174652E636F6C6C656374696F6E2E696E7465726E616C2E416273747261637450657273697374656E74436F6C6C656374696F6E844A7E7706AE8D0B0200095A001B616C6C6F774C6F61644F7574736964655472616E73616374696F6E49000A63616368656453697A655A000564697274795A000B696E697469616C697A65644C00036B65797400164C6A6176612F696F2F53657269616C697A61626C653B4C00056F776E65727400124C6A6176612F6C616E672F4F626A6563743B4C0004726F6C6571007E000D4C001273657373696F6E466163746F72795575696471007E000D4C000E73746F726564536E617073686F7471007E002A787000FFFFFFFF00007371007E001B000000B371007E001474002D636F6D2E65617379636D732E6D616E6167656D656E742E757365722E646F6D61696E2E557365722E726F6C65737070707371007E002800FFFFFFFF000171007E002D71007E0014740032636F6D2E65617379636D732E6D616E6167656D656E742E757365722E646F6D61696E2E557365722E75736572446576696365707371007E000A000000017704000000017372002D636F6D2E65617379636D732E6D616E6167656D656E742E757365722E646F6D61696E2E55736572446576696365CA4FF725EA1F08200200094C000963726561746564427971007E000D4C0009637265617465644F6E71007E000E4C000664657669636571007E000D4C0008646576696365696471007E000D4C0002696471007E000F4C000672656D61726B71007E000D4C000975706461746564427971007E000D4C0009757064617465644F6E71007E000E4C0004757365727400294C636F6D2F65617379636D732F6D616E6167656D656E742F757365722F646F6D61696E2F557365723B7871007E00117070707071007E001571007E001670707070707070740008436F72655F4150497371007E002077080000014E97624648780000000070740010633435643634363166306437366636347371007E001B0000008C70707071007E0014787371007E000A0000000177040000000171007E0034787874000970726F626C656D69647371007E001B000000C97874000A6A6F625365727669636574001E70726F626C656D4175746F4368616E6765536F6C766572536572766963657800);
INSERT INTO `QRTZ_TRIGGERS` VALUES ('scheduler', '82d6970e-ead1-4653-9ca5-f2f62763f65e', 'DEFAULT', 'jobDetail', 'DEFAULT', null, '1437117392191', '-1', '5', 'WAITING', 'SIMPLE', '1437117392191', '0', null, '-1', 0xACED0005737200156F72672E71756172747A2E4A6F62446174614D61709FB083E8BFA9B0CB020000787200266F72672E71756172747A2E7574696C732E537472696E674B65794469727479466C61674D61708208E8C3FBC55D280200015A0013616C6C6F77735472616E7369656E74446174617872001D6F72672E71756172747A2E7574696C732E4469727479466C61674D617013E62EAD28760ACE0200025A000564697274794C00036D617074000F4C6A6176612F7574696C2F4D61703B787001737200116A6176612E7574696C2E486173684D61700507DAC1C31660D103000246000A6C6F6164466163746F724900097468726573686F6C6478703F4000000000000C7708000000100000000274000A6A6F62446174614D61707371007E00053F4000000000000C770800000010000000027400076C656164657273737200136A6176612E7574696C2E41727261794C6973747881D21D99C7619D03000149000473697A6578700000000177040000000173720027636F6D2E65617379636D732E6D616E6167656D656E742E757365722E646F6D61696E2E5573657224EAFDE8DF4B6D230200125A000C64656661756C7441646D696E5A0005697344656C4C000E63757272656E744C6F67696E49707400124C6A6176612F6C616E672F537472696E673B4C001063757272656E744C6F67696E54696D657400104C6A6176612F7574696C2F446174653B4C0005656D61696C71007E000D4C000269647400134C6A6176612F6C616E672F496E74656765723B4C0012697344656661756C7441646D696E466C616771007E000F4C000B6C6173744C6F67696E497071007E000D4C000D6C6173744C6F67696E54696D6571007E000E4C000A6C6F67696E54696D657371007E000F4C00056D656E75737400104C6A6176612F7574696C2F4C6973743B4C00046E616D6571007E000D4C000870617373776F726471007E000D4C00087265616C6E616D6571007E000D4C000A7265676973746572497071007E000D4C000C726567697374657254696D6571007E000E4C0005726F6C657371007E00104C000A7573657244657669636571007E00107872001F636F6D2E65617379636D732E636F72652E666F726D2E4261736963466F726DDDE391474CEFE3EB02000D4C0006637573746F6D71007E000D5B000A646174654669656C64737400135B4C6A6176612F6C616E672F537472696E673B4C0007656E6454696D6571007E000D4C000666696C74657271007E000D4C0009666F726D617474657271007E000D4C000466756E6371007E000D5B00036964737400145B4C6A6176612F6C616E672F496E74656765723B4C00056F7264657271007E000D4C00047061676571007E000D4C000971756572795479706571007E000D4C0004726F777371007E000D4C0004736F727471007E000D4C0009737461727454696D6571007E000D787070707070740013797979792D4D4D2D64642048483A6D6D3A737374000070707070707070000074000D3139322E3136382E322E313139737200126A6176612E73716C2E54696D657374616D702618D5C80153BF650200014900056E616E6F737872000E6A6176612E7574696C2E44617465686A81014B597419030000787077080000014E8B68DC307800000000740000737200116A6176612E6C616E672E496E746567657212E2A0A4F781873802000149000576616C7565787200106A6176612E6C616E672E4E756D62657286AC951D0B94E08B0200007870000000B37371007E001C0000000074000D3139322E3136382E322E3131397371007E001877080000014E8B67CAC078000000007371007E001C000000A07074000C736F6E6767756F7169616E677400203063373363356139313337346463336131396636623766363862336236616632740009E5AE8BE59BBDE5BCBA74000D3139322E3136382E322E3131397371007E001877080000014E2E64D16078000000007372002F6F72672E68696265726E6174652E636F6C6C656374696F6E2E696E7465726E616C2E50657273697374656E74426167464A645C192E1EC40200014C000362616771007E00107872003E6F72672E68696265726E6174652E636F6C6C656374696F6E2E696E7465726E616C2E416273747261637450657273697374656E74436F6C6C656374696F6E844A7E7706AE8D0B0200095A001B616C6C6F774C6F61644F7574736964655472616E73616374696F6E49000A63616368656453697A655A000564697274795A000B696E697469616C697A65644C00036B65797400164C6A6176612F696F2F53657269616C697A61626C653B4C00056F776E65727400124C6A6176612F6C616E672F4F626A6563743B4C0004726F6C6571007E000D4C001273657373696F6E466163746F72795575696471007E000D4C000E73746F726564536E617073686F7471007E002A787000FFFFFFFF00007371007E001C000000B371007E001474002D636F6D2E65617379636D732E6D616E6167656D656E742E757365722E646F6D61696E2E557365722E726F6C65737070707371007E002800FFFFFFFF000171007E002D71007E0014740032636F6D2E65617379636D732E6D616E6167656D656E742E757365722E646F6D61696E2E557365722E75736572446576696365707371007E000A000000077704000000077372002D636F6D2E65617379636D732E6D616E6167656D656E742E757365722E646F6D61696E2E55736572446576696365CA4FF725EA1F08200200094C000963726561746564427971007E000D4C0009637265617465644F6E71007E000E4C000664657669636571007E000D4C0008646576696365696471007E000D4C0002696471007E000F4C000672656D61726B71007E000D4C000975706461746564427971007E000D4C0009757064617465644F6E71007E000E4C0004757365727400294C636F6D2F65617379636D732F6D616E6167656D656E742F757365722F646F6D61696E2F557365723B7871007E00117070707071007E001571007E001670707070707070740008436F72655F4150497371007E001877080000014E2F0A2D68780000000070740010373939303336316535306562333335627371007E001C0000003470707071007E00147371007E00327070707071007E001571007E001670707070707070740008436F72655F4150497371007E001877080000014E2F0A7B88780000000070740010653039336264646362636535353534397371007E001C0000003570707071007E00147371007E00327070707071007E001571007E001670707070707070740008436F72655F4150497371007E001877080000014E301311E8780000000070740010633435643634363166306437366636347371007E001C0000003770707071007E00147371007E00327070707071007E001571007E001670707070707070740008436F72655F4150497371007E001877080000014E32A63FE8780000000070740010666434383930386163633837656565337371007E001C0000003C70707071007E00147371007E00327070707071007E001571007E001670707070707070740008436F72655F4150497371007E001877080000014E4A42AB00780000000070740010363764663333326631643237333036617371007E001C0000007270707071007E00147371007E00327070707071007E001571007E001670707070707070740008436F72655F4150497371007E001877080000014E57961B2078000000007074000F3931396436653265636437343736367371007E001C0000007770707071007E00147371007E00327070707071007E001571007E001670707070707070740008436F72655F4150497371007E001877080000014E57AB8F50780000000070740010326339636535323730316535316563647371007E001C0000007870707071007E0014787371007E000A0000000777040000000771007E003471007E003971007E003E71007E004371007E004871007E004D71007E0052787874000970726F626C656D69647371007E001C000000C27874000A6A6F625365727669636574001E70726F626C656D4175746F4368616E6765536F6C766572536572766963657800);
INSERT INTO `QRTZ_TRIGGERS` VALUES ('scheduler', '82ff2cf6-ca53-4d42-8a3b-bc383444618b', 'DEFAULT', 'jobDetail', 'DEFAULT', null, '1437115758741', '-1', '5', 'WAITING', 'SIMPLE', '1437115758741', '0', null, '-1', 0xACED0005737200156F72672E71756172747A2E4A6F62446174614D61709FB083E8BFA9B0CB020000787200266F72672E71756172747A2E7574696C732E537472696E674B65794469727479466C61674D61708208E8C3FBC55D280200015A0013616C6C6F77735472616E7369656E74446174617872001D6F72672E71756172747A2E7574696C732E4469727479466C61674D617013E62EAD28760ACE0200025A000564697274794C00036D617074000F4C6A6176612F7574696C2F4D61703B787001737200116A6176612E7574696C2E486173684D61700507DAC1C31660D103000246000A6C6F6164466163746F724900097468726573686F6C6478703F4000000000000C7708000000100000000274000A6A6F62446174614D61707371007E00053F4000000000000C770800000010000000027400076C656164657273737200136A6176612E7574696C2E41727261794C6973747881D21D99C7619D03000149000473697A6578700000000177040000000173720027636F6D2E65617379636D732E6D616E6167656D656E742E757365722E646F6D61696E2E5573657224EAFDE8DF4B6D230200125A000C64656661756C7441646D696E5A0005697344656C4C000E63757272656E744C6F67696E49707400124C6A6176612F6C616E672F537472696E673B4C001063757272656E744C6F67696E54696D657400104C6A6176612F7574696C2F446174653B4C0005656D61696C71007E000D4C000269647400134C6A6176612F6C616E672F496E74656765723B4C0012697344656661756C7441646D696E466C616771007E000F4C000B6C6173744C6F67696E497071007E000D4C000D6C6173744C6F67696E54696D6571007E000E4C000A6C6F67696E54696D657371007E000F4C00056D656E75737400104C6A6176612F7574696C2F4C6973743B4C00046E616D6571007E000D4C000870617373776F726471007E000D4C00087265616C6E616D6571007E000D4C000A7265676973746572497071007E000D4C000C726567697374657254696D6571007E000E4C0005726F6C657371007E00104C000A7573657244657669636571007E00107872001F636F6D2E65617379636D732E636F72652E666F726D2E4261736963466F726DDDE391474CEFE3EB02000D4C0006637573746F6D71007E000D5B000A646174654669656C64737400135B4C6A6176612F6C616E672F537472696E673B4C0007656E6454696D6571007E000D4C000666696C74657271007E000D4C0009666F726D617474657271007E000D4C000466756E6371007E000D5B00036964737400145B4C6A6176612F6C616E672F496E74656765723B4C00056F7264657271007E000D4C00047061676571007E000D4C000971756572795479706571007E000D4C0004726F777371007E000D4C0004736F727471007E000D4C0009737461727454696D6571007E000D787070707070740013797979792D4D4D2D64642048483A6D6D3A737374000070707070707070000074000D3139322E3136382E322E313139737200126A6176612E73716C2E54696D657374616D702618D5C80153BF650200014900056E616E6F737872000E6A6176612E7574696C2E44617465686A81014B597419030000787077080000014E8B2255807800000000740000737200116A6176612E6C616E672E496E746567657212E2A0A4F781873802000149000576616C7565787200106A6176612E6C616E672E4E756D62657286AC951D0B94E08B0200007870000000B37371007E001C0000000074000D3139322E3136382E322E3131397371007E001877080000014E8B1F6B6878000000007371007E001C0000009D7074000C736F6E6767756F7169616E677400203063373363356139313337346463336131396636623766363862336236616632740009E5AE8BE59BBDE5BCBA74000D3139322E3136382E322E3131397371007E001877080000014E2E64D16078000000007372002F6F72672E68696265726E6174652E636F6C6C656374696F6E2E696E7465726E616C2E50657273697374656E74426167464A645C192E1EC40200014C000362616771007E00107872003E6F72672E68696265726E6174652E636F6C6C656374696F6E2E696E7465726E616C2E416273747261637450657273697374656E74436F6C6C656374696F6E844A7E7706AE8D0B0200095A001B616C6C6F774C6F61644F7574736964655472616E73616374696F6E49000A63616368656453697A655A000564697274795A000B696E697469616C697A65644C00036B65797400164C6A6176612F696F2F53657269616C697A61626C653B4C00056F776E65727400124C6A6176612F6C616E672F4F626A6563743B4C0004726F6C6571007E000D4C001273657373696F6E466163746F72795575696471007E000D4C000E73746F726564536E617073686F7471007E002A787000FFFFFFFF000071007E001E71007E001474002D636F6D2E65617379636D732E6D616E6167656D656E742E757365722E646F6D61696E2E557365722E726F6C65737070707371007E002800FFFFFFFF000171007E001E71007E0014740032636F6D2E65617379636D732E6D616E6167656D656E742E757365722E646F6D61696E2E557365722E75736572446576696365707371007E000A000000077704000000077372002D636F6D2E65617379636D732E6D616E6167656D656E742E757365722E646F6D61696E2E55736572446576696365CA4FF725EA1F08200200094C000963726561746564427971007E000D4C0009637265617465644F6E71007E000E4C000664657669636571007E000D4C0008646576696365696471007E000D4C0002696471007E000F4C000672656D61726B71007E000D4C000975706461746564427971007E000D4C0009757064617465644F6E71007E000E4C0004757365727400294C636F6D2F65617379636D732F6D616E6167656D656E742F757365722F646F6D61696E2F557365723B7871007E00117070707071007E001571007E001670707070707070740008436F72655F4150497371007E001877080000014E2F0A2D68780000000070740010373939303336316535306562333335627371007E001C0000003470707071007E00147371007E00317070707071007E001571007E001670707070707070740008436F72655F4150497371007E001877080000014E2F0A7B88780000000070740010653039336264646362636535353534397371007E001C0000003570707071007E00147371007E00317070707071007E001571007E001670707070707070740008436F72655F4150497371007E001877080000014E301311E8780000000070740010633435643634363166306437366636347371007E001C0000003770707071007E00147371007E00317070707071007E001571007E001670707070707070740008436F72655F4150497371007E001877080000014E32A63FE8780000000070740010666434383930386163633837656565337371007E001C0000003C70707071007E00147371007E00317070707071007E001571007E001670707070707070740008436F72655F4150497371007E001877080000014E4A42AB00780000000070740010363764663333326631643237333036617371007E001C0000007270707071007E00147371007E00317070707071007E001571007E001670707070707070740008436F72655F4150497371007E001877080000014E57961B2078000000007074000F3931396436653265636437343736367371007E001C0000007770707071007E00147371007E00317070707071007E001571007E001670707070707070740008436F72655F4150497371007E001877080000014E57AB8F50780000000070740010326339636535323730316535316563647371007E001C0000007870707071007E0014787371007E000A0000000777040000000771007E003371007E003871007E003D71007E004271007E004771007E004C71007E0051787874000970726F626C656D69647371007E001C000000BF7874000A6A6F625365727669636574001E70726F626C656D4175746F4368616E6765536F6C766572536572766963657800);
INSERT INTO `QRTZ_TRIGGERS` VALUES ('scheduler', '86566729-257e-4b4f-9c96-8935e807c508', 'DEFAULT', 'jobDetail', 'DEFAULT', null, '1437029123935', '-1', '5', 'WAITING', 'SIMPLE', '1437029123935', '0', null, '-1', 0xACED0005737200156F72672E71756172747A2E4A6F62446174614D61709FB083E8BFA9B0CB020000787200266F72672E71756172747A2E7574696C732E537472696E674B65794469727479466C61674D61708208E8C3FBC55D280200015A0013616C6C6F77735472616E7369656E74446174617872001D6F72672E71756172747A2E7574696C732E4469727479466C61674D617013E62EAD28760ACE0200025A000564697274794C00036D617074000F4C6A6176612F7574696C2F4D61703B787001737200116A6176612E7574696C2E486173684D61700507DAC1C31660D103000246000A6C6F6164466163746F724900097468726573686F6C6478703F4000000000000C7708000000100000000274000A6A6F62446174614D61707371007E00053F4000000000000C770800000010000000027400076C656164657273737200136A6176612E7574696C2E41727261794C6973747881D21D99C7619D03000149000473697A6578700000000277040000000273720027636F6D2E65617379636D732E6D616E6167656D656E742E757365722E646F6D61696E2E5573657224EAFDE8DF4B6D230200125A000C64656661756C7441646D696E5A0005697344656C4C000E63757272656E744C6F67696E49707400124C6A6176612F6C616E672F537472696E673B4C001063757272656E744C6F67696E54696D657400104C6A6176612F7574696C2F446174653B4C0005656D61696C71007E000D4C000269647400134C6A6176612F6C616E672F496E74656765723B4C0012697344656661756C7441646D696E466C616771007E000F4C000B6C6173744C6F67696E497071007E000D4C000D6C6173744C6F67696E54696D6571007E000E4C000A6C6F67696E54696D657371007E000F4C00056D656E75737400104C6A6176612F7574696C2F4C6973743B4C00046E616D6571007E000D4C000870617373776F726471007E000D4C00087265616C6E616D6571007E000D4C000A7265676973746572497071007E000D4C000C726567697374657254696D6571007E000E4C0005726F6C657371007E00104C000A7573657244657669636571007E00107872001F636F6D2E65617379636D732E636F72652E666F726D2E4261736963466F726DDDE391474CEFE3EB02000D4C0006637573746F6D71007E000D5B000A646174654669656C64737400135B4C6A6176612F6C616E672F537472696E673B4C0007656E6454696D6571007E000D4C000666696C74657271007E000D4C0009666F726D617474657271007E000D4C000466756E6371007E000D5B00036964737400145B4C6A6176612F6C616E672F496E74656765723B4C00056F7264657271007E000D4C00047061676571007E000D4C000971756572795479706571007E000D4C0004726F777371007E000D4C0004736F727471007E000D4C0009737461727454696D6571007E000D787070707070740013797979792D4D4D2D64642048483A6D6D3A737374000070707070707070000074000F303A303A303A303A303A303A303A31737200126A6176612E73716C2E54696D657374616D702618D5C80153BF650200014900056E616E6F737872000E6A6176612E7574696C2E44617465686A81014B597419030000787077080000014E764139D87800000000740000737200116A6176612E6C616E672E496E746567657212E2A0A4F781873802000149000576616C7565787200106A6176612E6C616E672E4E756D62657286AC951D0B94E08B0200007870000000837371007E001C0000000074000D3139322E3136382E322E3131397371007E001877080000014E57A457A878000000007371007E001C000000977074000862616E7A68616E677400203539346166653565316638616338333832376361343334333466376461653161740006E78FADE995BF74000D3139322E3136382E322E3131397371007E001877080000014DCD25014078000000007372002F6F72672E68696265726E6174652E636F6C6C656374696F6E2E696E7465726E616C2E50657273697374656E74426167464A645C192E1EC40200014C000362616771007E00107872003E6F72672E68696265726E6174652E636F6C6C656374696F6E2E696E7465726E616C2E416273747261637450657273697374656E74436F6C6C656374696F6E844A7E7706AE8D0B0200095A001B616C6C6F774C6F61644F7574736964655472616E73616374696F6E49000A63616368656453697A655A000564697274795A000B696E697469616C697A65644C00036B65797400164C6A6176612F696F2F53657269616C697A61626C653B4C00056F776E65727400124C6A6176612F6C616E672F4F626A6563743B4C0004726F6C6571007E000D4C001273657373696F6E466163746F72795575696471007E000D4C000E73746F726564536E617073686F7471007E002A787000FFFFFFFF000071007E001E71007E001474002D636F6D2E65617379636D732E6D616E6167656D656E742E757365722E646F6D61696E2E557365722E726F6C65737070707371007E002800FFFFFFFF000171007E001E71007E0014740032636F6D2E65617379636D732E6D616E6167656D656E742E757365722E646F6D61696E2E557365722E75736572446576696365707371007E000A000000067704000000067372002D636F6D2E65617379636D732E6D616E6167656D656E742E757365722E646F6D61696E2E55736572446576696365CA4FF725EA1F08200200094C000963726561746564427971007E000D4C0009637265617465644F6E71007E000E4C000664657669636571007E000D4C0008646576696365696471007E000D4C0002696471007E000F4C000672656D61726B71007E000D4C000975706461746564427971007E000D4C0009757064617465644F6E71007E000E4C0004757365727400294C636F6D2F65617379636D732F6D616E6167656D656E742F757365722F646F6D61696E2F557365723B7871007E00117070707071007E001571007E001670707070707070740008436F72655F4150497371007E001877080000014DCD488700780000000070740010646634666261646636616265323531367371007E001C0000001170707071007E00147371007E00317070707071007E001571007E001670707070707070740008436F72655F4150497371007E001877080000014DCD56042078000000007074000F3931396436653265636437343736367371007E001C0000001270707071007E00147371007E00317070707071007E001571007E001670707070707070740008436F72655F4150497371007E001877080000014DCE397E80780000000070740010633863326263646538333030633533637371007E001C0000001470707071007E00147371007E00317070707071007E001571007E001670707070707070740008436F72655F4150497371007E001877080000014DD38F6A48780000000070740010363764663333326631643237333036617371007E001C0000001970707071007E00147371007E00317070707071007E001571007E001670707070707070740008436F72655F4150497371007E001877080000014DF80DD670780000000070740010336632313130643230663137396464647371007E001C0000002070707071007E00147371007E00317070707071007E001571007E001670707070707070740008436F72655F4150497371007E001877080000014E021B6290780000000070740010653039336264646362636535353534397371007E001C0000002570707071007E0014787371007E000A0000000677040000000671007E003371007E003871007E003D71007E004271007E004771007E004C787371007E000C7070707071007E001571007E001670707070707070000074000D3139322E3136382E322E3131397371007E001877080000014E85FC8DF078000000007400007371007E001C000000B371007E001F74000D3139322E3136382E322E3131397371007E001877080000014E8569B43078000000007371007E001C000000987074000C736F6E6767756F7169616E677400203063373363356139313337346463336131396636623766363862336236616632740009E5AE8BE59BBDE5BCBA74000D3139322E3136382E322E3131397371007E001877080000014E2E64D16078000000007371007E002800FFFFFFFF000071007E005671007E005271007E002D7070707371007E002800FFFFFFFF000171007E005671007E005271007E002F707371007E000A000000077704000000077371007E00317070707071007E001571007E001670707070707070740008436F72655F4150497371007E001877080000014E2F0A2D68780000000070740010373939303336316535306562333335627371007E001C0000003470707071007E00527371007E00317070707071007E001571007E001670707070707070740008436F72655F4150497371007E001877080000014E2F0A7B88780000000070740010653039336264646362636535353534397371007E001C0000003570707071007E00527371007E00317070707071007E001571007E001670707070707070740008436F72655F4150497371007E001877080000014E301311E8780000000070740010633435643634363166306437366636347371007E001C0000003770707071007E00527371007E00317070707071007E001571007E001670707070707070740008436F72655F4150497371007E001877080000014E32A63FE8780000000070740010666434383930386163633837656565337371007E001C0000003C70707071007E00527371007E00317070707071007E001571007E001670707070707070740008436F72655F4150497371007E001877080000014E4A42AB00780000000070740010363764663333326631643237333036617371007E001C0000007270707071007E00527371007E00317070707071007E001571007E001670707070707070740008436F72655F4150497371007E001877080000014E57961B2078000000007074000F3931396436653265636437343736367371007E001C0000007770707071007E00527371007E00317070707071007E001571007E001670707070707070740008436F72655F4150497371007E001877080000014E57AB8F50780000000070740010326339636535323730316535316563647371007E001C0000007870707071007E0052787371007E000A0000000777040000000771007E006271007E006771007E006C71007E007171007E007671007E007B71007E0080787874000970726F626C656D69647371007E001C000000BD7874000A6A6F625365727669636574001E70726F626C656D4175746F4368616E6765536F6C766572536572766963657800);
INSERT INTO `QRTZ_TRIGGERS` VALUES ('scheduler', '895932c3-899d-4ba2-92a6-292a9689c5e7', 'DEFAULT', 'jobDetail', 'DEFAULT', null, '1436790663063', '-1', '5', 'WAITING', 'SIMPLE', '1436790663063', '0', null, '-1', 0xACED0005737200156F72672E71756172747A2E4A6F62446174614D61709FB083E8BFA9B0CB020000787200266F72672E71756172747A2E7574696C732E537472696E674B65794469727479466C61674D61708208E8C3FBC55D280200015A0013616C6C6F77735472616E7369656E74446174617872001D6F72672E71756172747A2E7574696C732E4469727479466C61674D617013E62EAD28760ACE0200025A000564697274794C00036D617074000F4C6A6176612F7574696C2F4D61703B787001737200116A6176612E7574696C2E486173684D61700507DAC1C31660D103000246000A6C6F6164466163746F724900097468726573686F6C6478703F4000000000000C7708000000100000000274000A6A6F62446174614D61707371007E00053F4000000000000C770800000010000000027400076C656164657273737200136A6176612E7574696C2E41727261794C6973747881D21D99C7619D03000149000473697A6578700000000277040000000273720027636F6D2E65617379636D732E6D616E6167656D656E742E757365722E646F6D61696E2E5573657224EAFDE8DF4B6D230200125A000C64656661756C7441646D696E5A0005697344656C4C000E63757272656E744C6F67696E49707400124C6A6176612F6C616E672F537472696E673B4C001063757272656E744C6F67696E54696D657400104C6A6176612F7574696C2F446174653B4C0005656D61696C71007E000D4C000269647400134C6A6176612F6C616E672F496E74656765723B4C0012697344656661756C7441646D696E466C616771007E000F4C000B6C6173744C6F67696E497071007E000D4C000D6C6173744C6F67696E54696D6571007E000E4C000A6C6F67696E54696D657371007E000F4C00056D656E75737400104C6A6176612F7574696C2F4C6973743B4C00046E616D6571007E000D4C000870617373776F726471007E000D4C00087265616C6E616D6571007E000D4C000A7265676973746572497071007E000D4C000C726567697374657254696D6571007E000E4C0005726F6C657371007E00104C000A7573657244657669636571007E00107872001F636F6D2E65617379636D732E636F72652E666F726D2E4261736963466F726DDDE391474CEFE3EB02000D4C0006637573746F6D71007E000D5B000A646174654669656C64737400135B4C6A6176612F6C616E672F537472696E673B4C0007656E6454696D6571007E000D4C000666696C74657271007E000D4C0009666F726D617474657271007E000D4C000466756E6371007E000D5B00036964737400145B4C6A6176612F6C616E672F496E74656765723B4C00056F7264657271007E000D4C00047061676571007E000D4C000971756572795479706571007E000D4C0004726F777371007E000D4C0004736F727471007E000D4C0009737461727454696D6571007E000D787070707070740013797979792D4D4D2D64642048483A6D6D3A737374000070707070707070000074000F303A303A303A303A303A303A303A31737200126A6176612E73716C2E54696D657374616D702618D5C80153BF650200014900056E616E6F737872000E6A6176612E7574696C2E44617465686A81014B597419030000787077080000014E764139D87800000000740000737200116A6176612E6C616E672E496E746567657212E2A0A4F781873802000149000576616C7565787200106A6176612E6C616E672E4E756D62657286AC951D0B94E08B0200007870000000837371007E001C0000000074000D3139322E3136382E322E3131397371007E001877080000014E57A457A878000000007371007E001C000000977074000862616E7A68616E677400203539346166653565316638616338333832376361343334333466376461653161740006E78FADE995BF74000D3139322E3136382E322E3131397371007E001877080000014DCD25014078000000007372002F6F72672E68696265726E6174652E636F6C6C656374696F6E2E696E7465726E616C2E50657273697374656E74426167464A645C192E1EC40200014C000362616771007E00107872003E6F72672E68696265726E6174652E636F6C6C656374696F6E2E696E7465726E616C2E416273747261637450657273697374656E74436F6C6C656374696F6E844A7E7706AE8D0B0200095A001B616C6C6F774C6F61644F7574736964655472616E73616374696F6E49000A63616368656453697A655A000564697274795A000B696E697469616C697A65644C00036B65797400164C6A6176612F696F2F53657269616C697A61626C653B4C00056F776E65727400124C6A6176612F6C616E672F4F626A6563743B4C0004726F6C6571007E000D4C001273657373696F6E466163746F72795575696471007E000D4C000E73746F726564536E617073686F7471007E002A787000FFFFFFFF000071007E001E71007E001474002D636F6D2E65617379636D732E6D616E6167656D656E742E757365722E646F6D61696E2E557365722E726F6C65737070707371007E002800FFFFFFFF000171007E001E71007E0014740032636F6D2E65617379636D732E6D616E6167656D656E742E757365722E646F6D61696E2E557365722E75736572446576696365707371007E000A000000067704000000067372002D636F6D2E65617379636D732E6D616E6167656D656E742E757365722E646F6D61696E2E55736572446576696365CA4FF725EA1F08200200094C000963726561746564427971007E000D4C0009637265617465644F6E71007E000E4C000664657669636571007E000D4C0008646576696365696471007E000D4C0002696471007E000F4C000672656D61726B71007E000D4C000975706461746564427971007E000D4C0009757064617465644F6E71007E000E4C0004757365727400294C636F6D2F65617379636D732F6D616E6167656D656E742F757365722F646F6D61696E2F557365723B7871007E00117070707071007E001571007E001670707070707070740008436F72655F4150497371007E001877080000014DCD488700780000000070740010646634666261646636616265323531367371007E001C0000001170707071007E00147371007E00317070707071007E001571007E001670707070707070740008436F72655F4150497371007E001877080000014DCD56042078000000007074000F3931396436653265636437343736367371007E001C0000001270707071007E00147371007E00317070707071007E001571007E001670707070707070740008436F72655F4150497371007E001877080000014DCE397E80780000000070740010633863326263646538333030633533637371007E001C0000001470707071007E00147371007E00317070707071007E001571007E001670707070707070740008436F72655F4150497371007E001877080000014DD38F6A48780000000070740010363764663333326631643237333036617371007E001C0000001970707071007E00147371007E00317070707071007E001571007E001670707070707070740008436F72655F4150497371007E001877080000014DF80DD670780000000070740010336632313130643230663137396464647371007E001C0000002070707071007E00147371007E00317070707071007E001571007E001670707070707070740008436F72655F4150497371007E001877080000014E021B6290780000000070740010653039336264646362636535353534397371007E001C0000002570707071007E0014787371007E000A0000000677040000000671007E003371007E003871007E003D71007E004271007E004771007E004C787371007E000C7070707071007E001571007E001670707070707070000074000D3139322E3136382E322E3131397371007E001877080000014E77F1EF4878000000007400007371007E001C000000B371007E001F74000D3139322E3136382E322E3131397371007E001877080000014E77F108D078000000007371007E001C0000008E7074000C736F6E6767756F7169616E677400203063373363356139313337346463336131396636623766363862336236616632740009E5AE8BE59BBDE5BCBA74000D3139322E3136382E322E3131397371007E001877080000014E2E64D16078000000007371007E002800FFFFFFFF000071007E005671007E005271007E002D7070707371007E002800FFFFFFFF000171007E005671007E005271007E002F707371007E000A000000077704000000077371007E00317070707071007E001571007E001670707070707070740008436F72655F4150497371007E001877080000014E2F0A2D68780000000070740010373939303336316535306562333335627371007E001C0000003470707071007E00527371007E00317070707071007E001571007E001670707070707070740008436F72655F4150497371007E001877080000014E2F0A7B88780000000070740010653039336264646362636535353534397371007E001C0000003570707071007E00527371007E00317070707071007E001571007E001670707070707070740008436F72655F4150497371007E001877080000014E301311E8780000000070740010633435643634363166306437366636347371007E001C0000003770707071007E00527371007E00317070707071007E001571007E001670707070707070740008436F72655F4150497371007E001877080000014E32A63FE8780000000070740010666434383930386163633837656565337371007E001C0000003C70707071007E00527371007E00317070707071007E001571007E001670707070707070740008436F72655F4150497371007E001877080000014E4A42AB00780000000070740010363764663333326631643237333036617371007E001C0000007270707071007E00527371007E00317070707071007E001571007E001670707070707070740008436F72655F4150497371007E001877080000014E57961B2078000000007074000F3931396436653265636437343736367371007E001C0000007770707071007E00527371007E00317070707071007E001571007E001670707070707070740008436F72655F4150497371007E001877080000014E57AB8F50780000000070740010326339636535323730316535316563647371007E001C0000007870707071007E0052787371007E000A0000000777040000000771007E006271007E006771007E006C71007E007171007E007671007E007B71007E0080787874000970726F626C656D69647371007E001C000000B97874000A6A6F625365727669636574001E70726F626C656D4175746F4368616E6765536F6C766572536572766963657800);
INSERT INTO `QRTZ_TRIGGERS` VALUES ('scheduler', '8ac1b36b-7442-4222-babf-169d3c9a8ea5', 'DEFAULT', 'jobDetail', 'DEFAULT', null, '1436619821944', '-1', '5', 'WAITING', 'SIMPLE', '1436619821944', '0', null, '-1', 0xACED0005737200156F72672E71756172747A2E4A6F62446174614D61709FB083E8BFA9B0CB020000787200266F72672E71756172747A2E7574696C732E537472696E674B65794469727479466C61674D61708208E8C3FBC55D280200015A0013616C6C6F77735472616E7369656E74446174617872001D6F72672E71756172747A2E7574696C732E4469727479466C61674D617013E62EAD28760ACE0200025A000564697274794C00036D617074000F4C6A6176612F7574696C2F4D61703B787001737200116A6176612E7574696C2E486173684D61700507DAC1C31660D103000246000A6C6F6164466163746F724900097468726573686F6C6478703F4000000000000C7708000000100000000274000A6A6F62446174614D61707371007E00053F4000000000000C770800000010000000027400066C6561646572737200116A6176612E6C616E672E496E746567657212E2A0A4F781873802000149000576616C7565787200106A6176612E6C616E672E4E756D62657286AC951D0B94E08B02000078700000008374000770726F626C656D73720025636F6D2E65617379636D732E68642E70726F626C656D2E646F6D61696E2E50726F626C656D8304E2CE69395332020016490007636F6E6669726D49000F63757272656E74736F6C7665726964490002696449000469734F6B4900056C6576656C49000B6D6574686F646D616E6964490009776F727374657069644C0009636F6E6365726D616E7400124C6A6176612F6C616E672F537472696E673B4C000D636F6E6365726D616E6E616D6571007E000F4C00086372656174654F6E7400104C6A6176612F7574696C2F446174653B4C000963726561746564427971007E000F4C000D63757272656E74736F6C76657271007E000F4C0008646573637269626571007E000F4C0006647261776E6F71007E000F4C000C7175657374696F6E6E616D6571007E000F4C000672656D61726B71007E000F4C000D726F6C6C696E67506C616E49647400134C6A6176612F6C616E672F496E74656765723B4C0009736F6C76656461746571007E00104C000B736F6C76656D6574686F6471007E000F4C0008757064617465427971007E000F4C00087570646174654F6E71007E00104C000677656C646E6F71007E000F787000000000000000B3000000A90000000000000000000000000000000070740010E78FADE995BF7CE5AE8BE59BBDE5BCBA7372000E6A6176612E7574696C2E44617465686A81014B597419030000787077080000014E72EA199A78740003313738740009E5AE8BE59BBDE5BCBA740003636363740015303730363044592D4A505330312D4A50442D303033740003676667707371007E000A000001DB707070707400034D31367874000A6A6F625365727669636574001E70726F626C656D4175746F4368616E6765536F6C766572536572766963657800);
INSERT INTO `QRTZ_TRIGGERS` VALUES ('scheduler', '906715fd-4737-4b91-8dac-6a7f0079855a', 'DEFAULT', 'jobDetail', 'DEFAULT', null, '1437029354349', '-1', '5', 'WAITING', 'SIMPLE', '1437029354349', '0', null, '-1', 0xACED0005737200156F72672E71756172747A2E4A6F62446174614D61709FB083E8BFA9B0CB020000787200266F72672E71756172747A2E7574696C732E537472696E674B65794469727479466C61674D61708208E8C3FBC55D280200015A0013616C6C6F77735472616E7369656E74446174617872001D6F72672E71756172747A2E7574696C732E4469727479466C61674D617013E62EAD28760ACE0200025A000564697274794C00036D617074000F4C6A6176612F7574696C2F4D61703B787001737200116A6176612E7574696C2E486173684D61700507DAC1C31660D103000246000A6C6F6164466163746F724900097468726573686F6C6478703F4000000000000C7708000000100000000274000A6A6F62446174614D61707371007E00053F4000000000000C770800000010000000027400076C656164657273737200136A6176612E7574696C2E41727261794C6973747881D21D99C7619D03000149000473697A6578700000000377040000000373720027636F6D2E65617379636D732E6D616E6167656D656E742E757365722E646F6D61696E2E5573657224EAFDE8DF4B6D230200125A000C64656661756C7441646D696E5A0005697344656C4C000E63757272656E744C6F67696E49707400124C6A6176612F6C616E672F537472696E673B4C001063757272656E744C6F67696E54696D657400104C6A6176612F7574696C2F446174653B4C0005656D61696C71007E000D4C000269647400134C6A6176612F6C616E672F496E74656765723B4C0012697344656661756C7441646D696E466C616771007E000F4C000B6C6173744C6F67696E497071007E000D4C000D6C6173744C6F67696E54696D6571007E000E4C000A6C6F67696E54696D657371007E000F4C00056D656E75737400104C6A6176612F7574696C2F4C6973743B4C00046E616D6571007E000D4C000870617373776F726471007E000D4C00087265616C6E616D6571007E000D4C000A7265676973746572497071007E000D4C000C726567697374657254696D6571007E000E4C0005726F6C657371007E00104C000A7573657244657669636571007E00107872001F636F6D2E65617379636D732E636F72652E666F726D2E4261736963466F726DDDE391474CEFE3EB02000D4C0006637573746F6D71007E000D5B000A646174654669656C64737400135B4C6A6176612F6C616E672F537472696E673B4C0007656E6454696D6571007E000D4C000666696C74657271007E000D4C0009666F726D617474657271007E000D4C000466756E6371007E000D5B00036964737400145B4C6A6176612F6C616E672F496E74656765723B4C00056F7264657271007E000D4C00047061676571007E000D4C000971756572795479706571007E000D4C0004726F777371007E000D4C0004736F727471007E000D4C0009737461727454696D6571007E000D787070707070740013797979792D4D4D2D64642048483A6D6D3A737374000070707070707070000074000D3139322E3136382E322E313139737200126A6176612E73716C2E54696D657374616D702618D5C80153BF650200014900056E616E6F737872000E6A6176612E7574696C2E44617465686A81014B597419030000787077080000014E331F9E387800000000740000737200116A6176612E6C616E672E496E746567657212E2A0A4F781873802000149000576616C7565787200106A6176612E6C616E672E4E756D62657286AC951D0B94E08B0200007870000000A17371007E001C0000000074000D3139322E3136382E322E3131397371007E001877080000014E32A9261878000000007371007E001C00000005707400077368656E6875697400203063373363356139313337346463336131396636623766363862336236616632740006E6B288E6999674000D3139322E3136382E322E3131397371007E001877080000014E2477B5F078000000007372002F6F72672E68696265726E6174652E636F6C6C656374696F6E2E696E7465726E616C2E50657273697374656E74426167464A645C192E1EC40200014C000362616771007E00107872003E6F72672E68696265726E6174652E636F6C6C656374696F6E2E696E7465726E616C2E416273747261637450657273697374656E74436F6C6C656374696F6E844A7E7706AE8D0B0200095A001B616C6C6F774C6F61644F7574736964655472616E73616374696F6E49000A63616368656453697A655A000564697274795A000B696E697469616C697A65644C00036B65797400164C6A6176612F696F2F53657269616C697A61626C653B4C00056F776E65727400124C6A6176612F6C616E672F4F626A6563743B4C0004726F6C6571007E000D4C001273657373696F6E466163746F72795575696471007E000D4C000E73746F726564536E617073686F7471007E002A787000FFFFFFFF000071007E001E71007E001474002D636F6D2E65617379636D732E6D616E6167656D656E742E757365722E646F6D61696E2E557365722E726F6C65737070707371007E002800FFFFFFFF000071007E001E71007E0014740032636F6D2E65617379636D732E6D616E6167656D656E742E757365722E646F6D61696E2E557365722E757365724465766963657070707371007E000C7070707071007E001571007E001670707070707070000070707400007371007E001C000000AC71007E001F707070707400086C696E646F6E677A7400203063373363356139313337346463336131396636623766363862336236616632740009E69E97E586ACE680BB74000D3139322E3136382E322E3131397371007E001877080000014E2E612BC878000000007371007E002800FFFFFFFF000071007E003271007E003071007E002D7070707371007E002800FFFFFFFF000071007E003271007E003071007E002F7070707371007E000C7070707071007E001571007E001670707070707070000074000D3139322E3136382E322E3131397371007E001877080000014E3391866078000000007400007371007E001C000000A071007E001F74000D3139322E3136382E322E3131397371007E001877080000014E33847E7078000000007371007E001C00000006707400076C696E646F6E677400203063373363356139313337346463336131396636623766363862336236616632740006E69E97E586AC74000D3139322E3136382E322E3131397371007E001877080000014E24778EE078000000007371007E002800FFFFFFFF000071007E003E71007E003A71007E002D7070707371007E002800FFFFFFFF000071007E003E71007E003A71007E002F7070707874000970726F626C656D69647371007E001C000000BC7874000A6A6F625365727669636574001E70726F626C656D4175746F4368616E6765536F6C766572536572766963657800);
INSERT INTO `QRTZ_TRIGGERS` VALUES ('scheduler', 'a91bc4ae-1b74-420d-834e-f73e9c91b551', 'DEFAULT', 'jobDetail', 'DEFAULT', null, '1437315648266', '-1', '5', 'WAITING', 'SIMPLE', '1437315648266', '0', null, '-1', 0xACED0005737200156F72672E71756172747A2E4A6F62446174614D61709FB083E8BFA9B0CB020000787200266F72672E71756172747A2E7574696C732E537472696E674B65794469727479466C61674D61708208E8C3FBC55D280200015A0013616C6C6F77735472616E7369656E74446174617872001D6F72672E71756172747A2E7574696C732E4469727479466C61674D617013E62EAD28760ACE0200025A000564697274794C00036D617074000F4C6A6176612F7574696C2F4D61703B787001737200116A6176612E7574696C2E486173684D61700507DAC1C31660D103000246000A6C6F6164466163746F724900097468726573686F6C6478703F4000000000000C7708000000100000000274000A6A6F62446174614D61707371007E00053F4000000000000C770800000010000000027400076C656164657273737200136A6176612E7574696C2E41727261794C6973747881D21D99C7619D03000149000473697A6578700000000177040000000173720027636F6D2E65617379636D732E6D616E6167656D656E742E757365722E646F6D61696E2E5573657224EAFDE8DF4B6D230200125A000C64656661756C7441646D696E5A0005697344656C4C000E63757272656E744C6F67696E49707400124C6A6176612F6C616E672F537472696E673B4C001063757272656E744C6F67696E54696D657400104C6A6176612F7574696C2F446174653B4C0005656D61696C71007E000D4C000269647400134C6A6176612F6C616E672F496E74656765723B4C0012697344656661756C7441646D696E466C616771007E000F4C000B6C6173744C6F67696E497071007E000D4C000D6C6173744C6F67696E54696D6571007E000E4C000A6C6F67696E54696D657371007E000F4C00056D656E75737400104C6A6176612F7574696C2F4C6973743B4C00046E616D6571007E000D4C000870617373776F726471007E000D4C00087265616C6E616D6571007E000D4C000A7265676973746572497071007E000D4C000C726567697374657254696D6571007E000E4C0005726F6C657371007E00104C000A7573657244657669636571007E00107872001F636F6D2E65617379636D732E636F72652E666F726D2E4261736963466F726DDDE391474CEFE3EB02000D4C0006637573746F6D71007E000D5B000A646174654669656C64737400135B4C6A6176612F6C616E672F537472696E673B4C0007656E6454696D6571007E000D4C000666696C74657271007E000D4C0009666F726D617474657271007E000D4C000466756E6371007E000D5B00036964737400145B4C6A6176612F6C616E672F496E74656765723B4C00056F7264657271007E000D4C00047061676571007E000D4C000971756572795479706571007E000D4C0004726F777371007E000D4C0004736F727471007E000D4C0009737461727454696D6571007E000D787070707070740013797979792D4D4D2D64642048483A6D6D3A737374000070707070707070000074000D3139322E3136382E322E313139737200126A6176612E73716C2E54696D657374616D702618D5C80153BF650200014900056E616E6F737872000E6A6176612E7574696C2E44617465686A81014B597419030000787077080000014E96CC53907800000000740000737200116A6176612E6C616E672E496E746567657212E2A0A4F781873802000149000576616C7565787200106A6176612E6C616E672E4E756D62657286AC951D0B94E08B0200007870000000B37371007E001C0000000074000D3139322E3136382E322E3131397371007E001877080000014E9643A74878000000007371007E001C000000AC7074000C736F6E6767756F7169616E677400203063373363356139313337346463336131396636623766363862336236616632740009E5AE8BE59BBDE5BCBA74000D3139322E3136382E322E3131397371007E001877080000014E2E64D16078000000007372002F6F72672E68696265726E6174652E636F6C6C656374696F6E2E696E7465726E616C2E50657273697374656E74426167464A645C192E1EC40200014C000362616771007E00107872003E6F72672E68696265726E6174652E636F6C6C656374696F6E2E696E7465726E616C2E416273747261637450657273697374656E74436F6C6C656374696F6E844A7E7706AE8D0B0200095A001B616C6C6F774C6F61644F7574736964655472616E73616374696F6E49000A63616368656453697A655A000564697274795A000B696E697469616C697A65644C00036B65797400164C6A6176612F696F2F53657269616C697A61626C653B4C00056F776E65727400124C6A6176612F6C616E672F4F626A6563743B4C0004726F6C6571007E000D4C001273657373696F6E466163746F72795575696471007E000D4C000E73746F726564536E617073686F7471007E002A787000FFFFFFFF000071007E001E71007E001474002D636F6D2E65617379636D732E6D616E6167656D656E742E757365722E646F6D61696E2E557365722E726F6C65737070707371007E002800FFFFFFFF000171007E001E71007E0014740032636F6D2E65617379636D732E6D616E6167656D656E742E757365722E646F6D61696E2E557365722E75736572446576696365707371007E000A000000077704000000077372002D636F6D2E65617379636D732E6D616E6167656D656E742E757365722E646F6D61696E2E55736572446576696365CA4FF725EA1F08200200094C000963726561746564427971007E000D4C0009637265617465644F6E71007E000E4C000664657669636571007E000D4C0008646576696365696471007E000D4C0002696471007E000F4C000672656D61726B71007E000D4C000975706461746564427971007E000D4C0009757064617465644F6E71007E000E4C0004757365727400294C636F6D2F65617379636D732F6D616E6167656D656E742F757365722F646F6D61696E2F557365723B7871007E00117070707071007E001571007E001670707070707070740008436F72655F4150497371007E001877080000014E2F0A2D68780000000070740010373939303336316535306562333335627371007E001C0000003470707071007E00147371007E00317070707071007E001571007E001670707070707070740008436F72655F4150497371007E001877080000014E2F0A7B88780000000070740010653039336264646362636535353534397371007E001C0000003570707071007E00147371007E00317070707071007E001571007E001670707070707070740008436F72655F4150497371007E001877080000014E301311E8780000000070740010633435643634363166306437366636347371007E001C0000003770707071007E00147371007E00317070707071007E001571007E001670707070707070740008436F72655F4150497371007E001877080000014E32A63FE8780000000070740010666434383930386163633837656565337371007E001C0000003C70707071007E00147371007E00317070707071007E001571007E001670707070707070740008436F72655F4150497371007E001877080000014E4A42AB00780000000070740010363764663333326631643237333036617371007E001C0000007270707071007E00147371007E00317070707071007E001571007E001670707070707070740008436F72655F4150497371007E001877080000014E57961B2078000000007074000F3931396436653265636437343736367371007E001C0000007770707071007E00147371007E00317070707071007E001571007E001670707070707070740008436F72655F4150497371007E001877080000014E57AB8F50780000000070740010326339636535323730316535316563647371007E001C0000007870707071007E0014787371007E000A0000000777040000000771007E003371007E003871007E003D71007E004271007E004771007E004C71007E0051787874000970726F626C656D69647371007E001C000000C87874000A6A6F625365727669636574001E70726F626C656D4175746F4368616E6765536F6C766572536572766963657800);
INSERT INTO `QRTZ_TRIGGERS` VALUES ('scheduler', 'abe5eff2-e5aa-4993-9d91-508fddee74bf', 'DEFAULT', 'jobDetail', 'DEFAULT', null, '1436765884577', '-1', '5', 'WAITING', 'SIMPLE', '1436765884577', '0', null, '-1', 0xACED0005737200156F72672E71756172747A2E4A6F62446174614D61709FB083E8BFA9B0CB020000787200266F72672E71756172747A2E7574696C732E537472696E674B65794469727479466C61674D61708208E8C3FBC55D280200015A0013616C6C6F77735472616E7369656E74446174617872001D6F72672E71756172747A2E7574696C732E4469727479466C61674D617013E62EAD28760ACE0200025A000564697274794C00036D617074000F4C6A6176612F7574696C2F4D61703B787001737200116A6176612E7574696C2E486173684D61700507DAC1C31660D103000246000A6C6F6164466163746F724900097468726573686F6C6478703F4000000000000C7708000000100000000274000A6A6F62446174614D61707371007E00053F4000000000000C770800000010000000027400076C656164657273737200136A6176612E7574696C2E41727261794C6973747881D21D99C7619D03000149000473697A6578700000000277040000000273720027636F6D2E65617379636D732E6D616E6167656D656E742E757365722E646F6D61696E2E5573657224EAFDE8DF4B6D230200125A000C64656661756C7441646D696E5A0005697344656C4C000E63757272656E744C6F67696E49707400124C6A6176612F6C616E672F537472696E673B4C001063757272656E744C6F67696E54696D657400104C6A6176612F7574696C2F446174653B4C0005656D61696C71007E000D4C000269647400134C6A6176612F6C616E672F496E74656765723B4C0012697344656661756C7441646D696E466C616771007E000F4C000B6C6173744C6F67696E497071007E000D4C000D6C6173744C6F67696E54696D6571007E000E4C000A6C6F67696E54696D657371007E000F4C00056D656E75737400104C6A6176612F7574696C2F4C6973743B4C00046E616D6571007E000D4C000870617373776F726471007E000D4C00087265616C6E616D6571007E000D4C000A7265676973746572497071007E000D4C000C726567697374657254696D6571007E000E4C0005726F6C657371007E00104C000A7573657244657669636571007E00107872001F636F6D2E65617379636D732E636F72652E666F726D2E4261736963466F726DDDE391474CEFE3EB02000D4C0006637573746F6D71007E000D5B000A646174654669656C64737400135B4C6A6176612F6C616E672F537472696E673B4C0007656E6454696D6571007E000D4C000666696C74657271007E000D4C0009666F726D617474657271007E000D4C000466756E6371007E000D5B00036964737400145B4C6A6176612F6C616E672F496E74656765723B4C00056F7264657271007E000D4C00047061676571007E000D4C000971756572795479706571007E000D4C0004726F777371007E000D4C0004736F727471007E000D4C0009737461727454696D6571007E000D787070707070740013797979792D4D4D2D64642048483A6D6D3A737374000070707070707070000074000F303A303A303A303A303A303A303A31737200126A6176612E73716C2E54696D657374616D702618D5C80153BF650200014900056E616E6F737872000E6A6176612E7574696C2E44617465686A81014B597419030000787077080000014E764139D87800000000740000737200116A6176612E6C616E672E496E746567657212E2A0A4F781873802000149000576616C7565787200106A6176612E6C616E672E4E756D62657286AC951D0B94E08B0200007870000000837371007E001C0000000074000D3139322E3136382E322E3131397371007E001877080000014E57A457A878000000007371007E001C000000977074000862616E7A68616E677400203539346166653565316638616338333832376361343334333466376461653161740006E78FADE995BF74000D3139322E3136382E322E3131397371007E001877080000014DCD25014078000000007372002F6F72672E68696265726E6174652E636F6C6C656374696F6E2E696E7465726E616C2E50657273697374656E74426167464A645C192E1EC40200014C000362616771007E00107872003E6F72672E68696265726E6174652E636F6C6C656374696F6E2E696E7465726E616C2E416273747261637450657273697374656E74436F6C6C656374696F6E844A7E7706AE8D0B0200095A001B616C6C6F774C6F61644F7574736964655472616E73616374696F6E49000A63616368656453697A655A000564697274795A000B696E697469616C697A65644C00036B65797400164C6A6176612F696F2F53657269616C697A61626C653B4C00056F776E65727400124C6A6176612F6C616E672F4F626A6563743B4C0004726F6C6571007E000D4C001273657373696F6E466163746F72795575696471007E000D4C000E73746F726564536E617073686F7471007E002A787000FFFFFFFF00007371007E001C0000008371007E001474002D636F6D2E65617379636D732E6D616E6167656D656E742E757365722E646F6D61696E2E557365722E726F6C65737070707371007E002800FFFFFFFF000171007E002D71007E0014740032636F6D2E65617379636D732E6D616E6167656D656E742E757365722E646F6D61696E2E557365722E75736572446576696365707371007E000A000000067704000000067372002D636F6D2E65617379636D732E6D616E6167656D656E742E757365722E646F6D61696E2E55736572446576696365CA4FF725EA1F08200200094C000963726561746564427971007E000D4C0009637265617465644F6E71007E000E4C000664657669636571007E000D4C0008646576696365696471007E000D4C0002696471007E000F4C000672656D61726B71007E000D4C000975706461746564427971007E000D4C0009757064617465644F6E71007E000E4C0004757365727400294C636F6D2F65617379636D732F6D616E6167656D656E742F757365722F646F6D61696E2F557365723B7871007E00117070707071007E001571007E001670707070707070740008436F72655F4150497371007E001877080000014DCD488700780000000070740010646634666261646636616265323531367371007E001C0000001170707071007E00147371007E00327070707071007E001571007E001670707070707070740008436F72655F4150497371007E001877080000014DCD56042078000000007074000F3931396436653265636437343736367371007E001C0000001270707071007E00147371007E00327070707071007E001571007E001670707070707070740008436F72655F4150497371007E001877080000014DCE397E80780000000070740010633863326263646538333030633533637371007E001C0000001470707071007E00147371007E00327070707071007E001571007E001670707070707070740008436F72655F4150497371007E001877080000014DD38F6A48780000000070740010363764663333326631643237333036617371007E001C0000001970707071007E00147371007E00327070707071007E001571007E001670707070707070740008436F72655F4150497371007E001877080000014DF80DD670780000000070740010336632313130643230663137396464647371007E001C0000002070707071007E00147371007E00327070707071007E001571007E001670707070707070740008436F72655F4150497371007E001877080000014E021B6290780000000070740010653039336264646362636535353534397371007E001C0000002570707071007E0014787371007E000A0000000677040000000671007E003471007E003971007E003E71007E004371007E004871007E004D787371007E000C7070707071007E001571007E001670707070707070000074000F303A303A303A303A303A303A303A317371007E001877080000014E76437BF878000000007400007371007E001C000000B371007E001F74000F303A303A303A303A303A303A303A317371007E001877080000014E763D423878000000007371007E001C000000867074000C736F6E6767756F7169616E677400203063373363356139313337346463336131396636623766363862336236616632740009E5AE8BE59BBDE5BCBA74000D3139322E3136382E322E3131397371007E001877080000014E2E64D16078000000007371007E002800FFFFFFFF000071007E005771007E005371007E002E7070707371007E002800FFFFFFFF000171007E005771007E005371007E0030707371007E000A000000077704000000077371007E00327070707071007E001571007E001670707070707070740008436F72655F4150497371007E001877080000014E2F0A2D68780000000070740010373939303336316535306562333335627371007E001C0000003470707071007E00537371007E00327070707071007E001571007E001670707070707070740008436F72655F4150497371007E001877080000014E2F0A7B88780000000070740010653039336264646362636535353534397371007E001C0000003570707071007E00537371007E00327070707071007E001571007E001670707070707070740008436F72655F4150497371007E001877080000014E301311E8780000000070740010633435643634363166306437366636347371007E001C0000003770707071007E00537371007E00327070707071007E001571007E001670707070707070740008436F72655F4150497371007E001877080000014E32A63FE8780000000070740010666434383930386163633837656565337371007E001C0000003C70707071007E00537371007E00327070707071007E001571007E001670707070707070740008436F72655F4150497371007E001877080000014E4A42AB00780000000070740010363764663333326631643237333036617371007E001C0000007270707071007E00537371007E00327070707071007E001571007E001670707070707070740008436F72655F4150497371007E001877080000014E57961B2078000000007074000F3931396436653265636437343736367371007E001C0000007770707071007E00537371007E00327070707071007E001571007E001670707070707070740008436F72655F4150497371007E001877080000014E57AB8F50780000000070740010326339636535323730316535316563647371007E001C0000007870707071007E0053787371007E000A0000000777040000000771007E006371007E006871007E006D71007E007271007E007771007E007C71007E0081787874000970726F626C656D69647371007E001C000000B77874000A6A6F625365727669636574001E70726F626C656D4175746F4368616E6765536F6C766572536572766963657800);
INSERT INTO `QRTZ_TRIGGERS` VALUES ('scheduler', 'ac0e108b-8d8a-4222-a7f0-e8b0c8fc3aaf', 'DEFAULT', 'jobDetail', 'DEFAULT', null, '1436751925098', '-1', '5', 'WAITING', 'SIMPLE', '1436751925098', '0', null, '-1', 0xACED0005737200156F72672E71756172747A2E4A6F62446174614D61709FB083E8BFA9B0CB020000787200266F72672E71756172747A2E7574696C732E537472696E674B65794469727479466C61674D61708208E8C3FBC55D280200015A0013616C6C6F77735472616E7369656E74446174617872001D6F72672E71756172747A2E7574696C732E4469727479466C61674D617013E62EAD28760ACE0200025A000564697274794C00036D617074000F4C6A6176612F7574696C2F4D61703B787001737200116A6176612E7574696C2E486173684D61700507DAC1C31660D103000246000A6C6F6164466163746F724900097468726573686F6C6478703F4000000000000C7708000000100000000274000A6A6F62446174614D61707371007E00053F4000000000000C770800000010000000027400076C656164657273737200136A6176612E7574696C2E41727261794C6973747881D21D99C7619D03000149000473697A6578700000000277040000000273720027636F6D2E65617379636D732E6D616E6167656D656E742E757365722E646F6D61696E2E5573657224EAFDE8DF4B6D230200125A000C64656661756C7441646D696E5A0005697344656C4C000E63757272656E744C6F67696E49707400124C6A6176612F6C616E672F537472696E673B4C001063757272656E744C6F67696E54696D657400104C6A6176612F7574696C2F446174653B4C0005656D61696C71007E000D4C000269647400134C6A6176612F6C616E672F496E74656765723B4C0012697344656661756C7441646D696E466C616771007E000F4C000B6C6173744C6F67696E497071007E000D4C000D6C6173744C6F67696E54696D6571007E000E4C000A6C6F67696E54696D657371007E000F4C00056D656E75737400104C6A6176612F7574696C2F4C6973743B4C00046E616D6571007E000D4C000870617373776F726471007E000D4C00087265616C6E616D6571007E000D4C000A7265676973746572497071007E000D4C000C726567697374657254696D6571007E000E4C0005726F6C657371007E00104C000A7573657244657669636571007E00107872001F636F6D2E65617379636D732E636F72652E666F726D2E4261736963466F726DDDE391474CEFE3EB02000D4C0006637573746F6D71007E000D5B000A646174654669656C64737400135B4C6A6176612F6C616E672F537472696E673B4C0007656E6454696D6571007E000D4C000666696C74657271007E000D4C0009666F726D617474657271007E000D4C000466756E6371007E000D5B00036964737400145B4C6A6176612F6C616E672F496E74656765723B4C00056F7264657271007E000D4C00047061676571007E000D4C000971756572795479706571007E000D4C0004726F777371007E000D4C0004736F727471007E000D4C0009737461727454696D6571007E000D787070707070740013797979792D4D4D2D64642048483A6D6D3A737374000070707070707070000174000D3139322E3136382E322E313139737200126A6176612E73716C2E54696D657374616D702618D5C80153BF650200014900056E616E6F737872000E6A6176612E7574696C2E44617465686A81014B597419030000787077080000014E57A457A87800000000740000737200116A6176612E6C616E672E496E746567657212E2A0A4F781873802000149000576616C7565787200106A6176612E6C616E672E4E756D62657286AC951D0B94E08B0200007870000000837371007E001C0000000074000D3139322E3136382E322E3131397371007E001877080000014E57A44BF078000000007371007E001C000000967074000962616E7A68616E67797400203539346166653565316638616338333832376361343334333466376461653161740006E78FADE995BF74000D3139322E3136382E322E3131397371007E001877080000014DCD25014078000000007372002F6F72672E68696265726E6174652E636F6C6C656374696F6E2E696E7465726E616C2E50657273697374656E74426167464A645C192E1EC40200014C000362616771007E00107872003E6F72672E68696265726E6174652E636F6C6C656374696F6E2E696E7465726E616C2E416273747261637450657273697374656E74436F6C6C656374696F6E844A7E7706AE8D0B0200095A001B616C6C6F774C6F61644F7574736964655472616E73616374696F6E49000A63616368656453697A655A000564697274795A000B696E697469616C697A65644C00036B65797400164C6A6176612F696F2F53657269616C697A61626C653B4C00056F776E65727400124C6A6176612F6C616E672F4F626A6563743B4C0004726F6C6571007E000D4C001273657373696F6E466163746F72795575696471007E000D4C000E73746F726564536E617073686F7471007E002A787000FFFFFFFF00007371007E001C0000008371007E001474002D636F6D2E65617379636D732E6D616E6167656D656E742E757365722E646F6D61696E2E557365722E726F6C65737070707371007E002800FFFFFFFF000171007E002D71007E0014740032636F6D2E65617379636D732E6D616E6167656D656E742E757365722E646F6D61696E2E557365722E75736572446576696365707371007E000A000000067704000000067372002D636F6D2E65617379636D732E6D616E6167656D656E742E757365722E646F6D61696E2E55736572446576696365CA4FF725EA1F08200200094C000963726561746564427971007E000D4C0009637265617465644F6E71007E000E4C000664657669636571007E000D4C0008646576696365696471007E000D4C0002696471007E000F4C000672656D61726B71007E000D4C000975706461746564427971007E000D4C0009757064617465644F6E71007E000E4C0004757365727400294C636F6D2F65617379636D732F6D616E6167656D656E742F757365722F646F6D61696E2F557365723B7871007E00117070707071007E001571007E001670707070707070740008436F72655F4150497371007E001877080000014DCD488700780000000070740010646634666261646636616265323531367371007E001C0000001170707071007E00147371007E00327070707071007E001571007E001670707070707070740008436F72655F4150497371007E001877080000014DCD56042078000000007074000F3931396436653265636437343736367371007E001C0000001270707071007E00147371007E00327070707071007E001571007E001670707070707070740008436F72655F4150497371007E001877080000014DCE397E80780000000070740010633863326263646538333030633533637371007E001C0000001470707071007E00147371007E00327070707071007E001571007E001670707070707070740008436F72655F4150497371007E001877080000014DD38F6A48780000000070740010363764663333326631643237333036617371007E001C0000001970707071007E00147371007E00327070707071007E001571007E001670707070707070740008436F72655F4150497371007E001877080000014DF80DD670780000000070740010336632313130643230663137396464647371007E001C0000002070707071007E00147371007E00327070707071007E001571007E001670707070707070740008436F72655F4150497371007E001877080000014E021B6290780000000070740010653039336264646362636535353534397371007E001C0000002570707071007E0014787371007E000A0000000677040000000671007E003471007E003971007E003E71007E004371007E004871007E004D787371007E000C7070707071007E001571007E001670707070707070000074000D3139322E3136382E322E3131397371007E001877080000014E75A2561078000000007400007371007E001C000000B371007E001F74000F303A303A303A303A303A303A303A317371007E001877080000014E759AC0A878000000007371007E001C0000007C7074000C736F6E6767756F7169616E677400203063373363356139313337346463336131396636623766363862336236616632740009E5AE8BE59BBDE5BCBA74000D3139322E3136382E322E3131397371007E001877080000014E2E64D16078000000007371007E002800FFFFFFFF000071007E005771007E005371007E002E7070707371007E002800FFFFFFFF000171007E005771007E005371007E0030707371007E000A000000077704000000077371007E00327070707071007E001571007E001670707070707070740008436F72655F4150497371007E001877080000014E2F0A2D68780000000070740010373939303336316535306562333335627371007E001C0000003470707071007E00537371007E00327070707071007E001571007E001670707070707070740008436F72655F4150497371007E001877080000014E2F0A7B88780000000070740010653039336264646362636535353534397371007E001C0000003570707071007E00537371007E00327070707071007E001571007E001670707070707070740008436F72655F4150497371007E001877080000014E301311E8780000000070740010633435643634363166306437366636347371007E001C0000003770707071007E00537371007E00327070707071007E001571007E001670707070707070740008436F72655F4150497371007E001877080000014E32A63FE8780000000070740010666434383930386163633837656565337371007E001C0000003C70707071007E00537371007E00327070707071007E001571007E001670707070707070740008436F72655F4150497371007E001877080000014E4A42AB00780000000070740010363764663333326631643237333036617371007E001C0000007270707071007E00537371007E00327070707071007E001571007E001670707070707070740008436F72655F4150497371007E001877080000014E57961B2078000000007074000F3931396436653265636437343736367371007E001C0000007770707071007E00537371007E00327070707071007E001571007E001670707070707070740008436F72655F4150497371007E001877080000014E57AB8F50780000000070740010326339636535323730316535316563647371007E001C0000007870707071007E0053787371007E000A0000000777040000000771007E006371007E006871007E006D71007E007271007E007771007E007C71007E0081787874000970726F626C656D69647371007E001C000000AB7874000A6A6F625365727669636574001E70726F626C656D4175746F4368616E6765536F6C766572536572766963657800);
INSERT INTO `QRTZ_TRIGGERS` VALUES ('scheduler', 'b119b678-4bff-4c56-ba05-6bc8b8b90ca7', 'DEFAULT', 'jobDetail', 'DEFAULT', null, '1436758716004', '-1', '5', 'WAITING', 'SIMPLE', '1436758716004', '0', null, '-1', 0xACED0005737200156F72672E71756172747A2E4A6F62446174614D61709FB083E8BFA9B0CB020000787200266F72672E71756172747A2E7574696C732E537472696E674B65794469727479466C61674D61708208E8C3FBC55D280200015A0013616C6C6F77735472616E7369656E74446174617872001D6F72672E71756172747A2E7574696C732E4469727479466C61674D617013E62EAD28760ACE0200025A000564697274794C00036D617074000F4C6A6176612F7574696C2F4D61703B787001737200116A6176612E7574696C2E486173684D61700507DAC1C31660D103000246000A6C6F6164466163746F724900097468726573686F6C6478703F4000000000000C7708000000100000000274000A6A6F625365727669636574001E70726F626C656D4175746F4368616E6765536F6C7665725365727669636574000A6A6F62446174614D61707371007E00053F4000000000000C770800000010000000027400076C656164657273737200136A6176612E7574696C2E41727261794C6973747881D21D99C7619D03000149000473697A6578700000000277040000000273720027636F6D2E65617379636D732E6D616E6167656D656E742E757365722E646F6D61696E2E5573657224EAFDE8DF4B6D230200125A000C64656661756C7441646D696E5A0005697344656C4C000E63757272656E744C6F67696E49707400124C6A6176612F6C616E672F537472696E673B4C001063757272656E744C6F67696E54696D657400104C6A6176612F7574696C2F446174653B4C0005656D61696C71007E000F4C000269647400134C6A6176612F6C616E672F496E74656765723B4C0012697344656661756C7441646D696E466C616771007E00114C000B6C6173744C6F67696E497071007E000F4C000D6C6173744C6F67696E54696D6571007E00104C000A6C6F67696E54696D657371007E00114C00056D656E75737400104C6A6176612F7574696C2F4C6973743B4C00046E616D6571007E000F4C000870617373776F726471007E000F4C00087265616C6E616D6571007E000F4C000A7265676973746572497071007E000F4C000C726567697374657254696D6571007E00104C0005726F6C657371007E00124C000A7573657244657669636571007E00127872001F636F6D2E65617379636D732E636F72652E666F726D2E4261736963466F726DDDE391474CEFE3EB02000D4C0006637573746F6D71007E000F5B000A646174654669656C64737400135B4C6A6176612F6C616E672F537472696E673B4C0007656E6454696D6571007E000F4C000666696C74657271007E000F4C0009666F726D617474657271007E000F4C000466756E6371007E000F5B00036964737400145B4C6A6176612F6C616E672F496E74656765723B4C00056F7264657271007E000F4C00047061676571007E000F4C000971756572795479706571007E000F4C0004726F777371007E000F4C0004736F727471007E000F4C0009737461727454696D6571007E000F787070707070740013797979792D4D4D2D64642048483A6D6D3A737374000070707070707070000174000D3139322E3136382E322E313139737200126A6176612E73716C2E54696D657374616D702618D5C80153BF650200014900056E616E6F737872000E6A6176612E7574696C2E44617465686A81014B597419030000787077080000014E57A457A87800000000740000737200116A6176612E6C616E672E496E746567657212E2A0A4F781873802000149000576616C7565787200106A6176612E6C616E672E4E756D62657286AC951D0B94E08B0200007870000000837371007E001E0000000074000D3139322E3136382E322E3131397371007E001A77080000014E57A44BF078000000007371007E001E000000967074000962616E7A68616E67797400203539346166653565316638616338333832376361343334333466376461653161740006E78FADE995BF74000D3139322E3136382E322E3131397371007E001A77080000014DCD25014078000000007372002F6F72672E68696265726E6174652E636F6C6C656374696F6E2E696E7465726E616C2E50657273697374656E74426167464A645C192E1EC40200014C000362616771007E00127872003E6F72672E68696265726E6174652E636F6C6C656374696F6E2E696E7465726E616C2E416273747261637450657273697374656E74436F6C6C656374696F6E844A7E7706AE8D0B0200095A001B616C6C6F774C6F61644F7574736964655472616E73616374696F6E49000A63616368656453697A655A000564697274795A000B696E697469616C697A65644C00036B65797400164C6A6176612F696F2F53657269616C697A61626C653B4C00056F776E65727400124C6A6176612F6C616E672F4F626A6563743B4C0004726F6C6571007E000F4C001273657373696F6E466163746F72795575696471007E000F4C000E73746F726564536E617073686F7471007E002C787000FFFFFFFF00007371007E001E0000008371007E001674002D636F6D2E65617379636D732E6D616E6167656D656E742E757365722E646F6D61696E2E557365722E726F6C65737070707371007E002A00FFFFFFFF000171007E002F71007E0016740032636F6D2E65617379636D732E6D616E6167656D656E742E757365722E646F6D61696E2E557365722E75736572446576696365707371007E000C000000067704000000067372002D636F6D2E65617379636D732E6D616E6167656D656E742E757365722E646F6D61696E2E55736572446576696365CA4FF725EA1F08200200094C000963726561746564427971007E000F4C0009637265617465644F6E71007E00104C000664657669636571007E000F4C0008646576696365696471007E000F4C0002696471007E00114C000672656D61726B71007E000F4C000975706461746564427971007E000F4C0009757064617465644F6E71007E00104C0004757365727400294C636F6D2F65617379636D732F6D616E6167656D656E742F757365722F646F6D61696E2F557365723B7871007E00137070707071007E001771007E001870707070707070740008436F72655F4150497371007E001A77080000014DCD488700780000000070740010646634666261646636616265323531367371007E001E0000001170707071007E00167371007E00347070707071007E001771007E001870707070707070740008436F72655F4150497371007E001A77080000014DCD56042078000000007074000F3931396436653265636437343736367371007E001E0000001270707071007E00167371007E00347070707071007E001771007E001870707070707070740008436F72655F4150497371007E001A77080000014DCE397E80780000000070740010633863326263646538333030633533637371007E001E0000001470707071007E00167371007E00347070707071007E001771007E001870707070707070740008436F72655F4150497371007E001A77080000014DD38F6A48780000000070740010363764663333326631643237333036617371007E001E0000001970707071007E00167371007E00347070707071007E001771007E001870707070707070740008436F72655F4150497371007E001A77080000014DF80DD670780000000070740010336632313130643230663137396464647371007E001E0000002070707071007E00167371007E00347070707071007E001771007E001870707070707070740008436F72655F4150497371007E001A77080000014E021B6290780000000070740010653039336264646362636535353534397371007E001E0000002570707071007E0016787371007E000C0000000677040000000671007E003671007E003B71007E004071007E004571007E004A71007E004F787371007E000E7070707071007E001771007E001870707070707070000074000D3139322E3136382E322E3131397371007E001A77080000014E75E882E878000000007400007371007E001E000000B371007E002174000D3139322E3136382E322E3131397371007E001A77080000014E75E73EB078000000007371007E001E000000827074000C736F6E6767756F7169616E677400203063373363356139313337346463336131396636623766363862336236616632740009E5AE8BE59BBDE5BCBA74000D3139322E3136382E322E3131397371007E001A77080000014E2E64D16078000000007371007E002A00FFFFFFFF00007371007E001E000000B371007E005571007E00307070707371007E002A00FFFFFFFF000171007E006371007E005571007E0032707371007E000C000000077704000000077371007E00347070707071007E001771007E001870707070707070740008436F72655F4150497371007E001A77080000014E2F0A2D68780000000070740010373939303336316535306562333335627371007E001E0000003470707071007E00557371007E00347070707071007E001771007E001870707070707070740008436F72655F4150497371007E001A77080000014E2F0A7B88780000000070740010653039336264646362636535353534397371007E001E0000003570707071007E00557371007E00347070707071007E001771007E001870707070707070740008436F72655F4150497371007E001A77080000014E301311E8780000000070740010633435643634363166306437366636347371007E001E0000003770707071007E00557371007E00347070707071007E001771007E001870707070707070740008436F72655F4150497371007E001A77080000014E32A63FE8780000000070740010666434383930386163633837656565337371007E001E0000003C70707071007E00557371007E00347070707071007E001771007E001870707070707070740008436F72655F4150497371007E001A77080000014E4A42AB00780000000070740010363764663333326631643237333036617371007E001E0000007270707071007E00557371007E00347070707071007E001771007E001870707070707070740008436F72655F4150497371007E001A77080000014E57961B2078000000007074000F3931396436653265636437343736367371007E001E0000007770707071007E00557371007E00347070707071007E001771007E001870707070707070740008436F72655F4150497371007E001A77080000014E57AB8F50780000000070740010326339636535323730316535316563647371007E001E0000007870707071007E0055787371007E000C0000000777040000000771007E006671007E006B71007E007071007E007571007E007A71007E007F71007E0084787874000970726F626C656D69647371007E001E000000AD787800);
INSERT INTO `QRTZ_TRIGGERS` VALUES ('scheduler', 'b1f0a09f-84b8-4626-ba48-3e4db66128ae', 'DEFAULT', 'jobDetail', 'DEFAULT', null, '1437318737780', '-1', '5', 'WAITING', 'SIMPLE', '1437318737780', '0', null, '-1', 0xACED0005737200156F72672E71756172747A2E4A6F62446174614D61709FB083E8BFA9B0CB020000787200266F72672E71756172747A2E7574696C732E537472696E674B65794469727479466C61674D61708208E8C3FBC55D280200015A0013616C6C6F77735472616E7369656E74446174617872001D6F72672E71756172747A2E7574696C732E4469727479466C61674D617013E62EAD28760ACE0200025A000564697274794C00036D617074000F4C6A6176612F7574696C2F4D61703B787001737200116A6176612E7574696C2E486173684D61700507DAC1C31660D103000246000A6C6F6164466163746F724900097468726573686F6C6478703F4000000000000C7708000000100000000274000A6A6F62446174614D61707371007E00053F4000000000000C770800000010000000027400076C656164657273737200136A6176612E7574696C2E41727261794C6973747881D21D99C7619D03000149000473697A6578700000000177040000000173720027636F6D2E65617379636D732E6D616E6167656D656E742E757365722E646F6D61696E2E5573657224EAFDE8DF4B6D230200125A000C64656661756C7441646D696E5A0005697344656C4C000E63757272656E744C6F67696E49707400124C6A6176612F6C616E672F537472696E673B4C001063757272656E744C6F67696E54696D657400104C6A6176612F7574696C2F446174653B4C0005656D61696C71007E000D4C000269647400134C6A6176612F6C616E672F496E74656765723B4C0012697344656661756C7441646D696E466C616771007E000F4C000B6C6173744C6F67696E497071007E000D4C000D6C6173744C6F67696E54696D6571007E000E4C000A6C6F67696E54696D657371007E000F4C00056D656E75737400104C6A6176612F7574696C2F4C6973743B4C00046E616D6571007E000D4C000870617373776F726471007E000D4C00087265616C6E616D6571007E000D4C000A7265676973746572497071007E000D4C000C726567697374657254696D6571007E000E4C0005726F6C657371007E00104C000A7573657244657669636571007E00107872001F636F6D2E65617379636D732E636F72652E666F726D2E4261736963466F726DDDE391474CEFE3EB02000D4C0006637573746F6D71007E000D5B000A646174654669656C64737400135B4C6A6176612F6C616E672F537472696E673B4C0007656E6454696D6571007E000D4C000666696C74657271007E000D4C0009666F726D617474657271007E000D4C000466756E6371007E000D5B00036964737400145B4C6A6176612F6C616E672F496E74656765723B4C00056F7264657271007E000D4C00047061676571007E000D4C000971756572795479706571007E000D4C0004726F777371007E000D4C0004736F727471007E000D4C0009737461727454696D6571007E000D787070707070740013797979792D4D4D2D64642048483A6D6D3A737374000070707070707070000074000D3139322E3136382E322E313139737200126A6176612E73716C2E54696D657374616D702618D5C80153BF650200014900056E616E6F737872000E6A6176612E7574696C2E44617465686A81014B597419030000787077080000014E97640B687800000000740000737200116A6176612E6C616E672E496E746567657212E2A0A4F781873802000149000576616C7565787200106A6176612E6C616E672E4E756D62657286AC951D0B94E08B0200007870000000B37371007E001C0000000074000D3139322E3136382E322E3131397371007E001877080000014E9762464878000000007371007E001C000000B27074000C736F6E6767756F7169616E677400203063373363356139313337346463336131396636623766363862336236616632740009E5AE8BE59BBDE5BCBA74000D3139322E3136382E322E3131397371007E001877080000014E2E64D16078000000007372002F6F72672E68696265726E6174652E636F6C6C656374696F6E2E696E7465726E616C2E50657273697374656E74426167464A645C192E1EC40200014C000362616771007E00107872003E6F72672E68696265726E6174652E636F6C6C656374696F6E2E696E7465726E616C2E416273747261637450657273697374656E74436F6C6C656374696F6E844A7E7706AE8D0B0200095A001B616C6C6F774C6F61644F7574736964655472616E73616374696F6E49000A63616368656453697A655A000564697274795A000B696E697469616C697A65644C00036B65797400164C6A6176612F696F2F53657269616C697A61626C653B4C00056F776E65727400124C6A6176612F6C616E672F4F626A6563743B4C0004726F6C6571007E000D4C001273657373696F6E466163746F72795575696471007E000D4C000E73746F726564536E617073686F7471007E002A787000FFFFFFFF000071007E001E71007E001474002D636F6D2E65617379636D732E6D616E6167656D656E742E757365722E646F6D61696E2E557365722E726F6C65737070707371007E002800FFFFFFFF000171007E001E71007E0014740032636F6D2E65617379636D732E6D616E6167656D656E742E757365722E646F6D61696E2E557365722E75736572446576696365707371007E000A000000017704000000017372002D636F6D2E65617379636D732E6D616E6167656D656E742E757365722E646F6D61696E2E55736572446576696365CA4FF725EA1F08200200094C000963726561746564427971007E000D4C0009637265617465644F6E71007E000E4C000664657669636571007E000D4C0008646576696365696471007E000D4C0002696471007E000F4C000672656D61726B71007E000D4C000975706461746564427971007E000D4C0009757064617465644F6E71007E000E4C0004757365727400294C636F6D2F65617379636D732F6D616E6167656D656E742F757365722F646F6D61696E2F557365723B7871007E00117070707071007E001571007E001670707070707070740008436F72655F4150497371007E001877080000014E97624648780000000070740010633435643634363166306437366636347371007E001C0000008C70707071007E0014787371007E000A0000000177040000000171007E0033787874000970726F626C656D69647371007E001C000000CA7874000A6A6F625365727669636574001E70726F626C656D4175746F4368616E6765536F6C766572536572766963657800);
INSERT INTO `QRTZ_TRIGGERS` VALUES ('scheduler', 'b4105b96-6ee7-4f41-93d6-0179ee6e4a3a', 'DEFAULT', 'jobDetail', 'DEFAULT', null, '1437119178460', '-1', '5', 'WAITING', 'SIMPLE', '1437119178460', '0', null, '-1', 0xACED0005737200156F72672E71756172747A2E4A6F62446174614D61709FB083E8BFA9B0CB020000787200266F72672E71756172747A2E7574696C732E537472696E674B65794469727479466C61674D61708208E8C3FBC55D280200015A0013616C6C6F77735472616E7369656E74446174617872001D6F72672E71756172747A2E7574696C732E4469727479466C61674D617013E62EAD28760ACE0200025A000564697274794C00036D617074000F4C6A6176612F7574696C2F4D61703B787001737200116A6176612E7574696C2E486173684D61700507DAC1C31660D103000246000A6C6F6164466163746F724900097468726573686F6C6478703F4000000000000C7708000000100000000274000A6A6F625365727669636574001E70726F626C656D4175746F4368616E6765536F6C7665725365727669636574000A6A6F62446174614D61707371007E00053F4000000000000C770800000010000000027400076C656164657273737200136A6176612E7574696C2E41727261794C6973747881D21D99C7619D03000149000473697A6578700000000177040000000173720027636F6D2E65617379636D732E6D616E6167656D656E742E757365722E646F6D61696E2E5573657224EAFDE8DF4B6D230200125A000C64656661756C7441646D696E5A0005697344656C4C000E63757272656E744C6F67696E49707400124C6A6176612F6C616E672F537472696E673B4C001063757272656E744C6F67696E54696D657400104C6A6176612F7574696C2F446174653B4C0005656D61696C71007E000F4C000269647400134C6A6176612F6C616E672F496E74656765723B4C0012697344656661756C7441646D696E466C616771007E00114C000B6C6173744C6F67696E497071007E000F4C000D6C6173744C6F67696E54696D6571007E00104C000A6C6F67696E54696D657371007E00114C00056D656E75737400104C6A6176612F7574696C2F4C6973743B4C00046E616D6571007E000F4C000870617373776F726471007E000F4C00087265616C6E616D6571007E000F4C000A7265676973746572497071007E000F4C000C726567697374657254696D6571007E00104C0005726F6C657371007E00124C000A7573657244657669636571007E00127872001F636F6D2E65617379636D732E636F72652E666F726D2E4261736963466F726DDDE391474CEFE3EB02000D4C0006637573746F6D71007E000F5B000A646174654669656C64737400135B4C6A6176612F6C616E672F537472696E673B4C0007656E6454696D6571007E000F4C000666696C74657271007E000F4C0009666F726D617474657271007E000F4C000466756E6371007E000F5B00036964737400145B4C6A6176612F6C616E672F496E74656765723B4C00056F7264657271007E000F4C00047061676571007E000F4C000971756572795479706571007E000F4C0004726F777371007E000F4C0004736F727471007E000F4C0009737461727454696D6571007E000F787070707070740013797979792D4D4D2D64642048483A6D6D3A737374000070707070707070000074000D3139322E3136382E322E313139737200126A6176612E73716C2E54696D657374616D702618D5C80153BF650200014900056E616E6F737872000E6A6176612E7574696C2E44617465686A81014B597419030000787077080000014E8B85E5C87800000000740000737200116A6176612E6C616E672E496E746567657212E2A0A4F781873802000149000576616C7565787200106A6176612E6C616E672E4E756D62657286AC951D0B94E08B0200007870000000B37371007E001E0000000074000D3139322E3136382E322E3131397371007E001A77080000014E8B7E738878000000007371007E001E000000A27074000C736F6E6767756F7169616E677400203063373363356139313337346463336131396636623766363862336236616632740009E5AE8BE59BBDE5BCBA74000D3139322E3136382E322E3131397371007E001A77080000014E2E64D16078000000007372002F6F72672E68696265726E6174652E636F6C6C656374696F6E2E696E7465726E616C2E50657273697374656E74426167464A645C192E1EC40200014C000362616771007E00127872003E6F72672E68696265726E6174652E636F6C6C656374696F6E2E696E7465726E616C2E416273747261637450657273697374656E74436F6C6C656374696F6E844A7E7706AE8D0B0200095A001B616C6C6F774C6F61644F7574736964655472616E73616374696F6E49000A63616368656453697A655A000564697274795A000B696E697469616C697A65644C00036B65797400164C6A6176612F696F2F53657269616C697A61626C653B4C00056F776E65727400124C6A6176612F6C616E672F4F626A6563743B4C0004726F6C6571007E000F4C001273657373696F6E466163746F72795575696471007E000F4C000E73746F726564536E617073686F7471007E002C787000FFFFFFFF000071007E002071007E001674002D636F6D2E65617379636D732E6D616E6167656D656E742E757365722E646F6D61696E2E557365722E726F6C65737070707371007E002A00FFFFFFFF000171007E002071007E0016740032636F6D2E65617379636D732E6D616E6167656D656E742E757365722E646F6D61696E2E557365722E75736572446576696365707371007E000C000000077704000000077372002D636F6D2E65617379636D732E6D616E6167656D656E742E757365722E646F6D61696E2E55736572446576696365CA4FF725EA1F08200200094C000963726561746564427971007E000F4C0009637265617465644F6E71007E00104C000664657669636571007E000F4C0008646576696365696471007E000F4C0002696471007E00114C000672656D61726B71007E000F4C000975706461746564427971007E000F4C0009757064617465644F6E71007E00104C0004757365727400294C636F6D2F65617379636D732F6D616E6167656D656E742F757365722F646F6D61696E2F557365723B7871007E00137070707071007E001771007E001870707070707070740008436F72655F4150497371007E001A77080000014E2F0A2D68780000000070740010373939303336316535306562333335627371007E001E0000003470707071007E00167371007E00337070707071007E001771007E001870707070707070740008436F72655F4150497371007E001A77080000014E2F0A7B88780000000070740010653039336264646362636535353534397371007E001E0000003570707071007E00167371007E00337070707071007E001771007E001870707070707070740008436F72655F4150497371007E001A77080000014E301311E8780000000070740010633435643634363166306437366636347371007E001E0000003770707071007E00167371007E00337070707071007E001771007E001870707070707070740008436F72655F4150497371007E001A77080000014E32A63FE8780000000070740010666434383930386163633837656565337371007E001E0000003C70707071007E00167371007E00337070707071007E001771007E001870707070707070740008436F72655F4150497371007E001A77080000014E4A42AB00780000000070740010363764663333326631643237333036617371007E001E0000007270707071007E00167371007E00337070707071007E001771007E001870707070707070740008436F72655F4150497371007E001A77080000014E57961B2078000000007074000F3931396436653265636437343736367371007E001E0000007770707071007E00167371007E00337070707071007E001771007E001870707070707070740008436F72655F4150497371007E001A77080000014E57AB8F50780000000070740010326339636535323730316535316563647371007E001E0000007870707071007E0016787371007E000C0000000777040000000771007E003571007E003A71007E003F71007E004471007E004971007E004E71007E0053787874000970726F626C656D69647371007E001E000000C3787800);
INSERT INTO `QRTZ_TRIGGERS` VALUES ('scheduler', 'b74e727a-ada8-4b81-8aac-a9cf4ae33646', 'DEFAULT', 'jobDetail', 'DEFAULT', null, '1437137078439', '-1', '5', 'WAITING', 'SIMPLE', '1437137078439', '0', null, '-1', 0xACED0005737200156F72672E71756172747A2E4A6F62446174614D61709FB083E8BFA9B0CB020000787200266F72672E71756172747A2E7574696C732E537472696E674B65794469727479466C61674D61708208E8C3FBC55D280200015A0013616C6C6F77735472616E7369656E74446174617872001D6F72672E71756172747A2E7574696C732E4469727479466C61674D617013E62EAD28760ACE0200025A000564697274794C00036D617074000F4C6A6176612F7574696C2F4D61703B787001737200116A6176612E7574696C2E486173684D61700507DAC1C31660D103000246000A6C6F6164466163746F724900097468726573686F6C6478703F4000000000000C7708000000100000000274000A6A6F62446174614D61707371007E00053F4000000000000C770800000010000000027400076C656164657273737200136A6176612E7574696C2E41727261794C6973747881D21D99C7619D03000149000473697A6578700000000177040000000173720027636F6D2E65617379636D732E6D616E6167656D656E742E757365722E646F6D61696E2E5573657224EAFDE8DF4B6D230200125A000C64656661756C7441646D696E5A0005697344656C4C000E63757272656E744C6F67696E49707400124C6A6176612F6C616E672F537472696E673B4C001063757272656E744C6F67696E54696D657400104C6A6176612F7574696C2F446174653B4C0005656D61696C71007E000D4C000269647400134C6A6176612F6C616E672F496E74656765723B4C0012697344656661756C7441646D696E466C616771007E000F4C000B6C6173744C6F67696E497071007E000D4C000D6C6173744C6F67696E54696D6571007E000E4C000A6C6F67696E54696D657371007E000F4C00056D656E75737400104C6A6176612F7574696C2F4C6973743B4C00046E616D6571007E000D4C000870617373776F726471007E000D4C00087265616C6E616D6571007E000D4C000A7265676973746572497071007E000D4C000C726567697374657254696D6571007E000E4C0005726F6C657371007E00104C000A7573657244657669636571007E00107872001F636F6D2E65617379636D732E636F72652E666F726D2E4261736963466F726DDDE391474CEFE3EB02000D4C0006637573746F6D71007E000D5B000A646174654669656C64737400135B4C6A6176612F6C616E672F537472696E673B4C0007656E6454696D6571007E000D4C000666696C74657271007E000D4C0009666F726D617474657271007E000D4C000466756E6371007E000D5B00036964737400145B4C6A6176612F6C616E672F496E74656765723B4C00056F7264657271007E000D4C00047061676571007E000D4C000971756572795479706571007E000D4C0004726F777371007E000D4C0004736F727471007E000D4C0009737461727454696D6571007E000D787070707070740013797979792D4D4D2D64642048483A6D6D3A737374000070707070707070000074000D3139322E3136382E322E313139737200126A6176612E73716C2E54696D657374616D702618D5C80153BF650200014900056E616E6F737872000E6A6176612E7574696C2E44617465686A81014B597419030000787077080000014E8C977CD87800000000740000737200116A6176612E6C616E672E496E746567657212E2A0A4F781873802000149000576616C7565787200106A6176612E6C616E672E4E756D62657286AC951D0B94E08B0200007870000000B37371007E001C0000000074000D3139322E3136382E322E3131397371007E001877080000014E8B8B6BD878000000007371007E001C000000A47074000C736F6E6767756F7169616E677400203063373363356139313337346463336131396636623766363862336236616632740009E5AE8BE59BBDE5BCBA74000D3139322E3136382E322E3131397371007E001877080000014E2E64D16078000000007372002F6F72672E68696265726E6174652E636F6C6C656374696F6E2E696E7465726E616C2E50657273697374656E74426167464A645C192E1EC40200014C000362616771007E00107872003E6F72672E68696265726E6174652E636F6C6C656374696F6E2E696E7465726E616C2E416273747261637450657273697374656E74436F6C6C656374696F6E844A7E7706AE8D0B0200095A001B616C6C6F774C6F61644F7574736964655472616E73616374696F6E49000A63616368656453697A655A000564697274795A000B696E697469616C697A65644C00036B65797400164C6A6176612F696F2F53657269616C697A61626C653B4C00056F776E65727400124C6A6176612F6C616E672F4F626A6563743B4C0004726F6C6571007E000D4C001273657373696F6E466163746F72795575696471007E000D4C000E73746F726564536E617073686F7471007E002A787000FFFFFFFF000071007E001E71007E001474002D636F6D2E65617379636D732E6D616E6167656D656E742E757365722E646F6D61696E2E557365722E726F6C65737070707371007E002800FFFFFFFF000171007E001E71007E0014740032636F6D2E65617379636D732E6D616E6167656D656E742E757365722E646F6D61696E2E557365722E75736572446576696365707371007E000A000000077704000000077372002D636F6D2E65617379636D732E6D616E6167656D656E742E757365722E646F6D61696E2E55736572446576696365CA4FF725EA1F08200200094C000963726561746564427971007E000D4C0009637265617465644F6E71007E000E4C000664657669636571007E000D4C0008646576696365696471007E000D4C0002696471007E000F4C000672656D61726B71007E000D4C000975706461746564427971007E000D4C0009757064617465644F6E71007E000E4C0004757365727400294C636F6D2F65617379636D732F6D616E6167656D656E742F757365722F646F6D61696E2F557365723B7871007E00117070707071007E001571007E001670707070707070740008436F72655F4150497371007E001877080000014E2F0A2D68780000000070740010373939303336316535306562333335627371007E001C0000003470707071007E00147371007E00317070707071007E001571007E001670707070707070740008436F72655F4150497371007E001877080000014E2F0A7B88780000000070740010653039336264646362636535353534397371007E001C0000003570707071007E00147371007E00317070707071007E001571007E001670707070707070740008436F72655F4150497371007E001877080000014E301311E8780000000070740010633435643634363166306437366636347371007E001C0000003770707071007E00147371007E00317070707071007E001571007E001670707070707070740008436F72655F4150497371007E001877080000014E32A63FE8780000000070740010666434383930386163633837656565337371007E001C0000003C70707071007E00147371007E00317070707071007E001571007E001670707070707070740008436F72655F4150497371007E001877080000014E4A42AB00780000000070740010363764663333326631643237333036617371007E001C0000007270707071007E00147371007E00317070707071007E001571007E001670707070707070740008436F72655F4150497371007E001877080000014E57961B2078000000007074000F3931396436653265636437343736367371007E001C0000007770707071007E00147371007E00317070707071007E001571007E001670707070707070740008436F72655F4150497371007E001877080000014E57AB8F50780000000070740010326339636535323730316535316563647371007E001C0000007870707071007E0014787371007E000A0000000777040000000771007E003371007E003871007E003D71007E004271007E004771007E004C71007E0051787874000970726F626C656D69647371007E001C000000C47874000A6A6F625365727669636574001E70726F626C656D4175746F4368616E6765536F6C766572536572766963657800);
INSERT INTO `QRTZ_TRIGGERS` VALUES ('scheduler', 'bc3fb13d-bd43-4988-87ac-9a243eb10f18', 'DEFAULT', 'jobDetail', 'DEFAULT', null, '1436762398360', '-1', '5', 'WAITING', 'SIMPLE', '1436762398360', '0', null, '-1', 0xACED0005737200156F72672E71756172747A2E4A6F62446174614D61709FB083E8BFA9B0CB020000787200266F72672E71756172747A2E7574696C732E537472696E674B65794469727479466C61674D61708208E8C3FBC55D280200015A0013616C6C6F77735472616E7369656E74446174617872001D6F72672E71756172747A2E7574696C732E4469727479466C61674D617013E62EAD28760ACE0200025A000564697274794C00036D617074000F4C6A6176612F7574696C2F4D61703B787001737200116A6176612E7574696C2E486173684D61700507DAC1C31660D103000246000A6C6F6164466163746F724900097468726573686F6C6478703F4000000000000C7708000000100000000274000A6A6F625365727669636574001E70726F626C656D4175746F4368616E6765536F6C7665725365727669636574000A6A6F62446174614D61707371007E00053F4000000000000C770800000010000000027400076C656164657273737200136A6176612E7574696C2E41727261794C6973747881D21D99C7619D03000149000473697A6578700000000277040000000273720027636F6D2E65617379636D732E6D616E6167656D656E742E757365722E646F6D61696E2E5573657224EAFDE8DF4B6D230200125A000C64656661756C7441646D696E5A0005697344656C4C000E63757272656E744C6F67696E49707400124C6A6176612F6C616E672F537472696E673B4C001063757272656E744C6F67696E54696D657400104C6A6176612F7574696C2F446174653B4C0005656D61696C71007E000F4C000269647400134C6A6176612F6C616E672F496E74656765723B4C0012697344656661756C7441646D696E466C616771007E00114C000B6C6173744C6F67696E497071007E000F4C000D6C6173744C6F67696E54696D6571007E00104C000A6C6F67696E54696D657371007E00114C00056D656E75737400104C6A6176612F7574696C2F4C6973743B4C00046E616D6571007E000F4C000870617373776F726471007E000F4C00087265616C6E616D6571007E000F4C000A7265676973746572497071007E000F4C000C726567697374657254696D6571007E00104C0005726F6C657371007E00124C000A7573657244657669636571007E00127872001F636F6D2E65617379636D732E636F72652E666F726D2E4261736963466F726DDDE391474CEFE3EB02000D4C0006637573746F6D71007E000F5B000A646174654669656C64737400135B4C6A6176612F6C616E672F537472696E673B4C0007656E6454696D6571007E000F4C000666696C74657271007E000F4C0009666F726D617474657271007E000F4C000466756E6371007E000F5B00036964737400145B4C6A6176612F6C616E672F496E74656765723B4C00056F7264657271007E000F4C00047061676571007E000F4C000971756572795479706571007E000F4C0004726F777371007E000F4C0004736F727471007E000F4C0009737461727454696D6571007E000F787070707070740013797979792D4D4D2D64642048483A6D6D3A737374000070707070707070000074000F303A303A303A303A303A303A303A31737200126A6176612E73716C2E54696D657374616D702618D5C80153BF650200014900056E616E6F737872000E6A6176612E7574696C2E44617465686A81014B597419030000787077080000014E764139D87800000000740000737200116A6176612E6C616E672E496E746567657212E2A0A4F781873802000149000576616C7565787200106A6176612E6C616E672E4E756D62657286AC951D0B94E08B0200007870000000837371007E001E0000000074000D3139322E3136382E322E3131397371007E001A77080000014E57A457A878000000007371007E001E000000977074000862616E7A68616E677400203539346166653565316638616338333832376361343334333466376461653161740006E78FADE995BF74000D3139322E3136382E322E3131397371007E001A77080000014DCD25014078000000007372002F6F72672E68696265726E6174652E636F6C6C656374696F6E2E696E7465726E616C2E50657273697374656E74426167464A645C192E1EC40200014C000362616771007E00127872003E6F72672E68696265726E6174652E636F6C6C656374696F6E2E696E7465726E616C2E416273747261637450657273697374656E74436F6C6C656374696F6E844A7E7706AE8D0B0200095A001B616C6C6F774C6F61644F7574736964655472616E73616374696F6E49000A63616368656453697A655A000564697274795A000B696E697469616C697A65644C00036B65797400164C6A6176612F696F2F53657269616C697A61626C653B4C00056F776E65727400124C6A6176612F6C616E672F4F626A6563743B4C0004726F6C6571007E000F4C001273657373696F6E466163746F72795575696471007E000F4C000E73746F726564536E617073686F7471007E002C787000FFFFFFFF00007371007E001E0000008371007E001674002D636F6D2E65617379636D732E6D616E6167656D656E742E757365722E646F6D61696E2E557365722E726F6C65737070707371007E002A00FFFFFFFF000171007E002F71007E0016740032636F6D2E65617379636D732E6D616E6167656D656E742E757365722E646F6D61696E2E557365722E75736572446576696365707371007E000C000000067704000000067372002D636F6D2E65617379636D732E6D616E6167656D656E742E757365722E646F6D61696E2E55736572446576696365CA4FF725EA1F08200200094C000963726561746564427971007E000F4C0009637265617465644F6E71007E00104C000664657669636571007E000F4C0008646576696365696471007E000F4C0002696471007E00114C000672656D61726B71007E000F4C000975706461746564427971007E000F4C0009757064617465644F6E71007E00104C0004757365727400294C636F6D2F65617379636D732F6D616E6167656D656E742F757365722F646F6D61696E2F557365723B7871007E00137070707071007E001771007E001870707070707070740008436F72655F4150497371007E001A77080000014DCD488700780000000070740010646634666261646636616265323531367371007E001E0000001170707071007E00167371007E00347070707071007E001771007E001870707070707070740008436F72655F4150497371007E001A77080000014DCD56042078000000007074000F3931396436653265636437343736367371007E001E0000001270707071007E00167371007E00347070707071007E001771007E001870707070707070740008436F72655F4150497371007E001A77080000014DCE397E80780000000070740010633863326263646538333030633533637371007E001E0000001470707071007E00167371007E00347070707071007E001771007E001870707070707070740008436F72655F4150497371007E001A77080000014DD38F6A48780000000070740010363764663333326631643237333036617371007E001E0000001970707071007E00167371007E00347070707071007E001771007E001870707070707070740008436F72655F4150497371007E001A77080000014DF80DD670780000000070740010336632313130643230663137396464647371007E001E0000002070707071007E00167371007E00347070707071007E001771007E001870707070707070740008436F72655F4150497371007E001A77080000014E021B6290780000000070740010653039336264646362636535353534397371007E001E0000002570707071007E0016787371007E000C0000000677040000000671007E003671007E003B71007E004071007E004571007E004A71007E004F787371007E000E7070707071007E001771007E001870707070707070000074000F303A303A303A303A303A303A303A317371007E001A77080000014E763D423878000000007400007371007E001E000000B371007E002174000F303A303A303A303A303A303A303A317371007E001A77080000014E762D447878000000007371007E001E000000857074000C736F6E6767756F7169616E677400203063373363356139313337346463336131396636623766363862336236616632740009E5AE8BE59BBDE5BCBA74000D3139322E3136382E322E3131397371007E001A77080000014E2E64D16078000000007371007E002A00FFFFFFFF00007371007E001E000000B371007E005571007E00307070707371007E002A00FFFFFFFF000171007E006371007E005571007E0032707371007E000C000000077704000000077371007E00347070707071007E001771007E001870707070707070740008436F72655F4150497371007E001A77080000014E2F0A2D68780000000070740010373939303336316535306562333335627371007E001E0000003470707071007E00557371007E00347070707071007E001771007E001870707070707070740008436F72655F4150497371007E001A77080000014E2F0A7B88780000000070740010653039336264646362636535353534397371007E001E0000003570707071007E00557371007E00347070707071007E001771007E001870707070707070740008436F72655F4150497371007E001A77080000014E301311E8780000000070740010633435643634363166306437366636347371007E001E0000003770707071007E00557371007E00347070707071007E001771007E001870707070707070740008436F72655F4150497371007E001A77080000014E32A63FE8780000000070740010666434383930386163633837656565337371007E001E0000003C70707071007E00557371007E00347070707071007E001771007E001870707070707070740008436F72655F4150497371007E001A77080000014E4A42AB00780000000070740010363764663333326631643237333036617371007E001E0000007270707071007E00557371007E00347070707071007E001771007E001870707070707070740008436F72655F4150497371007E001A77080000014E57961B2078000000007074000F3931396436653265636437343736367371007E001E0000007770707071007E00557371007E00347070707071007E001771007E001870707070707070740008436F72655F4150497371007E001A77080000014E57AB8F50780000000070740010326339636535323730316535316563647371007E001E0000007870707071007E0055787371007E000C0000000777040000000771007E006671007E006B71007E007071007E007571007E007A71007E007F71007E0084787874000970726F626C656D69647371007E001E000000B1787800);
INSERT INTO `QRTZ_TRIGGERS` VALUES ('scheduler', 'bd861bec-21aa-422d-a90d-1c75ebe4bb03', 'DEFAULT', 'jobDetail', 'DEFAULT', null, '1437114559531', '-1', '5', 'WAITING', 'SIMPLE', '1437114559531', '0', null, '-1', 0xACED0005737200156F72672E71756172747A2E4A6F62446174614D61709FB083E8BFA9B0CB020000787200266F72672E71756172747A2E7574696C732E537472696E674B65794469727479466C61674D61708208E8C3FBC55D280200015A0013616C6C6F77735472616E7369656E74446174617872001D6F72672E71756172747A2E7574696C732E4469727479466C61674D617013E62EAD28760ACE0200025A000564697274794C00036D617074000F4C6A6176612F7574696C2F4D61703B787001737200116A6176612E7574696C2E486173684D61700507DAC1C31660D103000246000A6C6F6164466163746F724900097468726573686F6C6478703F4000000000000C7708000000100000000274000A6A6F62446174614D61707371007E00053F4000000000000C770800000010000000027400076C656164657273737200136A6176612E7574696C2E41727261794C6973747881D21D99C7619D03000149000473697A6578700000000177040000000173720027636F6D2E65617379636D732E6D616E6167656D656E742E757365722E646F6D61696E2E5573657224EAFDE8DF4B6D230200125A000C64656661756C7441646D696E5A0005697344656C4C000E63757272656E744C6F67696E49707400124C6A6176612F6C616E672F537472696E673B4C001063757272656E744C6F67696E54696D657400104C6A6176612F7574696C2F446174653B4C0005656D61696C71007E000D4C000269647400134C6A6176612F6C616E672F496E74656765723B4C0012697344656661756C7441646D696E466C616771007E000F4C000B6C6173744C6F67696E497071007E000D4C000D6C6173744C6F67696E54696D6571007E000E4C000A6C6F67696E54696D657371007E000F4C00056D656E75737400104C6A6176612F7574696C2F4C6973743B4C00046E616D6571007E000D4C000870617373776F726471007E000D4C00087265616C6E616D6571007E000D4C000A7265676973746572497071007E000D4C000C726567697374657254696D6571007E000E4C0005726F6C657371007E00104C000A7573657244657669636571007E00107872001F636F6D2E65617379636D732E636F72652E666F726D2E4261736963466F726DDDE391474CEFE3EB02000D4C0006637573746F6D71007E000D5B000A646174654669656C64737400135B4C6A6176612F6C616E672F537472696E673B4C0007656E6454696D6571007E000D4C000666696C74657271007E000D4C0009666F726D617474657271007E000D4C000466756E6371007E000D5B00036964737400145B4C6A6176612F6C616E672F496E74656765723B4C00056F7264657271007E000D4C00047061676571007E000D4C000971756572795479706571007E000D4C0004726F777371007E000D4C0004736F727471007E000D4C0009737461727454696D6571007E000D787070707070740013797979792D4D4D2D64642048483A6D6D3A737374000070707070707070000074000D3139322E3136382E322E313139737200126A6176612E73716C2E54696D657374616D702618D5C80153BF650200014900056E616E6F737872000E6A6176612E7574696C2E44617465686A81014B597419030000787077080000014E8B2255807800000000740000737200116A6176612E6C616E672E496E746567657212E2A0A4F781873802000149000576616C7565787200106A6176612E6C616E672E4E756D62657286AC951D0B94E08B0200007870000000B37371007E001C0000000074000D3139322E3136382E322E3131397371007E001877080000014E8B1F6B6878000000007371007E001C0000009D7074000C736F6E6767756F7169616E677400203063373363356139313337346463336131396636623766363862336236616632740009E5AE8BE59BBDE5BCBA74000D3139322E3136382E322E3131397371007E001877080000014E2E64D16078000000007372002F6F72672E68696265726E6174652E636F6C6C656374696F6E2E696E7465726E616C2E50657273697374656E74426167464A645C192E1EC40200014C000362616771007E00107872003E6F72672E68696265726E6174652E636F6C6C656374696F6E2E696E7465726E616C2E416273747261637450657273697374656E74436F6C6C656374696F6E844A7E7706AE8D0B0200095A001B616C6C6F774C6F61644F7574736964655472616E73616374696F6E49000A63616368656453697A655A000564697274795A000B696E697469616C697A65644C00036B65797400164C6A6176612F696F2F53657269616C697A61626C653B4C00056F776E65727400124C6A6176612F6C616E672F4F626A6563743B4C0004726F6C6571007E000D4C001273657373696F6E466163746F72795575696471007E000D4C000E73746F726564536E617073686F7471007E002A787000FFFFFFFF000071007E001E71007E001474002D636F6D2E65617379636D732E6D616E6167656D656E742E757365722E646F6D61696E2E557365722E726F6C65737070707371007E002800FFFFFFFF000171007E001E71007E0014740032636F6D2E65617379636D732E6D616E6167656D656E742E757365722E646F6D61696E2E557365722E75736572446576696365707371007E000A000000077704000000077372002D636F6D2E65617379636D732E6D616E6167656D656E742E757365722E646F6D61696E2E55736572446576696365CA4FF725EA1F08200200094C000963726561746564427971007E000D4C0009637265617465644F6E71007E000E4C000664657669636571007E000D4C0008646576696365696471007E000D4C0002696471007E000F4C000672656D61726B71007E000D4C000975706461746564427971007E000D4C0009757064617465644F6E71007E000E4C0004757365727400294C636F6D2F65617379636D732F6D616E6167656D656E742F757365722F646F6D61696E2F557365723B7871007E00117070707071007E001571007E001670707070707070740008436F72655F4150497371007E001877080000014E2F0A2D68780000000070740010373939303336316535306562333335627371007E001C0000003470707071007E00147371007E00317070707071007E001571007E001670707070707070740008436F72655F4150497371007E001877080000014E2F0A7B88780000000070740010653039336264646362636535353534397371007E001C0000003570707071007E00147371007E00317070707071007E001571007E001670707070707070740008436F72655F4150497371007E001877080000014E301311E8780000000070740010633435643634363166306437366636347371007E001C0000003770707071007E00147371007E00317070707071007E001571007E001670707070707070740008436F72655F4150497371007E001877080000014E32A63FE8780000000070740010666434383930386163633837656565337371007E001C0000003C70707071007E00147371007E00317070707071007E001571007E001670707070707070740008436F72655F4150497371007E001877080000014E4A42AB00780000000070740010363764663333326631643237333036617371007E001C0000007270707071007E00147371007E00317070707071007E001571007E001670707070707070740008436F72655F4150497371007E001877080000014E57961B2078000000007074000F3931396436653265636437343736367371007E001C0000007770707071007E00147371007E00317070707071007E001571007E001670707070707070740008436F72655F4150497371007E001877080000014E57AB8F50780000000070740010326339636535323730316535316563647371007E001C0000007870707071007E0014787371007E000A0000000777040000000771007E003371007E003871007E003D71007E004271007E004771007E004C71007E0051787874000970726F626C656D69647371007E001C000000BE7874000A6A6F625365727669636574001E70726F626C656D4175746F4368616E6765536F6C766572536572766963657800);
INSERT INTO `QRTZ_TRIGGERS` VALUES ('scheduler', 'c8c4fbfd-4fce-45ec-b83f-947c34d51572', 'DEFAULT', 'jobDetail', 'DEFAULT', null, '1437015134745', '-1', '5', 'WAITING', 'SIMPLE', '1437015134745', '0', null, '-1', 0xACED0005737200156F72672E71756172747A2E4A6F62446174614D61709FB083E8BFA9B0CB020000787200266F72672E71756172747A2E7574696C732E537472696E674B65794469727479466C61674D61708208E8C3FBC55D280200015A0013616C6C6F77735472616E7369656E74446174617872001D6F72672E71756172747A2E7574696C732E4469727479466C61674D617013E62EAD28760ACE0200025A000564697274794C00036D617074000F4C6A6176612F7574696C2F4D61703B787001737200116A6176612E7574696C2E486173684D61700507DAC1C31660D103000246000A6C6F6164466163746F724900097468726573686F6C6478703F4000000000000C7708000000100000000274000A6A6F62446174614D61707371007E00053F4000000000000C770800000010000000027400076C656164657273737200136A6176612E7574696C2E41727261794C6973747881D21D99C7619D03000149000473697A6578700000000277040000000273720027636F6D2E65617379636D732E6D616E6167656D656E742E757365722E646F6D61696E2E5573657224EAFDE8DF4B6D230200125A000C64656661756C7441646D696E5A0005697344656C4C000E63757272656E744C6F67696E49707400124C6A6176612F6C616E672F537472696E673B4C001063757272656E744C6F67696E54696D657400104C6A6176612F7574696C2F446174653B4C0005656D61696C71007E000D4C000269647400134C6A6176612F6C616E672F496E74656765723B4C0012697344656661756C7441646D696E466C616771007E000F4C000B6C6173744C6F67696E497071007E000D4C000D6C6173744C6F67696E54696D6571007E000E4C000A6C6F67696E54696D657371007E000F4C00056D656E75737400104C6A6176612F7574696C2F4C6973743B4C00046E616D6571007E000D4C000870617373776F726471007E000D4C00087265616C6E616D6571007E000D4C000A7265676973746572497071007E000D4C000C726567697374657254696D6571007E000E4C0005726F6C657371007E00104C000A7573657244657669636571007E00107872001F636F6D2E65617379636D732E636F72652E666F726D2E4261736963466F726DDDE391474CEFE3EB02000D4C0006637573746F6D71007E000D5B000A646174654669656C64737400135B4C6A6176612F6C616E672F537472696E673B4C0007656E6454696D6571007E000D4C000666696C74657271007E000D4C0009666F726D617474657271007E000D4C000466756E6371007E000D5B00036964737400145B4C6A6176612F6C616E672F496E74656765723B4C00056F7264657271007E000D4C00047061676571007E000D4C000971756572795479706571007E000D4C0004726F777371007E000D4C0004736F727471007E000D4C0009737461727454696D6571007E000D787070707070740013797979792D4D4D2D64642048483A6D6D3A737374000070707070707070000074000F303A303A303A303A303A303A303A31737200126A6176612E73716C2E54696D657374616D702618D5C80153BF650200014900056E616E6F737872000E6A6176612E7574696C2E44617465686A81014B597419030000787077080000014E764139D87800000000740000737200116A6176612E6C616E672E496E746567657212E2A0A4F781873802000149000576616C7565787200106A6176612E6C616E672E4E756D62657286AC951D0B94E08B0200007870000000837371007E001C0000000074000D3139322E3136382E322E3131397371007E001877080000014E57A457A878000000007371007E001C000000977074000862616E7A68616E677400203539346166653565316638616338333832376361343334333466376461653161740006E78FADE995BF74000D3139322E3136382E322E3131397371007E001877080000014DCD25014078000000007372002F6F72672E68696265726E6174652E636F6C6C656374696F6E2E696E7465726E616C2E50657273697374656E74426167464A645C192E1EC40200014C000362616771007E00107872003E6F72672E68696265726E6174652E636F6C6C656374696F6E2E696E7465726E616C2E416273747261637450657273697374656E74436F6C6C656374696F6E844A7E7706AE8D0B0200095A001B616C6C6F774C6F61644F7574736964655472616E73616374696F6E49000A63616368656453697A655A000564697274795A000B696E697469616C697A65644C00036B65797400164C6A6176612F696F2F53657269616C697A61626C653B4C00056F776E65727400124C6A6176612F6C616E672F4F626A6563743B4C0004726F6C6571007E000D4C001273657373696F6E466163746F72795575696471007E000D4C000E73746F726564536E617073686F7471007E002A787000FFFFFFFF000071007E001E71007E001474002D636F6D2E65617379636D732E6D616E6167656D656E742E757365722E646F6D61696E2E557365722E726F6C65737070707371007E002800FFFFFFFF000171007E001E71007E0014740032636F6D2E65617379636D732E6D616E6167656D656E742E757365722E646F6D61696E2E557365722E75736572446576696365707371007E000A000000067704000000067372002D636F6D2E65617379636D732E6D616E6167656D656E742E757365722E646F6D61696E2E55736572446576696365CA4FF725EA1F08200200094C000963726561746564427971007E000D4C0009637265617465644F6E71007E000E4C000664657669636571007E000D4C0008646576696365696471007E000D4C0002696471007E000F4C000672656D61726B71007E000D4C000975706461746564427971007E000D4C0009757064617465644F6E71007E000E4C0004757365727400294C636F6D2F65617379636D732F6D616E6167656D656E742F757365722F646F6D61696E2F557365723B7871007E00117070707071007E001571007E001670707070707070740008436F72655F4150497371007E001877080000014DCD488700780000000070740010646634666261646636616265323531367371007E001C0000001170707071007E00147371007E00317070707071007E001571007E001670707070707070740008436F72655F4150497371007E001877080000014DCD56042078000000007074000F3931396436653265636437343736367371007E001C0000001270707071007E00147371007E00317070707071007E001571007E001670707070707070740008436F72655F4150497371007E001877080000014DCE397E80780000000070740010633863326263646538333030633533637371007E001C0000001470707071007E00147371007E00317070707071007E001571007E001670707070707070740008436F72655F4150497371007E001877080000014DD38F6A48780000000070740010363764663333326631643237333036617371007E001C0000001970707071007E00147371007E00317070707071007E001571007E001670707070707070740008436F72655F4150497371007E001877080000014DF80DD670780000000070740010336632313130643230663137396464647371007E001C0000002070707071007E00147371007E00317070707071007E001571007E001670707070707070740008436F72655F4150497371007E001877080000014E021B6290780000000070740010653039336264646362636535353534397371007E001C0000002570707071007E0014787371007E000A0000000677040000000671007E003371007E003871007E003D71007E004271007E004771007E004C787371007E000C7070707071007E001571007E001670707070707070000074000D3139322E3136382E322E3131397371007E001977080000014E855323A5787400007371007E001C000000B371007E001F74000D3139322E3136382E322E3131397371007E001877080000014E85417F3878000000007371007E001C000000937074000C736F6E6767756F7169616E677400203063373363356139313337346463336131396636623766363862336236616632740009E5AE8BE59BBDE5BCBA74000D3139322E3136382E322E3131397371007E001877080000014E2E64D16078000000007371007E002800FFFFFFFF00007371007E001C000000B371007E005271007E002D7070707371007E002800FFFFFFFF000171007E006071007E005271007E002F707371007E000A000000077704000000077371007E00317070707071007E001571007E001670707070707070740008436F72655F4150497371007E001877080000014E2F0A2D68780000000070740010373939303336316535306562333335627371007E001C0000003470707071007E00527371007E00317070707071007E001571007E001670707070707070740008436F72655F4150497371007E001877080000014E2F0A7B88780000000070740010653039336264646362636535353534397371007E001C0000003570707071007E00527371007E00317070707071007E001571007E001670707070707070740008436F72655F4150497371007E001877080000014E301311E8780000000070740010633435643634363166306437366636347371007E001C0000003770707071007E00527371007E00317070707071007E001571007E001670707070707070740008436F72655F4150497371007E001877080000014E32A63FE8780000000070740010666434383930386163633837656565337371007E001C0000003C70707071007E00527371007E00317070707071007E001571007E001670707070707070740008436F72655F4150497371007E001877080000014E4A42AB00780000000070740010363764663333326631643237333036617371007E001C0000007270707071007E00527371007E00317070707071007E001571007E001670707070707070740008436F72655F4150497371007E001877080000014E57961B2078000000007074000F3931396436653265636437343736367371007E001C0000007770707071007E00527371007E00317070707071007E001571007E001670707070707070740008436F72655F4150497371007E001877080000014E57AB8F50780000000070740010326339636535323730316535316563647371007E001C0000007870707071007E0052787371007E000A0000000777040000000771007E006371007E006871007E006D71007E007271007E007771007E007C71007E0081787874000970726F626C656D69647371007E001C000000BB7874000A6A6F625365727669636574001E70726F626C656D4175746F4368616E6765536F6C766572536572766963657800);
INSERT INTO `QRTZ_TRIGGERS` VALUES ('scheduler', 'ca143266-d7c6-4c26-8809-61f0667ecb65', 'DEFAULT', 'jobDetail', 'DEFAULT', null, '1436760911203', '-1', '5', 'WAITING', 'SIMPLE', '1436760911203', '0', null, '-1', 0xACED0005737200156F72672E71756172747A2E4A6F62446174614D61709FB083E8BFA9B0CB020000787200266F72672E71756172747A2E7574696C732E537472696E674B65794469727479466C61674D61708208E8C3FBC55D280200015A0013616C6C6F77735472616E7369656E74446174617872001D6F72672E71756172747A2E7574696C732E4469727479466C61674D617013E62EAD28760ACE0200025A000564697274794C00036D617074000F4C6A6176612F7574696C2F4D61703B787001737200116A6176612E7574696C2E486173684D61700507DAC1C31660D103000246000A6C6F6164466163746F724900097468726573686F6C6478703F4000000000000C7708000000100000000274000A6A6F625365727669636574001E70726F626C656D4175746F4368616E6765536F6C7665725365727669636574000A6A6F62446174614D61707371007E00053F4000000000000C770800000010000000027400076C656164657273737200136A6176612E7574696C2E41727261794C6973747881D21D99C7619D03000149000473697A6578700000000277040000000273720027636F6D2E65617379636D732E6D616E6167656D656E742E757365722E646F6D61696E2E5573657224EAFDE8DF4B6D230200125A000C64656661756C7441646D696E5A0005697344656C4C000E63757272656E744C6F67696E49707400124C6A6176612F6C616E672F537472696E673B4C001063757272656E744C6F67696E54696D657400104C6A6176612F7574696C2F446174653B4C0005656D61696C71007E000F4C000269647400134C6A6176612F6C616E672F496E74656765723B4C0012697344656661756C7441646D696E466C616771007E00114C000B6C6173744C6F67696E497071007E000F4C000D6C6173744C6F67696E54696D6571007E00104C000A6C6F67696E54696D657371007E00114C00056D656E75737400104C6A6176612F7574696C2F4C6973743B4C00046E616D6571007E000F4C000870617373776F726471007E000F4C00087265616C6E616D6571007E000F4C000A7265676973746572497071007E000F4C000C726567697374657254696D6571007E00104C0005726F6C657371007E00124C000A7573657244657669636571007E00127872001F636F6D2E65617379636D732E636F72652E666F726D2E4261736963466F726DDDE391474CEFE3EB02000D4C0006637573746F6D71007E000F5B000A646174654669656C64737400135B4C6A6176612F6C616E672F537472696E673B4C0007656E6454696D6571007E000F4C000666696C74657271007E000F4C0009666F726D617474657271007E000F4C000466756E6371007E000F5B00036964737400145B4C6A6176612F6C616E672F496E74656765723B4C00056F7264657271007E000F4C00047061676571007E000F4C000971756572795479706571007E000F4C0004726F777371007E000F4C0004736F727471007E000F4C0009737461727454696D6571007E000F787070707070740013797979792D4D4D2D64642048483A6D6D3A737374000070707070707070000174000D3139322E3136382E322E313139737200126A6176612E73716C2E54696D657374616D702618D5C80153BF650200014900056E616E6F737872000E6A6176612E7574696C2E44617465686A81014B597419030000787077080000014E57A457A87800000000740000737200116A6176612E6C616E672E496E746567657212E2A0A4F781873802000149000576616C7565787200106A6176612E6C616E672E4E756D62657286AC951D0B94E08B0200007870000000837371007E001E0000000074000D3139322E3136382E322E3131397371007E001A77080000014E57A44BF078000000007371007E001E000000967074000962616E7A68616E67797400203539346166653565316638616338333832376361343334333466376461653161740006E78FADE995BF74000D3139322E3136382E322E3131397371007E001A77080000014DCD25014078000000007372002F6F72672E68696265726E6174652E636F6C6C656374696F6E2E696E7465726E616C2E50657273697374656E74426167464A645C192E1EC40200014C000362616771007E00127872003E6F72672E68696265726E6174652E636F6C6C656374696F6E2E696E7465726E616C2E416273747261637450657273697374656E74436F6C6C656374696F6E844A7E7706AE8D0B0200095A001B616C6C6F774C6F61644F7574736964655472616E73616374696F6E49000A63616368656453697A655A000564697274795A000B696E697469616C697A65644C00036B65797400164C6A6176612F696F2F53657269616C697A61626C653B4C00056F776E65727400124C6A6176612F6C616E672F4F626A6563743B4C0004726F6C6571007E000F4C001273657373696F6E466163746F72795575696471007E000F4C000E73746F726564536E617073686F7471007E002C787000FFFFFFFF00007371007E001E0000008371007E001674002D636F6D2E65617379636D732E6D616E6167656D656E742E757365722E646F6D61696E2E557365722E726F6C65737070707371007E002A00FFFFFFFF000171007E002F71007E0016740032636F6D2E65617379636D732E6D616E6167656D656E742E757365722E646F6D61696E2E557365722E75736572446576696365707371007E000C000000067704000000067372002D636F6D2E65617379636D732E6D616E6167656D656E742E757365722E646F6D61696E2E55736572446576696365CA4FF725EA1F08200200094C000963726561746564427971007E000F4C0009637265617465644F6E71007E00104C000664657669636571007E000F4C0008646576696365696471007E000F4C0002696471007E00114C000672656D61726B71007E000F4C000975706461746564427971007E000F4C0009757064617465644F6E71007E00104C0004757365727400294C636F6D2F65617379636D732F6D616E6167656D656E742F757365722F646F6D61696E2F557365723B7871007E00137070707071007E001771007E001870707070707070740008436F72655F4150497371007E001A77080000014DCD488700780000000070740010646634666261646636616265323531367371007E001E0000001170707071007E00167371007E00347070707071007E001771007E001870707070707070740008436F72655F4150497371007E001A77080000014DCD56042078000000007074000F3931396436653265636437343736367371007E001E0000001270707071007E00167371007E00347070707071007E001771007E001870707070707070740008436F72655F4150497371007E001A77080000014DCE397E80780000000070740010633863326263646538333030633533637371007E001E0000001470707071007E00167371007E00347070707071007E001771007E001870707070707070740008436F72655F4150497371007E001A77080000014DD38F6A48780000000070740010363764663333326631643237333036617371007E001E0000001970707071007E00167371007E00347070707071007E001771007E001870707070707070740008436F72655F4150497371007E001A77080000014DF80DD670780000000070740010336632313130643230663137396464647371007E001E0000002070707071007E00167371007E00347070707071007E001771007E001870707070707070740008436F72655F4150497371007E001A77080000014E021B6290780000000070740010653039336264646362636535353534397371007E001E0000002570707071007E0016787371007E000C0000000677040000000671007E003671007E003B71007E004071007E004571007E004A71007E004F787371007E000E7070707071007E001771007E001870707070707070000074000F303A303A303A303A303A303A303A317371007E001A77080000014E760BA31878000000007400007371007E001E000000B371007E002174000D3139322E3136382E322E3131397371007E001A77080000014E75E882E878000000007371007E001E000000837074000C736F6E6767756F7169616E677400203063373363356139313337346463336131396636623766363862336236616632740009E5AE8BE59BBDE5BCBA74000D3139322E3136382E322E3131397371007E001A77080000014E2E64D16078000000007371007E002A00FFFFFFFF00007371007E001E000000B371007E005571007E00307070707371007E002A00FFFFFFFF000171007E006371007E005571007E0032707371007E000C000000077704000000077371007E00347070707071007E001771007E001870707070707070740008436F72655F4150497371007E001A77080000014E2F0A2D68780000000070740010373939303336316535306562333335627371007E001E0000003470707071007E00557371007E00347070707071007E001771007E001870707070707070740008436F72655F4150497371007E001A77080000014E2F0A7B88780000000070740010653039336264646362636535353534397371007E001E0000003570707071007E00557371007E00347070707071007E001771007E001870707070707070740008436F72655F4150497371007E001A77080000014E301311E8780000000070740010633435643634363166306437366636347371007E001E0000003770707071007E00557371007E00347070707071007E001771007E001870707070707070740008436F72655F4150497371007E001A77080000014E32A63FE8780000000070740010666434383930386163633837656565337371007E001E0000003C70707071007E00557371007E00347070707071007E001771007E001870707070707070740008436F72655F4150497371007E001A77080000014E4A42AB00780000000070740010363764663333326631643237333036617371007E001E0000007270707071007E00557371007E00347070707071007E001771007E001870707070707070740008436F72655F4150497371007E001A77080000014E57961B2078000000007074000F3931396436653265636437343736367371007E001E0000007770707071007E00557371007E00347070707071007E001771007E001870707070707070740008436F72655F4150497371007E001A77080000014E57AB8F50780000000070740010326339636535323730316535316563647371007E001E0000007870707071007E0055787371007E000C0000000777040000000771007E006671007E006B71007E007071007E007571007E007A71007E007F71007E0084787874000970726F626C656D69647371007E001E000000AE787800);
INSERT INTO `QRTZ_TRIGGERS` VALUES ('scheduler', 'd4848dec-43a2-4fc0-af6a-b00eeca5904f', 'DEFAULT', 'jobDetail', 'DEFAULT', null, '1437115806576', '-1', '5', 'WAITING', 'SIMPLE', '1437115806576', '0', null, '-1', 0xACED0005737200156F72672E71756172747A2E4A6F62446174614D61709FB083E8BFA9B0CB020000787200266F72672E71756172747A2E7574696C732E537472696E674B65794469727479466C61674D61708208E8C3FBC55D280200015A0013616C6C6F77735472616E7369656E74446174617872001D6F72672E71756172747A2E7574696C732E4469727479466C61674D617013E62EAD28760ACE0200025A000564697274794C00036D617074000F4C6A6176612F7574696C2F4D61703B787001737200116A6176612E7574696C2E486173684D61700507DAC1C31660D103000246000A6C6F6164466163746F724900097468726573686F6C6478703F4000000000000C7708000000100000000274000A6A6F62446174614D61707371007E00053F4000000000000C770800000010000000027400076C656164657273737200136A6176612E7574696C2E41727261794C6973747881D21D99C7619D03000149000473697A6578700000000177040000000173720027636F6D2E65617379636D732E6D616E6167656D656E742E757365722E646F6D61696E2E5573657224EAFDE8DF4B6D230200125A000C64656661756C7441646D696E5A0005697344656C4C000E63757272656E744C6F67696E49707400124C6A6176612F6C616E672F537472696E673B4C001063757272656E744C6F67696E54696D657400104C6A6176612F7574696C2F446174653B4C0005656D61696C71007E000D4C000269647400134C6A6176612F6C616E672F496E74656765723B4C0012697344656661756C7441646D696E466C616771007E000F4C000B6C6173744C6F67696E497071007E000D4C000D6C6173744C6F67696E54696D6571007E000E4C000A6C6F67696E54696D657371007E000F4C00056D656E75737400104C6A6176612F7574696C2F4C6973743B4C00046E616D6571007E000D4C000870617373776F726471007E000D4C00087265616C6E616D6571007E000D4C000A7265676973746572497071007E000D4C000C726567697374657254696D6571007E000E4C0005726F6C657371007E00104C000A7573657244657669636571007E00107872001F636F6D2E65617379636D732E636F72652E666F726D2E4261736963466F726DDDE391474CEFE3EB02000D4C0006637573746F6D71007E000D5B000A646174654669656C64737400135B4C6A6176612F6C616E672F537472696E673B4C0007656E6454696D6571007E000D4C000666696C74657271007E000D4C0009666F726D617474657271007E000D4C000466756E6371007E000D5B00036964737400145B4C6A6176612F6C616E672F496E74656765723B4C00056F7264657271007E000D4C00047061676571007E000D4C000971756572795479706571007E000D4C0004726F777371007E000D4C0004736F727471007E000D4C0009737461727454696D6571007E000D787070707070740013797979792D4D4D2D64642048483A6D6D3A737374000070707070707070000074000D3139322E3136382E322E313139737200126A6176612E73716C2E54696D657374616D702618D5C80153BF650200014900056E616E6F737872000E6A6176612E7574696C2E44617465686A81014B597419030000787077080000014E8B2255807800000000740000737200116A6176612E6C616E672E496E746567657212E2A0A4F781873802000149000576616C7565787200106A6176612E6C616E672E4E756D62657286AC951D0B94E08B0200007870000000B37371007E001C0000000074000D3139322E3136382E322E3131397371007E001877080000014E8B1F6B6878000000007371007E001C0000009D7074000C736F6E6767756F7169616E677400203063373363356139313337346463336131396636623766363862336236616632740009E5AE8BE59BBDE5BCBA74000D3139322E3136382E322E3131397371007E001877080000014E2E64D16078000000007372002F6F72672E68696265726E6174652E636F6C6C656374696F6E2E696E7465726E616C2E50657273697374656E74426167464A645C192E1EC40200014C000362616771007E00107872003E6F72672E68696265726E6174652E636F6C6C656374696F6E2E696E7465726E616C2E416273747261637450657273697374656E74436F6C6C656374696F6E844A7E7706AE8D0B0200095A001B616C6C6F774C6F61644F7574736964655472616E73616374696F6E49000A63616368656453697A655A000564697274795A000B696E697469616C697A65644C00036B65797400164C6A6176612F696F2F53657269616C697A61626C653B4C00056F776E65727400124C6A6176612F6C616E672F4F626A6563743B4C0004726F6C6571007E000D4C001273657373696F6E466163746F72795575696471007E000D4C000E73746F726564536E617073686F7471007E002A787000FFFFFFFF000071007E001E71007E001474002D636F6D2E65617379636D732E6D616E6167656D656E742E757365722E646F6D61696E2E557365722E726F6C65737070707371007E002800FFFFFFFF000171007E001E71007E0014740032636F6D2E65617379636D732E6D616E6167656D656E742E757365722E646F6D61696E2E557365722E75736572446576696365707371007E000A000000077704000000077372002D636F6D2E65617379636D732E6D616E6167656D656E742E757365722E646F6D61696E2E55736572446576696365CA4FF725EA1F08200200094C000963726561746564427971007E000D4C0009637265617465644F6E71007E000E4C000664657669636571007E000D4C0008646576696365696471007E000D4C0002696471007E000F4C000672656D61726B71007E000D4C000975706461746564427971007E000D4C0009757064617465644F6E71007E000E4C0004757365727400294C636F6D2F65617379636D732F6D616E6167656D656E742F757365722F646F6D61696E2F557365723B7871007E00117070707071007E001571007E001670707070707070740008436F72655F4150497371007E001877080000014E2F0A2D68780000000070740010373939303336316535306562333335627371007E001C0000003470707071007E00147371007E00317070707071007E001571007E001670707070707070740008436F72655F4150497371007E001877080000014E2F0A7B88780000000070740010653039336264646362636535353534397371007E001C0000003570707071007E00147371007E00317070707071007E001571007E001670707070707070740008436F72655F4150497371007E001877080000014E301311E8780000000070740010633435643634363166306437366636347371007E001C0000003770707071007E00147371007E00317070707071007E001571007E001670707070707070740008436F72655F4150497371007E001877080000014E32A63FE8780000000070740010666434383930386163633837656565337371007E001C0000003C70707071007E00147371007E00317070707071007E001571007E001670707070707070740008436F72655F4150497371007E001877080000014E4A42AB00780000000070740010363764663333326631643237333036617371007E001C0000007270707071007E00147371007E00317070707071007E001571007E001670707070707070740008436F72655F4150497371007E001877080000014E57961B2078000000007074000F3931396436653265636437343736367371007E001C0000007770707071007E00147371007E00317070707071007E001571007E001670707070707070740008436F72655F4150497371007E001877080000014E57AB8F50780000000070740010326339636535323730316535316563647371007E001C0000007870707071007E0014787371007E000A0000000777040000000771007E003371007E003871007E003D71007E004271007E004771007E004C71007E0051787874000970726F626C656D69647371007E001C000000C07874000A6A6F625365727669636574001E70726F626C656D4175746F4368616E6765536F6C766572536572766963657800);
INSERT INTO `QRTZ_TRIGGERS` VALUES ('scheduler', 'd6c113c9-2e30-462c-97ac-577de110f4da', 'DEFAULT', 'jobDetail', 'DEFAULT', null, '1436766570108', '-1', '5', 'WAITING', 'SIMPLE', '1436766570108', '0', null, '-1', 0xACED0005737200156F72672E71756172747A2E4A6F62446174614D61709FB083E8BFA9B0CB020000787200266F72672E71756172747A2E7574696C732E537472696E674B65794469727479466C61674D61708208E8C3FBC55D280200015A0013616C6C6F77735472616E7369656E74446174617872001D6F72672E71756172747A2E7574696C732E4469727479466C61674D617013E62EAD28760ACE0200025A000564697274794C00036D617074000F4C6A6176612F7574696C2F4D61703B787001737200116A6176612E7574696C2E486173684D61700507DAC1C31660D103000246000A6C6F6164466163746F724900097468726573686F6C6478703F4000000000000C7708000000100000000274000A6A6F62446174614D61707371007E00053F4000000000000C770800000010000000027400076C656164657273737200136A6176612E7574696C2E41727261794C6973747881D21D99C7619D03000149000473697A6578700000000277040000000273720027636F6D2E65617379636D732E6D616E6167656D656E742E757365722E646F6D61696E2E5573657224EAFDE8DF4B6D230200125A000C64656661756C7441646D696E5A0005697344656C4C000E63757272656E744C6F67696E49707400124C6A6176612F6C616E672F537472696E673B4C001063757272656E744C6F67696E54696D657400104C6A6176612F7574696C2F446174653B4C0005656D61696C71007E000D4C000269647400134C6A6176612F6C616E672F496E74656765723B4C0012697344656661756C7441646D696E466C616771007E000F4C000B6C6173744C6F67696E497071007E000D4C000D6C6173744C6F67696E54696D6571007E000E4C000A6C6F67696E54696D657371007E000F4C00056D656E75737400104C6A6176612F7574696C2F4C6973743B4C00046E616D6571007E000D4C000870617373776F726471007E000D4C00087265616C6E616D6571007E000D4C000A7265676973746572497071007E000D4C000C726567697374657254696D6571007E000E4C0005726F6C657371007E00104C000A7573657244657669636571007E00107872001F636F6D2E65617379636D732E636F72652E666F726D2E4261736963466F726DDDE391474CEFE3EB02000D4C0006637573746F6D71007E000D5B000A646174654669656C64737400135B4C6A6176612F6C616E672F537472696E673B4C0007656E6454696D6571007E000D4C000666696C74657271007E000D4C0009666F726D617474657271007E000D4C000466756E6371007E000D5B00036964737400145B4C6A6176612F6C616E672F496E74656765723B4C00056F7264657271007E000D4C00047061676571007E000D4C000971756572795479706571007E000D4C0004726F777371007E000D4C0004736F727471007E000D4C0009737461727454696D6571007E000D787070707070740013797979792D4D4D2D64642048483A6D6D3A737374000070707070707070000074000F303A303A303A303A303A303A303A31737200126A6176612E73716C2E54696D657374616D702618D5C80153BF650200014900056E616E6F737872000E6A6176612E7574696C2E44617465686A81014B597419030000787077080000014E764139D87800000000740000737200116A6176612E6C616E672E496E746567657212E2A0A4F781873802000149000576616C7565787200106A6176612E6C616E672E4E756D62657286AC951D0B94E08B0200007870000000837371007E001C0000000074000D3139322E3136382E322E3131397371007E001877080000014E57A457A878000000007371007E001C000000977074000862616E7A68616E677400203539346166653565316638616338333832376361343334333466376461653161740006E78FADE995BF74000D3139322E3136382E322E3131397371007E001877080000014DCD25014078000000007372002F6F72672E68696265726E6174652E636F6C6C656374696F6E2E696E7465726E616C2E50657273697374656E74426167464A645C192E1EC40200014C000362616771007E00107872003E6F72672E68696265726E6174652E636F6C6C656374696F6E2E696E7465726E616C2E416273747261637450657273697374656E74436F6C6C656374696F6E844A7E7706AE8D0B0200095A001B616C6C6F774C6F61644F7574736964655472616E73616374696F6E49000A63616368656453697A655A000564697274795A000B696E697469616C697A65644C00036B65797400164C6A6176612F696F2F53657269616C697A61626C653B4C00056F776E65727400124C6A6176612F6C616E672F4F626A6563743B4C0004726F6C6571007E000D4C001273657373696F6E466163746F72795575696471007E000D4C000E73746F726564536E617073686F7471007E002A787000FFFFFFFF000071007E001E71007E001474002D636F6D2E65617379636D732E6D616E6167656D656E742E757365722E646F6D61696E2E557365722E726F6C65737070707371007E002800FFFFFFFF000171007E001E71007E0014740032636F6D2E65617379636D732E6D616E6167656D656E742E757365722E646F6D61696E2E557365722E75736572446576696365707371007E000A000000067704000000067372002D636F6D2E65617379636D732E6D616E6167656D656E742E757365722E646F6D61696E2E55736572446576696365CA4FF725EA1F08200200094C000963726561746564427971007E000D4C0009637265617465644F6E71007E000E4C000664657669636571007E000D4C0008646576696365696471007E000D4C0002696471007E000F4C000672656D61726B71007E000D4C000975706461746564427971007E000D4C0009757064617465644F6E71007E000E4C0004757365727400294C636F6D2F65617379636D732F6D616E6167656D656E742F757365722F646F6D61696E2F557365723B7871007E00117070707071007E001571007E001670707070707070740008436F72655F4150497371007E001877080000014DCD488700780000000070740010646634666261646636616265323531367371007E001C0000001170707071007E00147371007E00317070707071007E001571007E001670707070707070740008436F72655F4150497371007E001877080000014DCD56042078000000007074000F3931396436653265636437343736367371007E001C0000001270707071007E00147371007E00317070707071007E001571007E001670707070707070740008436F72655F4150497371007E001877080000014DCE397E80780000000070740010633863326263646538333030633533637371007E001C0000001470707071007E00147371007E00317070707071007E001571007E001670707070707070740008436F72655F4150497371007E001877080000014DD38F6A48780000000070740010363764663333326631643237333036617371007E001C0000001970707071007E00147371007E00317070707071007E001571007E001670707070707070740008436F72655F4150497371007E001877080000014DF80DD670780000000070740010336632313130643230663137396464647371007E001C0000002070707071007E00147371007E00317070707071007E001571007E001670707070707070740008436F72655F4150497371007E001877080000014E021B6290780000000070740010653039336264646362636535353534397371007E001C0000002570707071007E0014787371007E000A0000000677040000000671007E003371007E003871007E003D71007E004271007E004771007E004C787371007E000C7070707071007E001571007E001670707070707070000074000D3139322E3136382E322E3131397371007E001877080000014E767FE0E878000000007400007371007E001C000000B371007E001F74000D3139322E3136382E322E3131397371007E001877080000014E7678EBA878000000007371007E001C000000887074000C736F6E6767756F7169616E677400203063373363356139313337346463336131396636623766363862336236616632740009E5AE8BE59BBDE5BCBA74000D3139322E3136382E322E3131397371007E001877080000014E2E64D16078000000007371007E002800FFFFFFFF000071007E005671007E005271007E002D7070707371007E002800FFFFFFFF000171007E005671007E005271007E002F707371007E000A000000077704000000077371007E00317070707071007E001571007E001670707070707070740008436F72655F4150497371007E001877080000014E2F0A2D68780000000070740010373939303336316535306562333335627371007E001C0000003470707071007E00527371007E00317070707071007E001571007E001670707070707070740008436F72655F4150497371007E001877080000014E2F0A7B88780000000070740010653039336264646362636535353534397371007E001C0000003570707071007E00527371007E00317070707071007E001571007E001670707070707070740008436F72655F4150497371007E001877080000014E301311E8780000000070740010633435643634363166306437366636347371007E001C0000003770707071007E00527371007E00317070707071007E001571007E001670707070707070740008436F72655F4150497371007E001877080000014E32A63FE8780000000070740010666434383930386163633837656565337371007E001C0000003C70707071007E00527371007E00317070707071007E001571007E001670707070707070740008436F72655F4150497371007E001877080000014E4A42AB00780000000070740010363764663333326631643237333036617371007E001C0000007270707071007E00527371007E00317070707071007E001571007E001670707070707070740008436F72655F4150497371007E001877080000014E57961B2078000000007074000F3931396436653265636437343736367371007E001C0000007770707071007E00527371007E00317070707071007E001571007E001670707070707070740008436F72655F4150497371007E001877080000014E57AB8F50780000000070740010326339636535323730316535316563647371007E001C0000007870707071007E0052787371007E000A0000000777040000000771007E006271007E006771007E006C71007E007171007E007671007E007B71007E0080787874000970726F626C656D69647371007E001C000000B87874000A6A6F625365727669636574001E70726F626C656D4175746F4368616E6765536F6C766572536572766963657800);
INSERT INTO `QRTZ_TRIGGERS` VALUES ('scheduler', 'd84a5a49-2161-424f-843d-471ab0e90131', 'DEFAULT', 'jobDetail', 'DEFAULT', null, '1436761959289', '-1', '5', 'WAITING', 'SIMPLE', '1436761959289', '0', null, '-1', 0xACED0005737200156F72672E71756172747A2E4A6F62446174614D61709FB083E8BFA9B0CB020000787200266F72672E71756172747A2E7574696C732E537472696E674B65794469727479466C61674D61708208E8C3FBC55D280200015A0013616C6C6F77735472616E7369656E74446174617872001D6F72672E71756172747A2E7574696C732E4469727479466C61674D617013E62EAD28760ACE0200025A000564697274794C00036D617074000F4C6A6176612F7574696C2F4D61703B787001737200116A6176612E7574696C2E486173684D61700507DAC1C31660D103000246000A6C6F6164466163746F724900097468726573686F6C6478703F4000000000000C7708000000100000000274000A6A6F625365727669636574001E70726F626C656D4175746F4368616E6765536F6C7665725365727669636574000A6A6F62446174614D61707371007E00053F4000000000000C770800000010000000027400076C656164657273737200136A6176612E7574696C2E41727261794C6973747881D21D99C7619D03000149000473697A6578700000000277040000000273720027636F6D2E65617379636D732E6D616E6167656D656E742E757365722E646F6D61696E2E5573657224EAFDE8DF4B6D230200125A000C64656661756C7441646D696E5A0005697344656C4C000E63757272656E744C6F67696E49707400124C6A6176612F6C616E672F537472696E673B4C001063757272656E744C6F67696E54696D657400104C6A6176612F7574696C2F446174653B4C0005656D61696C71007E000F4C000269647400134C6A6176612F6C616E672F496E74656765723B4C0012697344656661756C7441646D696E466C616771007E00114C000B6C6173744C6F67696E497071007E000F4C000D6C6173744C6F67696E54696D6571007E00104C000A6C6F67696E54696D657371007E00114C00056D656E75737400104C6A6176612F7574696C2F4C6973743B4C00046E616D6571007E000F4C000870617373776F726471007E000F4C00087265616C6E616D6571007E000F4C000A7265676973746572497071007E000F4C000C726567697374657254696D6571007E00104C0005726F6C657371007E00124C000A7573657244657669636571007E00127872001F636F6D2E65617379636D732E636F72652E666F726D2E4261736963466F726DDDE391474CEFE3EB02000D4C0006637573746F6D71007E000F5B000A646174654669656C64737400135B4C6A6176612F6C616E672F537472696E673B4C0007656E6454696D6571007E000F4C000666696C74657271007E000F4C0009666F726D617474657271007E000F4C000466756E6371007E000F5B00036964737400145B4C6A6176612F6C616E672F496E74656765723B4C00056F7264657271007E000F4C00047061676571007E000F4C000971756572795479706571007E000F4C0004726F777371007E000F4C0004736F727471007E000F4C0009737461727454696D6571007E000F787070707070740013797979792D4D4D2D64642048483A6D6D3A737374000070707070707070000174000D3139322E3136382E322E313139737200126A6176612E73716C2E54696D657374616D702618D5C80153BF650200014900056E616E6F737872000E6A6176612E7574696C2E44617465686A81014B597419030000787077080000014E57A457A87800000000740000737200116A6176612E6C616E672E496E746567657212E2A0A4F781873802000149000576616C7565787200106A6176612E6C616E672E4E756D62657286AC951D0B94E08B0200007870000000837371007E001E0000000074000D3139322E3136382E322E3131397371007E001A77080000014E57A44BF078000000007371007E001E000000967074000962616E7A68616E67797400203539346166653565316638616338333832376361343334333466376461653161740006E78FADE995BF74000D3139322E3136382E322E3131397371007E001A77080000014DCD25014078000000007372002F6F72672E68696265726E6174652E636F6C6C656374696F6E2E696E7465726E616C2E50657273697374656E74426167464A645C192E1EC40200014C000362616771007E00127872003E6F72672E68696265726E6174652E636F6C6C656374696F6E2E696E7465726E616C2E416273747261637450657273697374656E74436F6C6C656374696F6E844A7E7706AE8D0B0200095A001B616C6C6F774C6F61644F7574736964655472616E73616374696F6E49000A63616368656453697A655A000564697274795A000B696E697469616C697A65644C00036B65797400164C6A6176612F696F2F53657269616C697A61626C653B4C00056F776E65727400124C6A6176612F6C616E672F4F626A6563743B4C0004726F6C6571007E000F4C001273657373696F6E466163746F72795575696471007E000F4C000E73746F726564536E617073686F7471007E002C787000FFFFFFFF000071007E002071007E001674002D636F6D2E65617379636D732E6D616E6167656D656E742E757365722E646F6D61696E2E557365722E726F6C65737070707371007E002A00FFFFFFFF000171007E002071007E0016740032636F6D2E65617379636D732E6D616E6167656D656E742E757365722E646F6D61696E2E557365722E75736572446576696365707371007E000C000000067704000000067372002D636F6D2E65617379636D732E6D616E6167656D656E742E757365722E646F6D61696E2E55736572446576696365CA4FF725EA1F08200200094C000963726561746564427971007E000F4C0009637265617465644F6E71007E00104C000664657669636571007E000F4C0008646576696365696471007E000F4C0002696471007E00114C000672656D61726B71007E000F4C000975706461746564427971007E000F4C0009757064617465644F6E71007E00104C0004757365727400294C636F6D2F65617379636D732F6D616E6167656D656E742F757365722F646F6D61696E2F557365723B7871007E00137070707071007E001771007E001870707070707070740008436F72655F4150497371007E001A77080000014DCD488700780000000070740010646634666261646636616265323531367371007E001E0000001170707071007E00167371007E00337070707071007E001771007E001870707070707070740008436F72655F4150497371007E001A77080000014DCD56042078000000007074000F3931396436653265636437343736367371007E001E0000001270707071007E00167371007E00337070707071007E001771007E001870707070707070740008436F72655F4150497371007E001A77080000014DCE397E80780000000070740010633863326263646538333030633533637371007E001E0000001470707071007E00167371007E00337070707071007E001771007E001870707070707070740008436F72655F4150497371007E001A77080000014DD38F6A48780000000070740010363764663333326631643237333036617371007E001E0000001970707071007E00167371007E00337070707071007E001771007E001870707070707070740008436F72655F4150497371007E001A77080000014DF80DD670780000000070740010336632313130643230663137396464647371007E001E0000002070707071007E00167371007E00337070707071007E001771007E001870707070707070740008436F72655F4150497371007E001A77080000014E021B6290780000000070740010653039336264646362636535353534397371007E001E0000002570707071007E0016787371007E000C0000000677040000000671007E003571007E003A71007E003F71007E004471007E004971007E004E787371007E000E7070707071007E001771007E001870707070707070000074000F303A303A303A303A303A303A303A317371007E001A77080000014E762D447878000000007400007371007E001E000000B371007E002174000F303A303A303A303A303A303A303A317371007E001A77080000014E760BA31878000000007371007E001E000000847074000C736F6E6767756F7169616E677400203063373363356139313337346463336131396636623766363862336236616632740009E5AE8BE59BBDE5BCBA74000D3139322E3136382E322E3131397371007E001A77080000014E2E64D16078000000007371007E002A00FFFFFFFF000071007E005871007E005471007E002F7070707371007E002A00FFFFFFFF000171007E005871007E005471007E0031707371007E000C000000077704000000077371007E00337070707071007E001771007E001870707070707070740008436F72655F4150497371007E001A77080000014E2F0A2D68780000000070740010373939303336316535306562333335627371007E001E0000003470707071007E00547371007E00337070707071007E001771007E001870707070707070740008436F72655F4150497371007E001A77080000014E2F0A7B88780000000070740010653039336264646362636535353534397371007E001E0000003570707071007E00547371007E00337070707071007E001771007E001870707070707070740008436F72655F4150497371007E001A77080000014E301311E8780000000070740010633435643634363166306437366636347371007E001E0000003770707071007E00547371007E00337070707071007E001771007E001870707070707070740008436F72655F4150497371007E001A77080000014E32A63FE8780000000070740010666434383930386163633837656565337371007E001E0000003C70707071007E00547371007E00337070707071007E001771007E001870707070707070740008436F72655F4150497371007E001A77080000014E4A42AB00780000000070740010363764663333326631643237333036617371007E001E0000007270707071007E00547371007E00337070707071007E001771007E001870707070707070740008436F72655F4150497371007E001A77080000014E57961B2078000000007074000F3931396436653265636437343736367371007E001E0000007770707071007E00547371007E00337070707071007E001771007E001870707070707070740008436F72655F4150497371007E001A77080000014E57AB8F50780000000070740010326339636535323730316535316563647371007E001E0000007870707071007E0054787371007E000C0000000777040000000771007E006471007E006971007E006E71007E007371007E007871007E007D71007E0082787874000970726F626C656D69647371007E001E000000AF787800);
INSERT INTO `QRTZ_TRIGGERS` VALUES ('scheduler', 'd8563222-6af7-46d1-bbb4-4dccbd8cc908', 'DEFAULT', 'jobDetail', 'DEFAULT', null, '1436762896926', '-1', '5', 'WAITING', 'SIMPLE', '1436762896926', '0', null, '-1', 0xACED0005737200156F72672E71756172747A2E4A6F62446174614D61709FB083E8BFA9B0CB020000787200266F72672E71756172747A2E7574696C732E537472696E674B65794469727479466C61674D61708208E8C3FBC55D280200015A0013616C6C6F77735472616E7369656E74446174617872001D6F72672E71756172747A2E7574696C732E4469727479466C61674D617013E62EAD28760ACE0200025A000564697274794C00036D617074000F4C6A6176612F7574696C2F4D61703B787001737200116A6176612E7574696C2E486173684D61700507DAC1C31660D103000246000A6C6F6164466163746F724900097468726573686F6C6478703F4000000000000C7708000000100000000274000A6A6F625365727669636574001E70726F626C656D4175746F4368616E6765536F6C7665725365727669636574000A6A6F62446174614D61707371007E00053F4000000000000C770800000010000000027400076C656164657273737200136A6176612E7574696C2E41727261794C6973747881D21D99C7619D03000149000473697A6578700000000277040000000273720027636F6D2E65617379636D732E6D616E6167656D656E742E757365722E646F6D61696E2E5573657224EAFDE8DF4B6D230200125A000C64656661756C7441646D696E5A0005697344656C4C000E63757272656E744C6F67696E49707400124C6A6176612F6C616E672F537472696E673B4C001063757272656E744C6F67696E54696D657400104C6A6176612F7574696C2F446174653B4C0005656D61696C71007E000F4C000269647400134C6A6176612F6C616E672F496E74656765723B4C0012697344656661756C7441646D696E466C616771007E00114C000B6C6173744C6F67696E497071007E000F4C000D6C6173744C6F67696E54696D6571007E00104C000A6C6F67696E54696D657371007E00114C00056D656E75737400104C6A6176612F7574696C2F4C6973743B4C00046E616D6571007E000F4C000870617373776F726471007E000F4C00087265616C6E616D6571007E000F4C000A7265676973746572497071007E000F4C000C726567697374657254696D6571007E00104C0005726F6C657371007E00124C000A7573657244657669636571007E00127872001F636F6D2E65617379636D732E636F72652E666F726D2E4261736963466F726DDDE391474CEFE3EB02000D4C0006637573746F6D71007E000F5B000A646174654669656C64737400135B4C6A6176612F6C616E672F537472696E673B4C0007656E6454696D6571007E000F4C000666696C74657271007E000F4C0009666F726D617474657271007E000F4C000466756E6371007E000F5B00036964737400145B4C6A6176612F6C616E672F496E74656765723B4C00056F7264657271007E000F4C00047061676571007E000F4C000971756572795479706571007E000F4C0004726F777371007E000F4C0004736F727471007E000F4C0009737461727454696D6571007E000F787070707070740013797979792D4D4D2D64642048483A6D6D3A737374000070707070707070000074000F303A303A303A303A303A303A303A31737200126A6176612E73716C2E54696D657374616D702618D5C80153BF650200014900056E616E6F737872000E6A6176612E7574696C2E44617465686A81014B597419030000787077080000014E764139D87800000000740000737200116A6176612E6C616E672E496E746567657212E2A0A4F781873802000149000576616C7565787200106A6176612E6C616E672E4E756D62657286AC951D0B94E08B0200007870000000837371007E001E0000000074000D3139322E3136382E322E3131397371007E001A77080000014E57A457A878000000007371007E001E000000977074000862616E7A68616E677400203539346166653565316638616338333832376361343334333466376461653161740006E78FADE995BF74000D3139322E3136382E322E3131397371007E001A77080000014DCD25014078000000007372002F6F72672E68696265726E6174652E636F6C6C656374696F6E2E696E7465726E616C2E50657273697374656E74426167464A645C192E1EC40200014C000362616771007E00127872003E6F72672E68696265726E6174652E636F6C6C656374696F6E2E696E7465726E616C2E416273747261637450657273697374656E74436F6C6C656374696F6E844A7E7706AE8D0B0200095A001B616C6C6F774C6F61644F7574736964655472616E73616374696F6E49000A63616368656453697A655A000564697274795A000B696E697469616C697A65644C00036B65797400164C6A6176612F696F2F53657269616C697A61626C653B4C00056F776E65727400124C6A6176612F6C616E672F4F626A6563743B4C0004726F6C6571007E000F4C001273657373696F6E466163746F72795575696471007E000F4C000E73746F726564536E617073686F7471007E002C787000FFFFFFFF00007371007E001E0000008371007E001674002D636F6D2E65617379636D732E6D616E6167656D656E742E757365722E646F6D61696E2E557365722E726F6C65737070707371007E002A00FFFFFFFF000171007E002F71007E0016740032636F6D2E65617379636D732E6D616E6167656D656E742E757365722E646F6D61696E2E557365722E75736572446576696365707371007E000C000000067704000000067372002D636F6D2E65617379636D732E6D616E6167656D656E742E757365722E646F6D61696E2E55736572446576696365CA4FF725EA1F08200200094C000963726561746564427971007E000F4C0009637265617465644F6E71007E00104C000664657669636571007E000F4C0008646576696365696471007E000F4C0002696471007E00114C000672656D61726B71007E000F4C000975706461746564427971007E000F4C0009757064617465644F6E71007E00104C0004757365727400294C636F6D2F65617379636D732F6D616E6167656D656E742F757365722F646F6D61696E2F557365723B7871007E00137070707071007E001771007E001870707070707070740008436F72655F4150497371007E001A77080000014DCD488700780000000070740010646634666261646636616265323531367371007E001E0000001170707071007E00167371007E00347070707071007E001771007E001870707070707070740008436F72655F4150497371007E001A77080000014DCD56042078000000007074000F3931396436653265636437343736367371007E001E0000001270707071007E00167371007E00347070707071007E001771007E001870707070707070740008436F72655F4150497371007E001A77080000014DCE397E80780000000070740010633863326263646538333030633533637371007E001E0000001470707071007E00167371007E00347070707071007E001771007E001870707070707070740008436F72655F4150497371007E001A77080000014DD38F6A48780000000070740010363764663333326631643237333036617371007E001E0000001970707071007E00167371007E00347070707071007E001771007E001870707070707070740008436F72655F4150497371007E001A77080000014DF80DD670780000000070740010336632313130643230663137396464647371007E001E0000002070707071007E00167371007E00347070707071007E001771007E001870707070707070740008436F72655F4150497371007E001A77080000014E021B6290780000000070740010653039336264646362636535353534397371007E001E0000002570707071007E0016787371007E000C0000000677040000000671007E003671007E003B71007E004071007E004571007E004A71007E004F787371007E000E7070707071007E001771007E001870707070707070000074000F303A303A303A303A303A303A303A317371007E001A77080000014E76437BF878000000007400007371007E001E000000B371007E002174000F303A303A303A303A303A303A303A317371007E001A77080000014E763D423878000000007371007E001E000000867074000C736F6E6767756F7169616E677400203063373363356139313337346463336131396636623766363862336236616632740009E5AE8BE59BBDE5BCBA74000D3139322E3136382E322E3131397371007E001A77080000014E2E64D16078000000007371007E002A00FFFFFFFF00007371007E001E000000B371007E005571007E00307070707371007E002A00FFFFFFFF000171007E006371007E005571007E0032707371007E000C000000077704000000077371007E00347070707071007E001771007E001870707070707070740008436F72655F4150497371007E001A77080000014E2F0A2D68780000000070740010373939303336316535306562333335627371007E001E0000003470707071007E00557371007E00347070707071007E001771007E001870707070707070740008436F72655F4150497371007E001A77080000014E2F0A7B88780000000070740010653039336264646362636535353534397371007E001E0000003570707071007E00557371007E00347070707071007E001771007E001870707070707070740008436F72655F4150497371007E001A77080000014E301311E8780000000070740010633435643634363166306437366636347371007E001E0000003770707071007E00557371007E00347070707071007E001771007E001870707070707070740008436F72655F4150497371007E001A77080000014E32A63FE8780000000070740010666434383930386163633837656565337371007E001E0000003C70707071007E00557371007E00347070707071007E001771007E001870707070707070740008436F72655F4150497371007E001A77080000014E4A42AB00780000000070740010363764663333326631643237333036617371007E001E0000007270707071007E00557371007E00347070707071007E001771007E001870707070707070740008436F72655F4150497371007E001A77080000014E57961B2078000000007074000F3931396436653265636437343736367371007E001E0000007770707071007E00557371007E00347070707071007E001771007E001870707070707070740008436F72655F4150497371007E001A77080000014E57AB8F50780000000070740010326339636535323730316535316563647371007E001E0000007870707071007E0055787371007E000C0000000777040000000771007E006671007E006B71007E007071007E007571007E007A71007E007F71007E0084787874000970726F626C656D69647371007E001E000000B2787800);
INSERT INTO `QRTZ_TRIGGERS` VALUES ('scheduler', 'e0089681-564a-4ecf-96ce-a5d9e77556fb', 'DEFAULT', 'jobDetail', 'DEFAULT', null, '1437399310411', '-1', '5', 'WAITING', 'SIMPLE', '1437399310411', '0', null, '-1', 0xACED0005737200156F72672E71756172747A2E4A6F62446174614D61709FB083E8BFA9B0CB020000787200266F72672E71756172747A2E7574696C732E537472696E674B65794469727479466C61674D61708208E8C3FBC55D280200015A0013616C6C6F77735472616E7369656E74446174617872001D6F72672E71756172747A2E7574696C732E4469727479466C61674D617013E62EAD28760ACE0200025A000564697274794C00036D617074000F4C6A6176612F7574696C2F4D61703B787001737200116A6176612E7574696C2E486173684D61700507DAC1C31660D103000246000A6C6F6164466163746F724900097468726573686F6C6478703F4000000000000C7708000000100000000274000A6A6F62446174614D61707371007E00053F4000000000000C770800000010000000027400076C656164657273737200136A6176612E7574696C2E41727261794C6973747881D21D99C7619D03000149000473697A6578700000000177040000000173720027636F6D2E65617379636D732E6D616E6167656D656E742E757365722E646F6D61696E2E5573657224EAFDE8DF4B6D230200125A000C64656661756C7441646D696E5A0005697344656C4C000E63757272656E744C6F67696E49707400124C6A6176612F6C616E672F537472696E673B4C001063757272656E744C6F67696E54696D657400104C6A6176612F7574696C2F446174653B4C0005656D61696C71007E000D4C000269647400134C6A6176612F6C616E672F496E74656765723B4C0012697344656661756C7441646D696E466C616771007E000F4C000B6C6173744C6F67696E497071007E000D4C000D6C6173744C6F67696E54696D6571007E000E4C000A6C6F67696E54696D657371007E000F4C00056D656E75737400104C6A6176612F7574696C2F4C6973743B4C00046E616D6571007E000D4C000870617373776F726471007E000D4C00087265616C6E616D6571007E000D4C000A7265676973746572497071007E000D4C000C726567697374657254696D6571007E000E4C0005726F6C657371007E00104C000A7573657244657669636571007E00107872001F636F6D2E65617379636D732E636F72652E666F726D2E4261736963466F726DDDE391474CEFE3EB02000D4C0006637573746F6D71007E000D5B000A646174654669656C64737400135B4C6A6176612F6C616E672F537472696E673B4C0007656E6454696D6571007E000D4C000666696C74657271007E000D4C0009666F726D617474657271007E000D4C000466756E6371007E000D5B00036964737400145B4C6A6176612F6C616E672F496E74656765723B4C00056F7264657271007E000D4C00047061676571007E000D4C000971756572795479706571007E000D4C0004726F777371007E000D4C0004736F727471007E000D4C0009737461727454696D6571007E000D787070707070740013797979792D4D4D2D64642048483A6D6D3A737374000070707070707070000074000D3139322E3136382E322E313139737200126A6176612E73716C2E54696D657374616D702618D5C80153BF650200014900056E616E6F737872000E6A6176612E7574696C2E44617465686A81014B597419030000787077080000014E9C250A307800000000740000737200116A6176612E6C616E672E496E746567657212E2A0A4F781873802000149000576616C7565787200106A6176612E6C616E672E4E756D62657286AC951D0B94E08B0200007870000000B37371007E001C0000000074000D3139322E3136382E322E3131397371007E001877080000014E976C96E878000000007371007E001C000000B47074000C736F6E6767756F7169616E677400203063373363356139313337346463336131396636623766363862336236616632740009E5AE8BE59BBDE5BCBA74000D3139322E3136382E322E3131397371007E001877080000014E2E64D16078000000007372002F6F72672E68696265726E6174652E636F6C6C656374696F6E2E696E7465726E616C2E50657273697374656E74426167464A645C192E1EC40200014C000362616771007E00107872003E6F72672E68696265726E6174652E636F6C6C656374696F6E2E696E7465726E616C2E416273747261637450657273697374656E74436F6C6C656374696F6E844A7E7706AE8D0B0200095A001B616C6C6F774C6F61644F7574736964655472616E73616374696F6E49000A63616368656453697A655A000564697274795A000B696E697469616C697A65644C00036B65797400164C6A6176612F696F2F53657269616C697A61626C653B4C00056F776E65727400124C6A6176612F6C616E672F4F626A6563743B4C0004726F6C6571007E000D4C001273657373696F6E466163746F72795575696471007E000D4C000E73746F726564536E617073686F7471007E002A787000FFFFFFFF000071007E001E71007E001474002D636F6D2E65617379636D732E6D616E6167656D656E742E757365722E646F6D61696E2E557365722E726F6C65737070707371007E002800FFFFFFFF000171007E001E71007E0014740032636F6D2E65617379636D732E6D616E6167656D656E742E757365722E646F6D61696E2E557365722E75736572446576696365707371007E000A000000017704000000017372002D636F6D2E65617379636D732E6D616E6167656D656E742E757365722E646F6D61696E2E55736572446576696365CA4FF725EA1F08200200094C000963726561746564427971007E000D4C0009637265617465644F6E71007E000E4C000664657669636571007E000D4C0008646576696365696471007E000D4C0002696471007E000F4C000672656D61726B71007E000D4C000975706461746564427971007E000D4C0009757064617465644F6E71007E000E4C0004757365727400294C636F6D2F65617379636D732F6D616E6167656D656E742F757365722F646F6D61696E2F557365723B7871007E00117070707071007E001571007E001670707070707070740008436F72655F4150497371007E001877080000014E97624648780000000070740010633435643634363166306437366636347371007E001C0000008C70707071007E0014787371007E000A0000000177040000000171007E0033787874000970726F626C656D69647371007E001C000000CB7874000A6A6F625365727669636574001E70726F626C656D4175746F4368616E6765536F6C766572536572766963657800);
INSERT INTO `QRTZ_TRIGGERS` VALUES ('scheduler', 'e33a5437-525a-4fc5-b7a0-f531ff35bac1', 'DEFAULT', 'jobDetail', 'DEFAULT', null, '1437117370293', '-1', '5', 'WAITING', 'SIMPLE', '1437117370293', '0', null, '-1', 0xACED0005737200156F72672E71756172747A2E4A6F62446174614D61709FB083E8BFA9B0CB020000787200266F72672E71756172747A2E7574696C732E537472696E674B65794469727479466C61674D61708208E8C3FBC55D280200015A0013616C6C6F77735472616E7369656E74446174617872001D6F72672E71756172747A2E7574696C732E4469727479466C61674D617013E62EAD28760ACE0200025A000564697274794C00036D617074000F4C6A6176612F7574696C2F4D61703B787001737200116A6176612E7574696C2E486173684D61700507DAC1C31660D103000246000A6C6F6164466163746F724900097468726573686F6C6478703F4000000000000C7708000000100000000274000A6A6F62446174614D61707371007E00053F4000000000000C770800000010000000027400076C656164657273737200136A6176612E7574696C2E41727261794C6973747881D21D99C7619D03000149000473697A6578700000000177040000000173720027636F6D2E65617379636D732E6D616E6167656D656E742E757365722E646F6D61696E2E5573657224EAFDE8DF4B6D230200125A000C64656661756C7441646D696E5A0005697344656C4C000E63757272656E744C6F67696E49707400124C6A6176612F6C616E672F537472696E673B4C001063757272656E744C6F67696E54696D657400104C6A6176612F7574696C2F446174653B4C0005656D61696C71007E000D4C000269647400134C6A6176612F6C616E672F496E74656765723B4C0012697344656661756C7441646D696E466C616771007E000F4C000B6C6173744C6F67696E497071007E000D4C000D6C6173744C6F67696E54696D6571007E000E4C000A6C6F67696E54696D657371007E000F4C00056D656E75737400104C6A6176612F7574696C2F4C6973743B4C00046E616D6571007E000D4C000870617373776F726471007E000D4C00087265616C6E616D6571007E000D4C000A7265676973746572497071007E000D4C000C726567697374657254696D6571007E000E4C0005726F6C657371007E00104C000A7573657244657669636571007E00107872001F636F6D2E65617379636D732E636F72652E666F726D2E4261736963466F726DDDE391474CEFE3EB02000D4C0006637573746F6D71007E000D5B000A646174654669656C64737400135B4C6A6176612F6C616E672F537472696E673B4C0007656E6454696D6571007E000D4C000666696C74657271007E000D4C0009666F726D617474657271007E000D4C000466756E6371007E000D5B00036964737400145B4C6A6176612F6C616E672F496E74656765723B4C00056F7264657271007E000D4C00047061676571007E000D4C000971756572795479706571007E000D4C0004726F777371007E000D4C0004736F727471007E000D4C0009737461727454696D6571007E000D787070707070740013797979792D4D4D2D64642048483A6D6D3A737374000070707070707070000074000D3139322E3136382E322E313139737200126A6176612E73716C2E54696D657374616D702618D5C80153BF650200014900056E616E6F737872000E6A6176612E7574696C2E44617465686A81014B597419030000787077080000014E8B68DC307800000000740000737200116A6176612E6C616E672E496E746567657212E2A0A4F781873802000149000576616C7565787200106A6176612E6C616E672E4E756D62657286AC951D0B94E08B0200007870000000B37371007E001C0000000074000D3139322E3136382E322E3131397371007E001877080000014E8B67CAC078000000007371007E001C000000A07074000C736F6E6767756F7169616E677400203063373363356139313337346463336131396636623766363862336236616632740009E5AE8BE59BBDE5BCBA74000D3139322E3136382E322E3131397371007E001877080000014E2E64D16078000000007372002F6F72672E68696265726E6174652E636F6C6C656374696F6E2E696E7465726E616C2E50657273697374656E74426167464A645C192E1EC40200014C000362616771007E00107872003E6F72672E68696265726E6174652E636F6C6C656374696F6E2E696E7465726E616C2E416273747261637450657273697374656E74436F6C6C656374696F6E844A7E7706AE8D0B0200095A001B616C6C6F774C6F61644F7574736964655472616E73616374696F6E49000A63616368656453697A655A000564697274795A000B696E697469616C697A65644C00036B65797400164C6A6176612F696F2F53657269616C697A61626C653B4C00056F776E65727400124C6A6176612F6C616E672F4F626A6563743B4C0004726F6C6571007E000D4C001273657373696F6E466163746F72795575696471007E000D4C000E73746F726564536E617073686F7471007E002A787000FFFFFFFF000071007E001E71007E001474002D636F6D2E65617379636D732E6D616E6167656D656E742E757365722E646F6D61696E2E557365722E726F6C65737070707371007E002800FFFFFFFF000171007E001E71007E0014740032636F6D2E65617379636D732E6D616E6167656D656E742E757365722E646F6D61696E2E557365722E75736572446576696365707371007E000A000000077704000000077372002D636F6D2E65617379636D732E6D616E6167656D656E742E757365722E646F6D61696E2E55736572446576696365CA4FF725EA1F08200200094C000963726561746564427971007E000D4C0009637265617465644F6E71007E000E4C000664657669636571007E000D4C0008646576696365696471007E000D4C0002696471007E000F4C000672656D61726B71007E000D4C000975706461746564427971007E000D4C0009757064617465644F6E71007E000E4C0004757365727400294C636F6D2F65617379636D732F6D616E6167656D656E742F757365722F646F6D61696E2F557365723B7871007E00117070707071007E001571007E001670707070707070740008436F72655F4150497371007E001877080000014E2F0A2D68780000000070740010373939303336316535306562333335627371007E001C0000003470707071007E00147371007E00317070707071007E001571007E001670707070707070740008436F72655F4150497371007E001877080000014E2F0A7B88780000000070740010653039336264646362636535353534397371007E001C0000003570707071007E00147371007E00317070707071007E001571007E001670707070707070740008436F72655F4150497371007E001877080000014E301311E8780000000070740010633435643634363166306437366636347371007E001C0000003770707071007E00147371007E00317070707071007E001571007E001670707070707070740008436F72655F4150497371007E001877080000014E32A63FE8780000000070740010666434383930386163633837656565337371007E001C0000003C70707071007E00147371007E00317070707071007E001571007E001670707070707070740008436F72655F4150497371007E001877080000014E4A42AB00780000000070740010363764663333326631643237333036617371007E001C0000007270707071007E00147371007E00317070707071007E001571007E001670707070707070740008436F72655F4150497371007E001877080000014E57961B2078000000007074000F3931396436653265636437343736367371007E001C0000007770707071007E00147371007E00317070707071007E001571007E001670707070707070740008436F72655F4150497371007E001877080000014E57AB8F50780000000070740010326339636535323730316535316563647371007E001C0000007870707071007E0014787371007E000A0000000777040000000771007E003371007E003871007E003D71007E004271007E004771007E004C71007E0051787874000970726F626C656D69647371007E001C000000C17874000A6A6F625365727669636574001E70726F626C656D4175746F4368616E6765536F6C766572536572766963657800);
INSERT INTO `QRTZ_TRIGGERS` VALUES ('scheduler', 'e6063cd4-4ddd-42ee-9183-a95b9bfd74b4', 'DEFAULT', 'jobDetail', 'DEFAULT', null, '1437299454724', '-1', '5', 'WAITING', 'SIMPLE', '1437299454724', '0', null, '-1', 0xACED0005737200156F72672E71756172747A2E4A6F62446174614D61709FB083E8BFA9B0CB020000787200266F72672E71756172747A2E7574696C732E537472696E674B65794469727479466C61674D61708208E8C3FBC55D280200015A0013616C6C6F77735472616E7369656E74446174617872001D6F72672E71756172747A2E7574696C732E4469727479466C61674D617013E62EAD28760ACE0200025A000564697274794C00036D617074000F4C6A6176612F7574696C2F4D61703B787001737200116A6176612E7574696C2E486173684D61700507DAC1C31660D103000246000A6C6F6164466163746F724900097468726573686F6C6478703F4000000000000C7708000000100000000274000A6A6F62446174614D61707371007E00053F4000000000000C770800000010000000027400076C656164657273737200136A6176612E7574696C2E41727261794C6973747881D21D99C7619D03000149000473697A6578700000000377040000000373720027636F6D2E65617379636D732E6D616E6167656D656E742E757365722E646F6D61696E2E5573657224EAFDE8DF4B6D230200125A000C64656661756C7441646D696E5A0005697344656C4C000E63757272656E744C6F67696E49707400124C6A6176612F6C616E672F537472696E673B4C001063757272656E744C6F67696E54696D657400104C6A6176612F7574696C2F446174653B4C0005656D61696C71007E000D4C000269647400134C6A6176612F6C616E672F496E74656765723B4C0012697344656661756C7441646D696E466C616771007E000F4C000B6C6173744C6F67696E497071007E000D4C000D6C6173744C6F67696E54696D6571007E000E4C000A6C6F67696E54696D657371007E000F4C00056D656E75737400104C6A6176612F7574696C2F4C6973743B4C00046E616D6571007E000D4C000870617373776F726471007E000D4C00087265616C6E616D6571007E000D4C000A7265676973746572497071007E000D4C000C726567697374657254696D6571007E000E4C0005726F6C657371007E00104C000A7573657244657669636571007E00107872001F636F6D2E65617379636D732E636F72652E666F726D2E4261736963466F726DDDE391474CEFE3EB02000D4C0006637573746F6D71007E000D5B000A646174654669656C64737400135B4C6A6176612F6C616E672F537472696E673B4C0007656E6454696D6571007E000D4C000666696C74657271007E000D4C0009666F726D617474657271007E000D4C000466756E6371007E000D5B00036964737400145B4C6A6176612F6C616E672F496E74656765723B4C00056F7264657271007E000D4C00047061676571007E000D4C000971756572795479706571007E000D4C0004726F777371007E000D4C0004736F727471007E000D4C0009737461727454696D6571007E000D787070707070740013797979792D4D4D2D64642048483A6D6D3A737374000070707070707070000074000D3139322E3136382E322E313139737200126A6176612E73716C2E54696D657374616D702618D5C80153BF650200014900056E616E6F737872000E6A6176612E7574696C2E44617465686A81014B597419030000787077080000014E331F9E387800000000740000737200116A6176612E6C616E672E496E746567657212E2A0A4F781873802000149000576616C7565787200106A6176612E6C616E672E4E756D62657286AC951D0B94E08B0200007870000000A17371007E001C0000000074000D3139322E3136382E322E3131397371007E001877080000014E32A9261878000000007371007E001C00000005707400077368656E6875697400203063373363356139313337346463336131396636623766363862336236616632740006E6B288E6999674000D3139322E3136382E322E3131397371007E001877080000014E2477B5F078000000007372002F6F72672E68696265726E6174652E636F6C6C656374696F6E2E696E7465726E616C2E50657273697374656E74426167464A645C192E1EC40200014C000362616771007E00107872003E6F72672E68696265726E6174652E636F6C6C656374696F6E2E696E7465726E616C2E416273747261637450657273697374656E74436F6C6C656374696F6E844A7E7706AE8D0B0200095A001B616C6C6F774C6F61644F7574736964655472616E73616374696F6E49000A63616368656453697A655A000564697274795A000B696E697469616C697A65644C00036B65797400164C6A6176612F696F2F53657269616C697A61626C653B4C00056F776E65727400124C6A6176612F6C616E672F4F626A6563743B4C0004726F6C6571007E000D4C001273657373696F6E466163746F72795575696471007E000D4C000E73746F726564536E617073686F7471007E002A787000FFFFFFFF000071007E001E71007E001474002D636F6D2E65617379636D732E6D616E6167656D656E742E757365722E646F6D61696E2E557365722E726F6C65737070707371007E002800FFFFFFFF000071007E001E71007E0014740032636F6D2E65617379636D732E6D616E6167656D656E742E757365722E646F6D61696E2E557365722E757365724465766963657070707371007E000C7070707071007E001571007E001670707070707070000070707400007371007E001C000000AC71007E001F707070707400086C696E646F6E677A7400203063373363356139313337346463336131396636623766363862336236616632740009E69E97E586ACE680BB74000D3139322E3136382E322E3131397371007E001877080000014E2E612BC878000000007371007E002800FFFFFFFF000071007E003271007E003071007E002D7070707371007E002800FFFFFFFF000071007E003271007E003071007E002F7070707371007E000C7070707071007E001571007E001670707070707070000074000D3139322E3136382E322E3131397371007E001877080000014E3391866078000000007400007371007E001C000000A071007E001F74000D3139322E3136382E322E3131397371007E001877080000014E33847E7078000000007371007E001C00000006707400076C696E646F6E677400203063373363356139313337346463336131396636623766363862336236616632740006E69E97E586AC74000D3139322E3136382E322E3131397371007E001877080000014E24778EE078000000007371007E002800FFFFFFFF000071007E003E71007E003A71007E002D7070707371007E002800FFFFFFFF000071007E003E71007E003A71007E002F7070707874000970726F626C656D69647371007E001C000000C67874000A6A6F625365727669636574001E70726F626C656D4175746F4368616E6765536F6C766572536572766963657800);
INSERT INTO `QRTZ_TRIGGERS` VALUES ('scheduler', 'e70eabf8-5869-4241-a2d6-f4b424df3184', 'DEFAULT', 'jobDetail', 'DEFAULT', null, '1436763072497', '-1', '5', 'WAITING', 'SIMPLE', '1436763072497', '0', null, '-1', 0xACED0005737200156F72672E71756172747A2E4A6F62446174614D61709FB083E8BFA9B0CB020000787200266F72672E71756172747A2E7574696C732E537472696E674B65794469727479466C61674D61708208E8C3FBC55D280200015A0013616C6C6F77735472616E7369656E74446174617872001D6F72672E71756172747A2E7574696C732E4469727479466C61674D617013E62EAD28760ACE0200025A000564697274794C00036D617074000F4C6A6176612F7574696C2F4D61703B787001737200116A6176612E7574696C2E486173684D61700507DAC1C31660D103000246000A6C6F6164466163746F724900097468726573686F6C6478703F4000000000000C7708000000100000000274000A6A6F625365727669636574001E70726F626C656D4175746F4368616E6765536F6C7665725365727669636574000A6A6F62446174614D61707371007E00053F4000000000000C770800000010000000027400076C656164657273737200136A6176612E7574696C2E41727261794C6973747881D21D99C7619D03000149000473697A6578700000000277040000000273720027636F6D2E65617379636D732E6D616E6167656D656E742E757365722E646F6D61696E2E5573657224EAFDE8DF4B6D230200125A000C64656661756C7441646D696E5A0005697344656C4C000E63757272656E744C6F67696E49707400124C6A6176612F6C616E672F537472696E673B4C001063757272656E744C6F67696E54696D657400104C6A6176612F7574696C2F446174653B4C0005656D61696C71007E000F4C000269647400134C6A6176612F6C616E672F496E74656765723B4C0012697344656661756C7441646D696E466C616771007E00114C000B6C6173744C6F67696E497071007E000F4C000D6C6173744C6F67696E54696D6571007E00104C000A6C6F67696E54696D657371007E00114C00056D656E75737400104C6A6176612F7574696C2F4C6973743B4C00046E616D6571007E000F4C000870617373776F726471007E000F4C00087265616C6E616D6571007E000F4C000A7265676973746572497071007E000F4C000C726567697374657254696D6571007E00104C0005726F6C657371007E00124C000A7573657244657669636571007E00127872001F636F6D2E65617379636D732E636F72652E666F726D2E4261736963466F726DDDE391474CEFE3EB02000D4C0006637573746F6D71007E000F5B000A646174654669656C64737400135B4C6A6176612F6C616E672F537472696E673B4C0007656E6454696D6571007E000F4C000666696C74657271007E000F4C0009666F726D617474657271007E000F4C000466756E6371007E000F5B00036964737400145B4C6A6176612F6C616E672F496E74656765723B4C00056F7264657271007E000F4C00047061676571007E000F4C000971756572795479706571007E000F4C0004726F777371007E000F4C0004736F727471007E000F4C0009737461727454696D6571007E000F787070707070740013797979792D4D4D2D64642048483A6D6D3A737374000070707070707070000074000F303A303A303A303A303A303A303A31737200126A6176612E73716C2E54696D657374616D702618D5C80153BF650200014900056E616E6F737872000E6A6176612E7574696C2E44617465686A81014B597419030000787077080000014E764139D87800000000740000737200116A6176612E6C616E672E496E746567657212E2A0A4F781873802000149000576616C7565787200106A6176612E6C616E672E4E756D62657286AC951D0B94E08B0200007870000000837371007E001E0000000074000D3139322E3136382E322E3131397371007E001A77080000014E57A457A878000000007371007E001E000000977074000862616E7A68616E677400203539346166653565316638616338333832376361343334333466376461653161740006E78FADE995BF74000D3139322E3136382E322E3131397371007E001A77080000014DCD25014078000000007372002F6F72672E68696265726E6174652E636F6C6C656374696F6E2E696E7465726E616C2E50657273697374656E74426167464A645C192E1EC40200014C000362616771007E00127872003E6F72672E68696265726E6174652E636F6C6C656374696F6E2E696E7465726E616C2E416273747261637450657273697374656E74436F6C6C656374696F6E844A7E7706AE8D0B0200095A001B616C6C6F774C6F61644F7574736964655472616E73616374696F6E49000A63616368656453697A655A000564697274795A000B696E697469616C697A65644C00036B65797400164C6A6176612F696F2F53657269616C697A61626C653B4C00056F776E65727400124C6A6176612F6C616E672F4F626A6563743B4C0004726F6C6571007E000F4C001273657373696F6E466163746F72795575696471007E000F4C000E73746F726564536E617073686F7471007E002C787000FFFFFFFF00007371007E001E0000008371007E001674002D636F6D2E65617379636D732E6D616E6167656D656E742E757365722E646F6D61696E2E557365722E726F6C65737070707371007E002A00FFFFFFFF000171007E002F71007E0016740032636F6D2E65617379636D732E6D616E6167656D656E742E757365722E646F6D61696E2E557365722E75736572446576696365707371007E000C000000067704000000067372002D636F6D2E65617379636D732E6D616E6167656D656E742E757365722E646F6D61696E2E55736572446576696365CA4FF725EA1F08200200094C000963726561746564427971007E000F4C0009637265617465644F6E71007E00104C000664657669636571007E000F4C0008646576696365696471007E000F4C0002696471007E00114C000672656D61726B71007E000F4C000975706461746564427971007E000F4C0009757064617465644F6E71007E00104C0004757365727400294C636F6D2F65617379636D732F6D616E6167656D656E742F757365722F646F6D61696E2F557365723B7871007E00137070707071007E001771007E001870707070707070740008436F72655F4150497371007E001A77080000014DCD488700780000000070740010646634666261646636616265323531367371007E001E0000001170707071007E00167371007E00347070707071007E001771007E001870707070707070740008436F72655F4150497371007E001A77080000014DCD56042078000000007074000F3931396436653265636437343736367371007E001E0000001270707071007E00167371007E00347070707071007E001771007E001870707070707070740008436F72655F4150497371007E001A77080000014DCE397E80780000000070740010633863326263646538333030633533637371007E001E0000001470707071007E00167371007E00347070707071007E001771007E001870707070707070740008436F72655F4150497371007E001A77080000014DD38F6A48780000000070740010363764663333326631643237333036617371007E001E0000001970707071007E00167371007E00347070707071007E001771007E001870707070707070740008436F72655F4150497371007E001A77080000014DF80DD670780000000070740010336632313130643230663137396464647371007E001E0000002070707071007E00167371007E00347070707071007E001771007E001870707070707070740008436F72655F4150497371007E001A77080000014E021B6290780000000070740010653039336264646362636535353534397371007E001E0000002570707071007E0016787371007E000C0000000677040000000671007E003671007E003B71007E004071007E004571007E004A71007E004F787371007E000E7070707071007E001771007E001870707070707070000074000F303A303A303A303A303A303A303A317371007E001A77080000014E76437BF878000000007400007371007E001E000000B371007E002174000F303A303A303A303A303A303A303A317371007E001A77080000014E763D423878000000007371007E001E000000867074000C736F6E6767756F7169616E677400203063373363356139313337346463336131396636623766363862336236616632740009E5AE8BE59BBDE5BCBA74000D3139322E3136382E322E3131397371007E001A77080000014E2E64D16078000000007371007E002A00FFFFFFFF00007371007E001E000000B371007E005571007E00307070707371007E002A00FFFFFFFF000171007E006371007E005571007E0032707371007E000C000000077704000000077371007E00347070707071007E001771007E001870707070707070740008436F72655F4150497371007E001A77080000014E2F0A2D68780000000070740010373939303336316535306562333335627371007E001E0000003470707071007E00557371007E00347070707071007E001771007E001870707070707070740008436F72655F4150497371007E001A77080000014E2F0A7B88780000000070740010653039336264646362636535353534397371007E001E0000003570707071007E00557371007E00347070707071007E001771007E001870707070707070740008436F72655F4150497371007E001A77080000014E301311E8780000000070740010633435643634363166306437366636347371007E001E0000003770707071007E00557371007E00347070707071007E001771007E001870707070707070740008436F72655F4150497371007E001A77080000014E32A63FE8780000000070740010666434383930386163633837656565337371007E001E0000003C70707071007E00557371007E00347070707071007E001771007E001870707070707070740008436F72655F4150497371007E001A77080000014E4A42AB00780000000070740010363764663333326631643237333036617371007E001E0000007270707071007E00557371007E00347070707071007E001771007E001870707070707070740008436F72655F4150497371007E001A77080000014E57961B2078000000007074000F3931396436653265636437343736367371007E001E0000007770707071007E00557371007E00347070707071007E001771007E001870707070707070740008436F72655F4150497371007E001A77080000014E57AB8F50780000000070740010326339636535323730316535316563647371007E001E0000007870707071007E0055787371007E000C0000000777040000000771007E006671007E006B71007E007071007E007571007E007A71007E007F71007E0084787874000970726F626C656D69647371007E001E000000B5787800);
INSERT INTO `QRTZ_TRIGGERS` VALUES ('scheduler', 'e755213c-4a88-4bc8-abd4-dd73bed6862e', 'DEFAULT', 'jobDetail', 'DEFAULT', null, '1437315833124', '-1', '5', 'WAITING', 'SIMPLE', '1437315833124', '0', null, '-1', 0xACED0005737200156F72672E71756172747A2E4A6F62446174614D61709FB083E8BFA9B0CB020000787200266F72672E71756172747A2E7574696C732E537472696E674B65794469727479466C61674D61708208E8C3FBC55D280200015A0013616C6C6F77735472616E7369656E74446174617872001D6F72672E71756172747A2E7574696C732E4469727479466C61674D617013E62EAD28760ACE0200025A000564697274794C00036D617074000F4C6A6176612F7574696C2F4D61703B787001737200116A6176612E7574696C2E486173684D61700507DAC1C31660D103000246000A6C6F6164466163746F724900097468726573686F6C6478703F4000000000000C7708000000100000000274000A6A6F62446174614D61707371007E00053F4000000000000C770800000010000000027400076C656164657273737200136A6176612E7574696C2E41727261794C6973747881D21D99C7619D03000149000473697A6578700000000377040000000373720027636F6D2E65617379636D732E6D616E6167656D656E742E757365722E646F6D61696E2E5573657224EAFDE8DF4B6D230200125A000C64656661756C7441646D696E5A0005697344656C4C000E63757272656E744C6F67696E49707400124C6A6176612F6C616E672F537472696E673B4C001063757272656E744C6F67696E54696D657400104C6A6176612F7574696C2F446174653B4C0005656D61696C71007E000D4C000269647400134C6A6176612F6C616E672F496E74656765723B4C0012697344656661756C7441646D696E466C616771007E000F4C000B6C6173744C6F67696E497071007E000D4C000D6C6173744C6F67696E54696D6571007E000E4C000A6C6F67696E54696D657371007E000F4C00056D656E75737400104C6A6176612F7574696C2F4C6973743B4C00046E616D6571007E000D4C000870617373776F726471007E000D4C00087265616C6E616D6571007E000D4C000A7265676973746572497071007E000D4C000C726567697374657254696D6571007E000E4C0005726F6C657371007E00104C000A7573657244657669636571007E00107872001F636F6D2E65617379636D732E636F72652E666F726D2E4261736963466F726DDDE391474CEFE3EB02000D4C0006637573746F6D71007E000D5B000A646174654669656C64737400135B4C6A6176612F6C616E672F537472696E673B4C0007656E6454696D6571007E000D4C000666696C74657271007E000D4C0009666F726D617474657271007E000D4C000466756E6371007E000D5B00036964737400145B4C6A6176612F6C616E672F496E74656765723B4C00056F7264657271007E000D4C00047061676571007E000D4C000971756572795479706571007E000D4C0004726F777371007E000D4C0004736F727471007E000D4C0009737461727454696D6571007E000D787070707070740013797979792D4D4D2D64642048483A6D6D3A737374000070707070707070000074000D3139322E3136382E322E313139737200126A6176612E73716C2E54696D657374616D702618D5C80153BF650200014900056E616E6F737872000E6A6176612E7574696C2E44617465686A81014B597419030000787077080000014E331F9E387800000000740000737200116A6176612E6C616E672E496E746567657212E2A0A4F781873802000149000576616C7565787200106A6176612E6C616E672E4E756D62657286AC951D0B94E08B0200007870000000A17371007E001C0000000074000D3139322E3136382E322E3131397371007E001877080000014E32A9261878000000007371007E001C00000005707400077368656E6875697400203063373363356139313337346463336131396636623766363862336236616632740006E6B288E6999674000D3139322E3136382E322E3131397371007E001877080000014E2477B5F078000000007372002F6F72672E68696265726E6174652E636F6C6C656374696F6E2E696E7465726E616C2E50657273697374656E74426167464A645C192E1EC40200014C000362616771007E00107872003E6F72672E68696265726E6174652E636F6C6C656374696F6E2E696E7465726E616C2E416273747261637450657273697374656E74436F6C6C656374696F6E844A7E7706AE8D0B0200095A001B616C6C6F774C6F61644F7574736964655472616E73616374696F6E49000A63616368656453697A655A000564697274795A000B696E697469616C697A65644C00036B65797400164C6A6176612F696F2F53657269616C697A61626C653B4C00056F776E65727400124C6A6176612F6C616E672F4F626A6563743B4C0004726F6C6571007E000D4C001273657373696F6E466163746F72795575696471007E000D4C000E73746F726564536E617073686F7471007E002A787000FFFFFFFF000071007E001E71007E001474002D636F6D2E65617379636D732E6D616E6167656D656E742E757365722E646F6D61696E2E557365722E726F6C65737070707371007E002800FFFFFFFF000071007E001E71007E0014740032636F6D2E65617379636D732E6D616E6167656D656E742E757365722E646F6D61696E2E557365722E757365724465766963657070707371007E000C7070707071007E001571007E001670707070707070000070707400007371007E001C000000AC71007E001F707070707400086C696E646F6E677A7400203063373363356139313337346463336131396636623766363862336236616632740009E69E97E586ACE680BB74000D3139322E3136382E322E3131397371007E001877080000014E2E612BC878000000007371007E002800FFFFFFFF000071007E003271007E003071007E002D7070707371007E002800FFFFFFFF000071007E003271007E003071007E002F7070707371007E000C7070707071007E001571007E001670707070707070000074000D3139322E3136382E322E3131397371007E001877080000014E3391866078000000007400007371007E001C000000A071007E001F74000D3139322E3136382E322E3131397371007E001877080000014E33847E7078000000007371007E001C00000006707400076C696E646F6E677400203063373363356139313337346463336131396636623766363862336236616632740006E69E97E586AC74000D3139322E3136382E322E3131397371007E001877080000014E24778EE078000000007371007E002800FFFFFFFF000071007E003E71007E003A71007E002D7070707371007E002800FFFFFFFF000071007E003E71007E003A71007E002F7070707874000970726F626C656D69647371007E001C000000C87874000A6A6F625365727669636574001E70726F626C656D4175746F4368616E6765536F6C766572536572766963657800);
INSERT INTO `QRTZ_TRIGGERS` VALUES ('scheduler', 'e7ea524a-9b8e-42f6-ac2d-753081f184c6', 'DEFAULT', 'jobDetail', 'DEFAULT', null, '1436717473852', '-1', '5', 'WAITING', 'SIMPLE', '1436717473852', '0', null, '-1', 0xACED0005737200156F72672E71756172747A2E4A6F62446174614D61709FB083E8BFA9B0CB020000787200266F72672E71756172747A2E7574696C732E537472696E674B65794469727479466C61674D61708208E8C3FBC55D280200015A0013616C6C6F77735472616E7369656E74446174617872001D6F72672E71756172747A2E7574696C732E4469727479466C61674D617013E62EAD28760ACE0200025A000564697274794C00036D617074000F4C6A6176612F7574696C2F4D61703B787001737200116A6176612E7574696C2E486173684D61700507DAC1C31660D103000246000A6C6F6164466163746F724900097468726573686F6C6478703F4000000000000C7708000000100000000274000A6A6F62446174614D61707371007E00053F4000000000000C770800000010000000027400076C656164657273737200136A6176612E7574696C2E41727261794C6973747881D21D99C7619D03000149000473697A6578700000000277040000000273720027636F6D2E65617379636D732E6D616E6167656D656E742E757365722E646F6D61696E2E5573657224EAFDE8DF4B6D230200125A000C64656661756C7441646D696E5A0005697344656C4C000E63757272656E744C6F67696E49707400124C6A6176612F6C616E672F537472696E673B4C001063757272656E744C6F67696E54696D657400104C6A6176612F7574696C2F446174653B4C0005656D61696C71007E000D4C000269647400134C6A6176612F6C616E672F496E74656765723B4C0012697344656661756C7441646D696E466C616771007E000F4C000B6C6173744C6F67696E497071007E000D4C000D6C6173744C6F67696E54696D6571007E000E4C000A6C6F67696E54696D657371007E000F4C00056D656E75737400104C6A6176612F7574696C2F4C6973743B4C00046E616D6571007E000D4C000870617373776F726471007E000D4C00087265616C6E616D6571007E000D4C000A7265676973746572497071007E000D4C000C726567697374657254696D6571007E000E4C0005726F6C657371007E00104C000A7573657244657669636571007E00107872001F636F6D2E65617379636D732E636F72652E666F726D2E4261736963466F726DDDE391474CEFE3EB02000D4C0006637573746F6D71007E000D5B000A646174654669656C64737400135B4C6A6176612F6C616E672F537472696E673B4C0007656E6454696D6571007E000D4C000666696C74657271007E000D4C0009666F726D617474657271007E000D4C000466756E6371007E000D5B00036964737400145B4C6A6176612F6C616E672F496E74656765723B4C00056F7264657271007E000D4C00047061676571007E000D4C000971756572795479706571007E000D4C0004726F777371007E000D4C0004736F727471007E000D4C0009737461727454696D6571007E000D787070707070740013797979792D4D4D2D64642048483A6D6D3A737374000070707070707070000174000D3139322E3136382E322E313139737200126A6176612E73716C2E54696D657374616D702618D5C80153BF650200014900056E616E6F737872000E6A6176612E7574696C2E44617465686A81014B597419030000787077080000014E57A457A87800000000740000737200116A6176612E6C616E672E496E746567657212E2A0A4F781873802000149000576616C7565787200106A6176612E6C616E672E4E756D62657286AC951D0B94E08B0200007870000000837371007E001C0000000074000D3139322E3136382E322E3131397371007E001877080000014E57A44BF078000000007371007E001C000000967074000962616E7A68616E67797400203539346166653565316638616338333832376361343334333466376461653161740006E78FADE995BF74000D3139322E3136382E322E3131397371007E001877080000014DCD25014078000000007372002F6F72672E68696265726E6174652E636F6C6C656374696F6E2E696E7465726E616C2E50657273697374656E74426167464A645C192E1EC40200014C000362616771007E00107872003E6F72672E68696265726E6174652E636F6C6C656374696F6E2E696E7465726E616C2E416273747261637450657273697374656E74436F6C6C656374696F6E844A7E7706AE8D0B0200095A001B616C6C6F774C6F61644F7574736964655472616E73616374696F6E49000A63616368656453697A655A000564697274795A000B696E697469616C697A65644C00036B65797400164C6A6176612F696F2F53657269616C697A61626C653B4C00056F776E65727400124C6A6176612F6C616E672F4F626A6563743B4C0004726F6C6571007E000D4C001273657373696F6E466163746F72795575696471007E000D4C000E73746F726564536E617073686F7471007E002A787000FFFFFFFF000071007E001E71007E001474002D636F6D2E65617379636D732E6D616E6167656D656E742E757365722E646F6D61696E2E557365722E726F6C65737070707371007E002800FFFFFFFF000171007E001E71007E0014740032636F6D2E65617379636D732E6D616E6167656D656E742E757365722E646F6D61696E2E557365722E75736572446576696365707371007E000A000000067704000000067372002D636F6D2E65617379636D732E6D616E6167656D656E742E757365722E646F6D61696E2E55736572446576696365CA4FF725EA1F08200200094C000963726561746564427971007E000D4C0009637265617465644F6E71007E000E4C000664657669636571007E000D4C0008646576696365696471007E000D4C0002696471007E000F4C000672656D61726B71007E000D4C000975706461746564427971007E000D4C0009757064617465644F6E71007E000E4C0004757365727400294C636F6D2F65617379636D732F6D616E6167656D656E742F757365722F646F6D61696E2F557365723B7871007E00117070707071007E001571007E001670707070707070740008436F72655F4150497371007E001877080000014DCD488700780000000070740010646634666261646636616265323531367371007E001C0000001170707071007E00147371007E00317070707071007E001571007E001670707070707070740008436F72655F4150497371007E001877080000014DCD56042078000000007074000F3931396436653265636437343736367371007E001C0000001270707071007E00147371007E00317070707071007E001571007E001670707070707070740008436F72655F4150497371007E001877080000014DCE397E80780000000070740010633863326263646538333030633533637371007E001C0000001470707071007E00147371007E00317070707071007E001571007E001670707070707070740008436F72655F4150497371007E001877080000014DD38F6A48780000000070740010363764663333326631643237333036617371007E001C0000001970707071007E00147371007E00317070707071007E001571007E001670707070707070740008436F72655F4150497371007E001877080000014DF80DD670780000000070740010336632313130643230663137396464647371007E001C0000002070707071007E00147371007E00317070707071007E001571007E001670707070707070740008436F72655F4150497371007E001877080000014E021B6290780000000070740010653039336264646362636535353534397371007E001C0000002570707071007E0014787371007E000A0000000677040000000671007E003371007E003871007E003D71007E004271007E004771007E004C787371007E000C7070707071007E001571007E001670707070707070000074000D3139322E3136382E322E3131397371007E001877080000014E732E96F078000000007400007371007E001C000000B371007E001F74000D3139322E3136382E322E3131397371007E001877080000014E732DAC9078000000007371007E001C000000787074000C736F6E6767756F7169616E677400203063373363356139313337346463336131396636623766363862336236616632740009E5AE8BE59BBDE5BCBA74000D3139322E3136382E322E3131397371007E001877080000014E2E64D16078000000007371007E002800FFFFFFFF000071007E005671007E005271007E002D7070707371007E002800FFFFFFFF000171007E005671007E005271007E002F707371007E000A000000077704000000077371007E00317070707071007E001571007E001670707070707070740008436F72655F4150497371007E001877080000014E2F0A2D68780000000070740010373939303336316535306562333335627371007E001C0000003470707071007E00527371007E00317070707071007E001571007E001670707070707070740008436F72655F4150497371007E001877080000014E2F0A7B88780000000070740010653039336264646362636535353534397371007E001C0000003570707071007E00527371007E00317070707071007E001571007E001670707070707070740008436F72655F4150497371007E001877080000014E301311E8780000000070740010633435643634363166306437366636347371007E001C0000003770707071007E00527371007E00317070707071007E001571007E001670707070707070740008436F72655F4150497371007E001877080000014E32A63FE8780000000070740010666434383930386163633837656565337371007E001C0000003C70707071007E00527371007E00317070707071007E001571007E001670707070707070740008436F72655F4150497371007E001877080000014E4A42AB00780000000070740010363764663333326631643237333036617371007E001C0000007270707071007E00527371007E00317070707071007E001571007E001670707070707070740008436F72655F4150497371007E001877080000014E57961B2078000000007074000F3931396436653265636437343736367371007E001C0000007770707071007E00527371007E00317070707071007E001571007E001670707070707070740008436F72655F4150497371007E001877080000014E57AB8F507800000000707400103263396365353237303165353165636471007E005970707071007E0052787371007E000A0000000777040000000771007E006271007E006771007E006C71007E007171007E007671007E007B71007E0080787874000970726F626C656D69647371007E001C000000AA7874000A6A6F625365727669636574001E70726F626C656D4175746F4368616E6765536F6C766572536572766963657800);
INSERT INTO `QRTZ_TRIGGERS` VALUES ('scheduler', 'e9b37972-fe09-4ec9-85e7-63936d72c07c', 'DEFAULT', 'jobDetail', 'DEFAULT', null, '1437299268879', '-1', '5', 'WAITING', 'SIMPLE', '1437299268879', '0', null, '-1', 0xACED0005737200156F72672E71756172747A2E4A6F62446174614D61709FB083E8BFA9B0CB020000787200266F72672E71756172747A2E7574696C732E537472696E674B65794469727479466C61674D61708208E8C3FBC55D280200015A0013616C6C6F77735472616E7369656E74446174617872001D6F72672E71756172747A2E7574696C732E4469727479466C61674D617013E62EAD28760ACE0200025A000564697274794C00036D617074000F4C6A6176612F7574696C2F4D61703B787001737200116A6176612E7574696C2E486173684D61700507DAC1C31660D103000246000A6C6F6164466163746F724900097468726573686F6C6478703F4000000000000C7708000000100000000274000A6A6F62446174614D61707371007E00053F4000000000000C770800000010000000027400076C656164657273737200136A6176612E7574696C2E41727261794C6973747881D21D99C7619D03000149000473697A6578700000000377040000000373720027636F6D2E65617379636D732E6D616E6167656D656E742E757365722E646F6D61696E2E5573657224EAFDE8DF4B6D230200125A000C64656661756C7441646D696E5A0005697344656C4C000E63757272656E744C6F67696E49707400124C6A6176612F6C616E672F537472696E673B4C001063757272656E744C6F67696E54696D657400104C6A6176612F7574696C2F446174653B4C0005656D61696C71007E000D4C000269647400134C6A6176612F6C616E672F496E74656765723B4C0012697344656661756C7441646D696E466C616771007E000F4C000B6C6173744C6F67696E497071007E000D4C000D6C6173744C6F67696E54696D6571007E000E4C000A6C6F67696E54696D657371007E000F4C00056D656E75737400104C6A6176612F7574696C2F4C6973743B4C00046E616D6571007E000D4C000870617373776F726471007E000D4C00087265616C6E616D6571007E000D4C000A7265676973746572497071007E000D4C000C726567697374657254696D6571007E000E4C0005726F6C657371007E00104C000A7573657244657669636571007E00107872001F636F6D2E65617379636D732E636F72652E666F726D2E4261736963466F726DDDE391474CEFE3EB02000D4C0006637573746F6D71007E000D5B000A646174654669656C64737400135B4C6A6176612F6C616E672F537472696E673B4C0007656E6454696D6571007E000D4C000666696C74657271007E000D4C0009666F726D617474657271007E000D4C000466756E6371007E000D5B00036964737400145B4C6A6176612F6C616E672F496E74656765723B4C00056F7264657271007E000D4C00047061676571007E000D4C000971756572795479706571007E000D4C0004726F777371007E000D4C0004736F727471007E000D4C0009737461727454696D6571007E000D787070707070740013797979792D4D4D2D64642048483A6D6D3A737374000070707070707070000074000D3139322E3136382E322E313139737200126A6176612E73716C2E54696D657374616D702618D5C80153BF650200014900056E616E6F737872000E6A6176612E7574696C2E44617465686A81014B597419030000787077080000014E331F9E387800000000740000737200116A6176612E6C616E672E496E746567657212E2A0A4F781873802000149000576616C7565787200106A6176612E6C616E672E4E756D62657286AC951D0B94E08B0200007870000000A17371007E001C0000000074000D3139322E3136382E322E3131397371007E001877080000014E32A9261878000000007371007E001C00000005707400077368656E6875697400203063373363356139313337346463336131396636623766363862336236616632740006E6B288E6999674000D3139322E3136382E322E3131397371007E001877080000014E2477B5F078000000007372002F6F72672E68696265726E6174652E636F6C6C656374696F6E2E696E7465726E616C2E50657273697374656E74426167464A645C192E1EC40200014C000362616771007E00107872003E6F72672E68696265726E6174652E636F6C6C656374696F6E2E696E7465726E616C2E416273747261637450657273697374656E74436F6C6C656374696F6E844A7E7706AE8D0B0200095A001B616C6C6F774C6F61644F7574736964655472616E73616374696F6E49000A63616368656453697A655A000564697274795A000B696E697469616C697A65644C00036B65797400164C6A6176612F696F2F53657269616C697A61626C653B4C00056F776E65727400124C6A6176612F6C616E672F4F626A6563743B4C0004726F6C6571007E000D4C001273657373696F6E466163746F72795575696471007E000D4C000E73746F726564536E617073686F7471007E002A787000FFFFFFFF000071007E001E71007E001474002D636F6D2E65617379636D732E6D616E6167656D656E742E757365722E646F6D61696E2E557365722E726F6C65737070707371007E002800FFFFFFFF000071007E001E71007E0014740032636F6D2E65617379636D732E6D616E6167656D656E742E757365722E646F6D61696E2E557365722E757365724465766963657070707371007E000C7070707071007E001571007E001670707070707070000070707400007371007E001C000000AC71007E001F707070707400086C696E646F6E677A7400203063373363356139313337346463336131396636623766363862336236616632740009E69E97E586ACE680BB74000D3139322E3136382E322E3131397371007E001877080000014E2E612BC878000000007371007E002800FFFFFFFF000071007E003271007E003071007E002D7070707371007E002800FFFFFFFF000071007E003271007E003071007E002F7070707371007E000C7070707071007E001571007E001670707070707070000074000D3139322E3136382E322E3131397371007E001877080000014E3391866078000000007400007371007E001C000000A071007E001F74000D3139322E3136382E322E3131397371007E001877080000014E33847E7078000000007371007E001C00000006707400076C696E646F6E677400203063373363356139313337346463336131396636623766363862336236616632740006E69E97E586AC74000D3139322E3136382E322E3131397371007E001877080000014E24778EE078000000007371007E002800FFFFFFFF000071007E003E71007E003A71007E002D7070707371007E002800FFFFFFFF000071007E003E71007E003A71007E002F7070707874000970726F626C656D69647371007E001C000000C67874000A6A6F625365727669636574001E70726F626C656D4175746F4368616E6765536F6C766572536572766963657800);
INSERT INTO `QRTZ_TRIGGERS` VALUES ('scheduler', 'f4d9448b-f8d0-4ef1-b8e0-baa71576b13e', 'DEFAULT', 'jobDetail', 'DEFAULT', null, '1437315561718', '-1', '5', 'WAITING', 'SIMPLE', '1437315561718', '0', null, '-1', 0xACED0005737200156F72672E71756172747A2E4A6F62446174614D61709FB083E8BFA9B0CB020000787200266F72672E71756172747A2E7574696C732E537472696E674B65794469727479466C61674D61708208E8C3FBC55D280200015A0013616C6C6F77735472616E7369656E74446174617872001D6F72672E71756172747A2E7574696C732E4469727479466C61674D617013E62EAD28760ACE0200025A000564697274794C00036D617074000F4C6A6176612F7574696C2F4D61703B787001737200116A6176612E7574696C2E486173684D61700507DAC1C31660D103000246000A6C6F6164466163746F724900097468726573686F6C6478703F4000000000000C7708000000100000000274000A6A6F62446174614D61707371007E00053F4000000000000C770800000010000000027400076C656164657273737200136A6176612E7574696C2E41727261794C6973747881D21D99C7619D03000149000473697A6578700000000177040000000173720027636F6D2E65617379636D732E6D616E6167656D656E742E757365722E646F6D61696E2E5573657224EAFDE8DF4B6D230200125A000C64656661756C7441646D696E5A0005697344656C4C000E63757272656E744C6F67696E49707400124C6A6176612F6C616E672F537472696E673B4C001063757272656E744C6F67696E54696D657400104C6A6176612F7574696C2F446174653B4C0005656D61696C71007E000D4C000269647400134C6A6176612F6C616E672F496E74656765723B4C0012697344656661756C7441646D696E466C616771007E000F4C000B6C6173744C6F67696E497071007E000D4C000D6C6173744C6F67696E54696D6571007E000E4C000A6C6F67696E54696D657371007E000F4C00056D656E75737400104C6A6176612F7574696C2F4C6973743B4C00046E616D6571007E000D4C000870617373776F726471007E000D4C00087265616C6E616D6571007E000D4C000A7265676973746572497071007E000D4C000C726567697374657254696D6571007E000E4C0005726F6C657371007E00104C000A7573657244657669636571007E00107872001F636F6D2E65617379636D732E636F72652E666F726D2E4261736963466F726DDDE391474CEFE3EB02000D4C0006637573746F6D71007E000D5B000A646174654669656C64737400135B4C6A6176612F6C616E672F537472696E673B4C0007656E6454696D6571007E000D4C000666696C74657271007E000D4C0009666F726D617474657271007E000D4C000466756E6371007E000D5B00036964737400145B4C6A6176612F6C616E672F496E74656765723B4C00056F7264657271007E000D4C00047061676571007E000D4C000971756572795479706571007E000D4C0004726F777371007E000D4C0004736F727471007E000D4C0009737461727454696D6571007E000D787070707070740013797979792D4D4D2D64642048483A6D6D3A737374000070707070707070000074000D3139322E3136382E322E313139737200126A6176612E73716C2E54696D657374616D702618D5C80153BF650200014900056E616E6F737872000E6A6176612E7574696C2E44617465686A81014B597419030000787077080000014E96CC53907800000000740000737200116A6176612E6C616E672E496E746567657212E2A0A4F781873802000149000576616C7565787200106A6176612E6C616E672E4E756D62657286AC951D0B94E08B0200007870000000B37371007E001C0000000074000D3139322E3136382E322E3131397371007E001877080000014E9643A74878000000007371007E001C000000AC7074000C736F6E6767756F7169616E677400203063373363356139313337346463336131396636623766363862336236616632740009E5AE8BE59BBDE5BCBA74000D3139322E3136382E322E3131397371007E001877080000014E2E64D16078000000007372002F6F72672E68696265726E6174652E636F6C6C656374696F6E2E696E7465726E616C2E50657273697374656E74426167464A645C192E1EC40200014C000362616771007E00107872003E6F72672E68696265726E6174652E636F6C6C656374696F6E2E696E7465726E616C2E416273747261637450657273697374656E74436F6C6C656374696F6E844A7E7706AE8D0B0200095A001B616C6C6F774C6F61644F7574736964655472616E73616374696F6E49000A63616368656453697A655A000564697274795A000B696E697469616C697A65644C00036B65797400164C6A6176612F696F2F53657269616C697A61626C653B4C00056F776E65727400124C6A6176612F6C616E672F4F626A6563743B4C0004726F6C6571007E000D4C001273657373696F6E466163746F72795575696471007E000D4C000E73746F726564536E617073686F7471007E002A787000FFFFFFFF000071007E001E71007E001474002D636F6D2E65617379636D732E6D616E6167656D656E742E757365722E646F6D61696E2E557365722E726F6C65737070707371007E002800FFFFFFFF000171007E001E71007E0014740032636F6D2E65617379636D732E6D616E6167656D656E742E757365722E646F6D61696E2E557365722E75736572446576696365707371007E000A000000077704000000077372002D636F6D2E65617379636D732E6D616E6167656D656E742E757365722E646F6D61696E2E55736572446576696365CA4FF725EA1F08200200094C000963726561746564427971007E000D4C0009637265617465644F6E71007E000E4C000664657669636571007E000D4C0008646576696365696471007E000D4C0002696471007E000F4C000672656D61726B71007E000D4C000975706461746564427971007E000D4C0009757064617465644F6E71007E000E4C0004757365727400294C636F6D2F65617379636D732F6D616E6167656D656E742F757365722F646F6D61696E2F557365723B7871007E00117070707071007E001571007E001670707070707070740008436F72655F4150497371007E001877080000014E2F0A2D68780000000070740010373939303336316535306562333335627371007E001C0000003470707071007E00147371007E00317070707071007E001571007E001670707070707070740008436F72655F4150497371007E001877080000014E2F0A7B88780000000070740010653039336264646362636535353534397371007E001C0000003570707071007E00147371007E00317070707071007E001571007E001670707070707070740008436F72655F4150497371007E001877080000014E301311E8780000000070740010633435643634363166306437366636347371007E001C0000003770707071007E00147371007E00317070707071007E001571007E001670707070707070740008436F72655F4150497371007E001877080000014E32A63FE8780000000070740010666434383930386163633837656565337371007E001C0000003C70707071007E00147371007E00317070707071007E001571007E001670707070707070740008436F72655F4150497371007E001877080000014E4A42AB00780000000070740010363764663333326631643237333036617371007E001C0000007270707071007E00147371007E00317070707071007E001571007E001670707070707070740008436F72655F4150497371007E001877080000014E57961B2078000000007074000F3931396436653265636437343736367371007E001C0000007770707071007E00147371007E00317070707071007E001571007E001670707070707070740008436F72655F4150497371007E001877080000014E57AB8F50780000000070740010326339636535323730316535316563647371007E001C0000007870707071007E0014787371007E000A0000000777040000000771007E003371007E003871007E003D71007E004271007E004771007E004C71007E0051787874000970726F626C656D69647371007E001C000000C77874000A6A6F625365727669636574001E70726F626C656D4175746F4368616E6765536F6C766572536572766963657800);

-- ----------------------------
-- Table structure for query_date
-- ----------------------------
DROP TABLE IF EXISTS `query_date`;
CREATE TABLE `query_date` (
  `select_date` datetime NOT NULL DEFAULT '0000-00-00 00:00:00',
  PRIMARY KEY (`select_date`)
) ENGINE=InnoDB DEFAULT CHARSET=utf8;

-- ----------------------------
-- Records of query_date
-- ----------------------------
INSERT INTO `query_date` VALUES ('2015-07-01 00:00:00');
INSERT INTO `query_date` VALUES ('2015-07-02 00:00:00');
INSERT INTO `query_date` VALUES ('2015-07-03 00:00:00');
INSERT INTO `query_date` VALUES ('2015-07-04 00:00:00');
INSERT INTO `query_date` VALUES ('2015-07-05 00:00:00');
INSERT INTO `query_date` VALUES ('2015-07-06 00:00:00');
INSERT INTO `query_date` VALUES ('2015-07-07 00:00:00');
INSERT INTO `query_date` VALUES ('2015-07-08 00:00:00');
INSERT INTO `query_date` VALUES ('2015-07-09 00:00:00');
INSERT INTO `query_date` VALUES ('2015-07-10 00:00:00');
INSERT INTO `query_date` VALUES ('2015-07-11 00:00:00');
INSERT INTO `query_date` VALUES ('2015-07-12 00:00:00');
INSERT INTO `query_date` VALUES ('2015-07-13 00:00:00');

-- ----------------------------
-- Table structure for rd_source
-- ----------------------------
DROP TABLE IF EXISTS `rd_source`;
CREATE TABLE `rd_source` (
  `id` int(11) NOT NULL AUTO_INCREMENT COMMENT '序号',
  `source` varchar(255) COLLATE utf8_unicode_ci NOT NULL COMMENT '来源',
  PRIMARY KEY (`id`)
) ENGINE=InnoDB AUTO_INCREMENT=6 DEFAULT CHARSET=utf8 COLLATE=utf8_unicode_ci;

-- ----------------------------
-- Records of rd_source
-- ----------------------------
INSERT INTO `rd_source` VALUES ('1', '党政网（省委宣传部）');
INSERT INTO `rd_source` VALUES ('2', '四川省机要局（涉密文件）');
INSERT INTO `rd_source` VALUES ('3', '上级文件（市委、市政府）');
INSERT INTO `rd_source` VALUES ('4', '下级文件（区级宣传部）');
INSERT INTO `rd_source` VALUES ('5', '平级文件（市教育局、市公安局……）');

-- ----------------------------
-- Table structure for rd_type
-- ----------------------------
DROP TABLE IF EXISTS `rd_type`;
CREATE TABLE `rd_type` (
  `id` int(11) NOT NULL AUTO_INCREMENT COMMENT '序号',
  `type` varchar(255) COLLATE utf8_unicode_ci NOT NULL COMMENT '类型',
  PRIMARY KEY (`id`)
) ENGINE=InnoDB AUTO_INCREMENT=5 DEFAULT CHARSET=utf8 COLLATE=utf8_unicode_ci;

-- ----------------------------
-- Records of rd_type
-- ----------------------------
INSERT INTO `rd_type` VALUES ('1', '通知');
INSERT INTO `rd_type` VALUES ('2', '公函');
INSERT INTO `rd_type` VALUES ('3', '通报');
INSERT INTO `rd_type` VALUES ('4', '公告');

-- ----------------------------
-- Table structure for rd_workflow_file
-- ----------------------------
DROP TABLE IF EXISTS `rd_workflow_file`;
CREATE TABLE `rd_workflow_file` (
  `id` int(11) NOT NULL AUTO_INCREMENT COMMENT '序号',
  `filename` varchar(255) COLLATE utf8_unicode_ci NOT NULL COMMENT '文件名',
  `file_number` varchar(255) COLLATE utf8_unicode_ci NOT NULL COMMENT '文号',
  `create_date` datetime NOT NULL COMMENT '签发日期',
  `file_source_id` int(11) NOT NULL COMMENT '文件来源ID',
  `file_type_id` int(11) NOT NULL COMMENT '文件类型ID',
  `description` text COLLATE utf8_unicode_ci COMMENT '任务描述',
  `rd_task_id` int(11) DEFAULT NULL COMMENT '任务ID',
  PRIMARY KEY (`id`),
  KEY `file_source_fk` (`file_source_id`),
  KEY `file_type_fk` (`file_type_id`),
  KEY `file_task_fk` (`rd_task_id`),
  CONSTRAINT `file_source_fk` FOREIGN KEY (`file_source_id`) REFERENCES `rd_source` (`id`) ON DELETE CASCADE ON UPDATE CASCADE,
  CONSTRAINT `file_task_fk` FOREIGN KEY (`rd_task_id`) REFERENCES `rd_workflow_trace_task` (`id`) ON DELETE CASCADE ON UPDATE CASCADE,
  CONSTRAINT `file_type_fk` FOREIGN KEY (`file_type_id`) REFERENCES `rd_type` (`id`) ON DELETE CASCADE ON UPDATE CASCADE
) ENGINE=InnoDB DEFAULT CHARSET=utf8 COLLATE=utf8_unicode_ci;

-- ----------------------------
-- Records of rd_workflow_file
-- ----------------------------

-- ----------------------------
-- Table structure for rd_workflow_flow_zip
-- ----------------------------
DROP TABLE IF EXISTS `rd_workflow_flow_zip`;
CREATE TABLE `rd_workflow_flow_zip` (
  `id` int(11) NOT NULL AUTO_INCREMENT COMMENT '序号',
  `filename` varchar(255) COLLATE utf8_unicode_ci NOT NULL COMMENT '文件名',
  `realname` varchar(255) COLLATE utf8_unicode_ci NOT NULL COMMENT '真实文件名',
  `path` varchar(500) COLLATE utf8_unicode_ci NOT NULL COMMENT '相对路径',
  `real_path` varchar(500) COLLATE utf8_unicode_ci NOT NULL COMMENT '真实相对路径',
  `upload_date` datetime NOT NULL COMMENT '上传时间',
  `version` int(11) NOT NULL COMMENT '版本',
  `status` tinyint(1) NOT NULL COMMENT '状态',
  `deployment_id` varchar(100) COLLATE utf8_unicode_ci DEFAULT NULL COMMENT '发布ID',
  `deployment_name` varchar(255) COLLATE utf8_unicode_ci DEFAULT NULL COMMENT '发布名称',
  `deployment_date` datetime DEFAULT NULL COMMENT '发布时间',
  PRIMARY KEY (`id`)
) ENGINE=InnoDB AUTO_INCREMENT=9 DEFAULT CHARSET=utf8 COLLATE=utf8_unicode_ci;

-- ----------------------------
-- Records of rd_workflow_flow_zip
-- ----------------------------
INSERT INTO `rd_workflow_flow_zip` VALUES ('8', 'problemProcess', 'problemProcess.zip', '/WEB-INF/workflow/problemProcess.zip', '/WEB-INF/workflow/problemProcess.zip', '2015-07-09 22:07:00', '1', '1', '1', 'problemProcess', '2015-07-09 22:07:09');

-- ----------------------------
-- Table structure for rd_workflow_handled_task
-- ----------------------------
DROP TABLE IF EXISTS `rd_workflow_handled_task`;
CREATE TABLE `rd_workflow_handled_task` (
  `id` int(11) NOT NULL AUTO_INCREMENT COMMENT '序号',
  `user_id` int(11) NOT NULL COMMENT '用户ID',
  `task_id` int(11) NOT NULL COMMENT '跟踪任务ID',
  PRIMARY KEY (`id`)
) ENGINE=InnoDB DEFAULT CHARSET=utf8 COLLATE=utf8_unicode_ci;

-- ----------------------------
-- Records of rd_workflow_handled_task
-- ----------------------------

-- ----------------------------
-- Table structure for rd_workflow_trace_task
-- ----------------------------
DROP TABLE IF EXISTS `rd_workflow_trace_task`;
CREATE TABLE `rd_workflow_trace_task` (
  `id` int(11) NOT NULL AUTO_INCREMENT COMMENT '序号',
  `rd_file_id` int(11) NOT NULL COMMENT '执行文件ID',
  `deploy_user_id` int(11) NOT NULL COMMENT '发布人ID',
  `assignee_id` int(11) DEFAULT NULL COMMENT '当前处理人',
  `handle_date` datetime DEFAULT NULL COMMENT '处理时间',
  `end_date` datetime DEFAULT NULL COMMENT '结束时间',
  `start_date` datetime DEFAULT NULL COMMENT '开始时间',
  `task_name` varchar(255) COLLATE utf8_unicode_ci DEFAULT NULL COMMENT '节点名称',
  `task_id` varchar(255) COLLATE utf8_unicode_ci DEFAULT NULL COMMENT '节点ID',
  `process_instance_id` varchar(255) COLLATE utf8_unicode_ci DEFAULT NULL COMMENT '流程定义ID',
  `finish_task_id` varchar(255) COLLATE utf8_unicode_ci DEFAULT NULL COMMENT '完成任务ID',
  `dispatch_user_id` int(11) DEFAULT NULL COMMENT '分配人ID',
  `handle_message` text COLLATE utf8_unicode_ci COMMENT '处理意见',
  `audit_message` text COLLATE utf8_unicode_ci COMMENT '审核意见',
  `table_name` varchar(500) COLLATE utf8_unicode_ci DEFAULT NULL COMMENT '表单名',
  `status` int(11) DEFAULT NULL COMMENT '任务状态',
  `duration` int(11) DEFAULT NULL COMMENT '持续时间',
  `complete` int(11) DEFAULT NULL COMMENT '任务完成状态',
  `department_id` int(11) DEFAULT NULL COMMENT '部门ID',
  PRIMARY KEY (`id`),
  KEY `rd_file_id` (`rd_file_id`)
) ENGINE=InnoDB DEFAULT CHARSET=utf8 COLLATE=utf8_unicode_ci;

-- ----------------------------
-- Records of rd_workflow_trace_task
-- ----------------------------

-- ----------------------------
-- Table structure for rolling_plan
-- ----------------------------
DROP TABLE IF EXISTS `rolling_plan`;
CREATE TABLE `rolling_plan` (
  `autoid` int(11) NOT NULL AUTO_INCREMENT,
  `qualityplanno` varchar(50) COLLATE utf8_unicode_ci DEFAULT NULL,
  `rollingplanflag` varchar(10) COLLATE utf8_unicode_ci DEFAULT NULL,
  `weldlistno` varchar(50) COLLATE utf8_unicode_ci DEFAULT NULL,
  `drawno` varchar(50) COLLATE utf8_unicode_ci DEFAULT NULL,
  `rccm` varchar(10) COLLATE utf8_unicode_ci DEFAULT NULL,
  `areano` varchar(10) COLLATE utf8_unicode_ci DEFAULT NULL,
  `unitno` varchar(10) COLLATE utf8_unicode_ci DEFAULT NULL,
  `weldno` varchar(20) COLLATE utf8_unicode_ci DEFAULT NULL,
  `speciality` varchar(20) COLLATE utf8_unicode_ci DEFAULT NULL,
  `materialtype` varchar(20) COLLATE utf8_unicode_ci DEFAULT NULL,
  `workpoint` decimal(10,3) DEFAULT NULL,
  `qualitynum` decimal(10,3) DEFAULT NULL,
  `worktime` decimal(10,3) DEFAULT NULL,
  `consteam` varchar(20) COLLATE utf8_unicode_ci DEFAULT NULL,
  `plandate` varchar(50) COLLATE utf8_unicode_ci DEFAULT NULL,
  `consdate` datetime DEFAULT NULL,
  `isend` int(11) NOT NULL,
  `consendman` varchar(20) COLLATE utf8_unicode_ci DEFAULT NULL,
  `welder` varchar(20) COLLATE utf8_unicode_ci DEFAULT NULL,
  `assigndate` datetime DEFAULT NULL,
  `doissuedate` datetime DEFAULT NULL,
  `plan_finish_date` datetime DEFAULT NULL,
  `enddate` datetime DEFAULT NULL,
  `qcsign` int(11) NOT NULL,
  `qcman` varchar(20) COLLATE utf8_unicode_ci DEFAULT NULL,
  `qcdate` datetime DEFAULT NULL,
  `remark` varchar(200) COLLATE utf8_unicode_ci DEFAULT NULL,
  `technology_ask` varchar(1000) COLLATE utf8_unicode_ci DEFAULT NULL,
  `quality_risk_ctl` varchar(1000) COLLATE utf8_unicode_ci DEFAULT NULL,
  `security_risk_ctl` varchar(1000) COLLATE utf8_unicode_ci DEFAULT NULL,
  `experience_feedback` varchar(1000) COLLATE utf8_unicode_ci DEFAULT NULL,
  `work_tool` varchar(1000) COLLATE utf8_unicode_ci DEFAULT NULL,
  `created_on` datetime DEFAULT NULL,
  `created_by` varchar(40) COLLATE utf8_unicode_ci DEFAULT NULL,
  `updated_on` datetime DEFAULT NULL,
  `updated_by` varchar(40) COLLATE utf8_unicode_ci DEFAULT NULL,
  PRIMARY KEY (`autoid`)
) ENGINE=InnoDB AUTO_INCREMENT=644 DEFAULT CHARSET=utf8 COLLATE=utf8_unicode_ci;

-- ----------------------------
-- Records of rolling_plan
-- ----------------------------
INSERT INTO `rolling_plan` VALUES ('626', 'NZPT-TQP-0DY-JPD-P-20519', null, 'HJKZ-TQP-20519-00518', '07060DY-JPS01-JPD-003', 'NA', 'DY', '0', 'M1', 'GDHK', 'CS', '0.325', '1.000', '1.000', '60', '2015-07-16至2015-07-16', '2015-03-15 00:00:00', '2', '87', '的', '2015-07-16 17:25:54', null, '2015-07-16 00:00:00', '2015-07-16 22:10:34', '0', '的的', '2015-07-16 21:54:41', null, null, null, null, null, null, '2015-07-16 17:22:29', 'hujufang', '2015-07-16 21:54:41', 'xiongzhanwen');
INSERT INTO `rolling_plan` VALUES ('627', 'NZPT-TQP-0DY-JPD-P-20519', null, 'HJKZ-TQP-20519-00398', '07060DY-JPS01-JPD-003', 'NA', 'DY', '0', 'M10', 'GDHK', 'CS', '0.780', '1.000', '1.000', '60', '2015-07-16至2015-07-16', '2015-03-15 00:00:00', '2', '87', null, '2015-07-16 17:25:54', null, '2015-07-16 00:00:00', '2015-07-16 22:44:02', '1', 'bbbbbb', '2015-07-16 22:42:25', null, null, null, null, null, null, '2015-07-16 17:22:31', 'hujufang', null, null);
INSERT INTO `rolling_plan` VALUES ('628', 'NZPT-TQP-0DY-JPD-P-20519', null, null, '07060DY-JPS01-JPD-003', 'R1', 'RX', '1', 'R002.001F', 'GDZJ', 'CS', '200.000', '1.000', '1.000', '60', '2015-07-16至2015-07-16', '2015-03-15 00:00:00', '2', '87', 'gggh', '2015-07-16 17:25:54', null, '2015-07-16 00:00:00', '2015-07-16 10:37:18', '1', 'cvggg', '2015-07-16 22:37:20', null, null, null, null, null, null, '2015-07-16 17:22:32', 'hujufang', '2015-07-16 22:37:20', 'xiongzhanwen');
INSERT INTO `rolling_plan` VALUES ('629', 'NZPT-TQP-0DY-JPD-P-20519', 'PROBLEM', 'HJKZ-TQP-20519-00518', '07060DY-JPS01-JPD-003', 'NA', 'DY', '0', 'M2', 'GDHK', 'CS', '0.325', '1.000', '1.000', '60', '2015-07-16至2015-07-16', '2015-03-15 00:00:00', '1', '87', null, '2015-07-16 22:44:35', '2015-07-16 23:02:49', '2015-07-16 00:00:00', null, '0', null, null, null, null, null, null, null, null, '2015-07-16 17:22:32', 'hujufang', null, null);
INSERT INTO `rolling_plan` VALUES ('630', 'NZPT-TQP-0DY-JPD-P-20519', null, 'HJKZ-TQP-20519-00398', '07060DY-JPS01-JPD-003', 'NA', 'DY', '0', 'M3', 'GDHK', 'CS', '0.780', '1.000', '1.000', '60', '2015-07-16至2015-07-16', '2015-03-15 00:00:00', '1', '87', null, '2015-07-16 22:44:35', null, '2015-07-16 00:00:00', null, '0', null, null, null, null, null, null, null, null, '2015-07-16 17:22:33', 'hujufang', null, null);
INSERT INTO `rolling_plan` VALUES ('631', 'NZPT-TQP-0DY-JPD-P-20519', null, 'HJKZ-TQP-20519-00518', '07060DY-JPS01-JPD-003', 'NA', 'DY', '0', 'M4', 'GDHK', 'CS', '0.325', '1.000', '1.000', '60', '2015-07-16至2015-07-16', '2015-03-15 00:00:00', '1', '87', null, '2015-07-16 22:44:35', null, '2015-07-16 00:00:00', null, '0', null, null, null, null, null, null, null, null, '2015-07-16 17:22:36', 'hujufang', null, null);
INSERT INTO `rolling_plan` VALUES ('632', 'NZPT-TQP-0DY-JPD-P-20519', null, 'HJKZ-TQP-20519-00398', '07060DY-JPS01-JPD-003', 'NA', 'DY', '0', 'M5', 'GDHK', 'CS', '0.780', '1.000', '1.000', '60', '2015-07-16至2015-07-16', '2015-03-15 00:00:00', '1', '87', null, '2015-07-16 22:44:35', null, '2015-07-16 00:00:00', null, '0', null, null, null, null, null, null, null, null, '2015-07-16 17:22:36', 'hujufang', null, null);
INSERT INTO `rolling_plan` VALUES ('633', 'NZPT-TQP-0DY-JPD-P-20519', null, null, '07060DY-JPS01-JPD-003', 'R1', 'RX', '1', 'R002.001x', 'GDZJ', 'CS', '200.000', '1.000', '1.000', '60', '2015-07-16至2015-07-16', '2015-03-15 00:00:00', '2', '87', 'ffff', '2015-07-16 22:44:35', null, '2015-07-16 00:00:00', '2015-07-17 03:05:56', '1', 'xxxl', '2015-07-17 15:05:57', null, null, null, null, null, null, '2015-07-16 17:22:37', 'hujufang', '2015-07-17 15:05:57', 'xiongzhanwen');
INSERT INTO `rolling_plan` VALUES ('634', 'NZPT-TQP-0DY-JPD-P-20519', 'PROBLEM', 'HJKZ-TQP-20519-00518', '07060DY-JPS01-JPD-003', 'NA', 'DY', '0', 'M6', 'GDHK', 'CS', '0.325', '1.000', '1.000', '60', '2015-07-16至2015-07-16', '2015-03-15 00:00:00', '1', '87', null, '2015-07-16 22:45:01', null, '2015-07-16 00:00:00', null, '0', null, null, null, null, null, null, null, null, '2015-07-16 17:22:37', 'hujufang', null, null);
INSERT INTO `rolling_plan` VALUES ('635', 'NZPT-TQP-0DY-JPD-P-20519', null, 'HJKZ-TQP-20519-00398', '07060DY-JPS01-JPD-003', 'NA', 'DY', '0', 'M7', 'GDHK', 'CS', '0.780', '1.000', '1.000', '60', null, '2015-03-15 00:00:00', '4', null, null, '2015-07-16 22:45:01', null, '2015-07-16 00:00:00', null, '0', null, null, null, null, null, null, null, null, '2015-07-16 17:22:37', 'hujufang', null, null);
INSERT INTO `rolling_plan` VALUES ('636', 'NZPT-TQP-0DY-JPD-P-20519', null, 'HJKZ-TQP-20519-00518', '07060DY-JPS01-JPD-003', 'NA', 'DY', '0', 'M8', 'GDHK', 'CS', '0.325', '1.000', '1.000', null, null, '2015-03-15 00:00:00', '0', null, null, null, null, null, null, '0', null, null, null, null, null, null, null, null, '2015-07-16 17:22:38', 'hujufang', null, null);
INSERT INTO `rolling_plan` VALUES ('637', 'NZPT-TQP-0DY-JPD-P-20519', null, 'HJKZ-TQP-20519-00398', '07060DY-JPS01-JPD-003', 'NA', 'DY', '0', 'M9', 'GDHK', 'CS', '0.780', '1.000', '1.000', null, null, '2015-03-15 00:00:00', '0', null, null, null, null, null, null, '0', null, null, null, null, null, null, null, null, '2015-07-16 17:22:38', 'hujufang', null, null);
INSERT INTO `rolling_plan` VALUES ('638', 'NZPT-TQP-0DY-JPD-P-20519', null, 'HJKZ-TQP-20519-00518', '07060DY-JPS01-JPD-003', 'NA', 'DY', '0', 'M16', 'GDHK', 'CS', '0.325', '1.000', '1.000', null, null, '2015-03-15 00:00:00', '0', null, null, null, null, null, null, '0', null, null, null, null, null, null, null, null, '2015-07-16 17:22:39', 'hujufang', null, null);
INSERT INTO `rolling_plan` VALUES ('639', 'NZPT-TQP-0DY-JPD-P-20519', null, 'HJKZ-TQP-20519-00398', '07060DY-JPS01-JPD-003', 'NA', 'DY', '0', 'M11', 'GDHK', 'CS', '0.780', '1.000', '1.000', null, null, '2015-03-15 00:00:00', '0', null, null, null, null, null, null, '0', null, null, null, null, null, null, null, null, '2015-07-16 17:22:39', 'hujufang', null, null);
INSERT INTO `rolling_plan` VALUES ('640', 'NZPT-TQP-0DY-JPD-P-20519', null, 'HJKZ-TQP-20519-00518', '07060DY-JPS01-JPD-003', 'NA', 'DY', '0', 'M12', 'GDHK', 'CS', '0.325', '1.000', '1.000', null, null, '2015-03-15 00:00:00', '0', null, null, null, null, null, null, '0', null, null, null, null, null, null, null, null, '2015-07-16 17:22:40', 'hujufang', null, null);
INSERT INTO `rolling_plan` VALUES ('641', 'NZPT-TQP-0DY-JPD-P-20519', null, 'HJKZ-TQP-20519-00398', '07060DY-JPS01-JPD-003', 'NA', 'DY', '0', 'M13', 'GDHK', 'CS', '0.780', '1.000', '1.000', null, null, '2015-03-15 00:00:00', '0', null, null, null, null, null, null, '0', null, null, null, null, null, null, null, null, '2015-07-16 17:22:40', 'hujufang', null, null);
INSERT INTO `rolling_plan` VALUES ('642', 'NZPT-TQP-0DY-JPD-P-20519', null, 'HJKZ-TQP-20519-00518', '07060DY-JPS01-JPD-003', 'NA', 'DY', '0', 'M14', 'GDHK', 'CS', '0.325', '1.000', '1.000', null, null, '2015-03-15 00:00:00', '0', null, null, null, null, null, null, '0', null, null, null, null, null, null, null, null, '2015-07-16 17:22:40', 'hujufang', null, null);
INSERT INTO `rolling_plan` VALUES ('643', 'NZPT-TQP-0DY-JPD-P-20519', null, 'HJKZ-TQP-20519-00398', '07060DY-JPS01-JPD-003', 'NA', 'DY', '0', 'M15', 'GDHK', 'CS', '0.780', '1.000', '1.000', null, null, '2015-03-15 00:00:00', '0', null, null, null, null, null, null, '0', null, null, null, null, null, null, null, null, '2015-07-16 17:22:41', 'hujufang', null, null);

-- ----------------------------
-- Table structure for rolling_plan_question
-- ----------------------------
DROP TABLE IF EXISTS `rolling_plan_question`;
CREATE TABLE `rolling_plan_question` (
  `autoid` int(11) NOT NULL AUTO_INCREMENT,
  `autoidup` int(11) NOT NULL,
  `weldno` varchar(100) COLLATE utf8_unicode_ci NOT NULL,
  `drawno` varchar(100) COLLATE utf8_unicode_ci DEFAULT NULL,
  `questiondes` varchar(10000) COLLATE utf8_unicode_ci DEFAULT NULL,
  `questionname` varchar(200) COLLATE utf8_unicode_ci DEFAULT NULL,
  `isok` int(11) NOT NULL,
  `queslevel` int(11) NOT NULL,
  `solvemethod` varchar(10000) COLLATE utf8_unicode_ci DEFAULT NULL,
  `remark` varchar(50) COLLATE utf8_unicode_ci DEFAULT NULL,
  `created_on` datetime DEFAULT NULL,
  `created_by` varchar(40) COLLATE utf8_unicode_ci DEFAULT NULL,
  `updated_on` datetime DEFAULT NULL,
  `updated_by` varchar(40) COLLATE utf8_unicode_ci DEFAULT NULL,
  `methodmanid` int(11) DEFAULT NULL,
  `confirm` int(11) DEFAULT NULL,
  `concernman` varchar(100) COLLATE utf8_unicode_ci DEFAULT NULL,
  `solvedate` datetime DEFAULT NULL,
  `currentsolver` varchar(40) COLLATE utf8_unicode_ci DEFAULT NULL,
  `currentsolverid` int(11) DEFAULT NULL,
  `concernmanname` varchar(100) COLLATE utf8_unicode_ci DEFAULT NULL,
  `rolling_plan_id` int(11) DEFAULT NULL,
  `solver_id` int(11) DEFAULT NULL,
  PRIMARY KEY (`autoid`)
) ENGINE=InnoDB AUTO_INCREMENT=205 DEFAULT CHARSET=utf8 COLLATE=utf8_unicode_ci;

-- ----------------------------
-- Records of rolling_plan_question
-- ----------------------------
INSERT INTO `rolling_plan_question` VALUES ('197', '0', 'M1', '07060DY-JPS01-JPD-003', '是否是范德萨', 'test', '1', '0', 'gggg', null, '2015-07-16 17:41:08', '178', '2015-07-16 20:18:30', '179', '179', '1', null, '2015-07-16 20:18:30', '宋国强', '179', '宋国强', '626', '280');
INSERT INTO `rolling_plan_question` VALUES ('198', '0', 'M1', '07060DY-JPS01-JPD-003', '是否是范德萨', 'test', '1', '2', '状况那个意', null, '2015-07-16 17:41:09', '178', '2015-07-16 17:52:09', '89', '89', '1', null, '2015-07-16 17:52:09', '张孝林', '173', '宋国强|沈晖|林冬总|林冬', '626', '283');
INSERT INTO `rolling_plan_question` VALUES ('199', '0', 'M10', '07060DY-JPS01-JPD-003', 'ccggg', 'vvv', '1', '0', 'hhhhhhh', null, '2015-07-16 22:19:21', '178', '2015-07-16 22:35:48', '179', '179', '1', null, '2015-07-16 22:35:48', '宋国强', '179', '宋国强', '627', '284');
INSERT INTO `rolling_plan_question` VALUES ('200', '0', 'M10', '07060DY-JPS01-JPD-003', 'ccggg', 'vvv', '1', '1', 'fffff', null, '2015-07-16 22:20:48', '178', '2015-07-16 22:33:48', '89', '89', '1', null, '2015-07-16 22:33:48', '张孝林', '179', '宋国强|沈晖|林冬总|林冬', '627', '286');
INSERT INTO `rolling_plan_question` VALUES ('201', '0', 'M2', '07060DY-JPS01-JPD-003', '测试事实上测试事实上测试事实上测试事实上测试事实上测试事实上测试事实上测试事实上', '测试事实上', '1', '1', '345hg5hg45h', null, '2015-07-16 23:02:49', '178', '2015-07-16 23:04:42', '89', '89', '-1', null, '2015-07-16 23:04:42', '张孝林', '89', '宋国强|江庆华|张孝林|胡习萍|樊阳|胡菊芳', '629', '288');
INSERT INTO `rolling_plan_question` VALUES ('202', '0', 'M2', '07060DY-JPS01-JPD-003', 'gghjjkkjh', 'vvbb', '0', '1', null, null, '2015-07-16 23:12:17', '178', '2015-07-16 23:13:48', null, '0', '0', null, null, '张孝林', '179', '宋国强|江庆华|张孝林|胡习萍|樊阳|胡菊芳', '629', '290');
INSERT INTO `rolling_plan_question` VALUES ('203', '0', 'M6', '07060DY-JPS01-JPD-003', '本7好玩', '他在是一种6', '0', '0', null, null, '2015-07-17 21:35:08', '178', null, null, '0', '0', null, null, '熊占文', '178', '宋国强', '634', '291');
INSERT INTO `rolling_plan_question` VALUES ('204', '0', 'M6', '07060DY-JPS01-JPD-003', '他天天', '人让人人', '0', '0', null, null, '2015-07-17 21:36:32', '178', null, null, '0', '0', null, null, '熊占文', '178', '宋国强', '634', '292');

-- ----------------------------
-- Table structure for solve_question_person
-- ----------------------------
DROP TABLE IF EXISTS `solve_question_person`;
CREATE TABLE `solve_question_person` (
  `autoid` int(11) NOT NULL AUTO_INCREMENT,
  `problemid` int(11) NOT NULL,
  `stepno` int(11) NOT NULL,
  `okmanid` varchar(20) COLLATE utf8_unicode_ci DEFAULT NULL,
  `okdes` varchar(10000) COLLATE utf8_unicode_ci DEFAULT NULL,
  `okdate` datetime DEFAULT NULL,
  `isok` int(11) NOT NULL,
  `ison` int(11) DEFAULT NULL,
  `oklevel` int(11) DEFAULT NULL,
  `created_on` datetime DEFAULT NULL,
  `created_by` varchar(40) COLLATE utf8_unicode_ci DEFAULT NULL,
  `updated_on` datetime DEFAULT NULL,
  `updated_by` varchar(40) COLLATE utf8_unicode_ci DEFAULT NULL,
  `okmanname` varchar(40) COLLATE utf8_unicode_ci DEFAULT NULL,
  PRIMARY KEY (`autoid`)
) ENGINE=InnoDB AUTO_INCREMENT=293 DEFAULT CHARSET=utf8 COLLATE=utf8_unicode_ci;

-- ----------------------------
-- Records of solve_question_person
-- ----------------------------
INSERT INTO `solve_question_person` VALUES ('280', '197', '0', '179', null, null, '0', '0', null, '2015-07-16 17:41:08', 'xiongzhanwen', null, null, '宋国强');
INSERT INTO `solve_question_person` VALUES ('281', '198', '0', '179', 'sfsfsdfsdfd', null, '0', '0', null, '2015-07-16 17:41:10', 'xiongzhanwen', null, null, '宋国强');
INSERT INTO `solve_question_person` VALUES ('282', '198', '0', '173', 'xgvvvb', null, '0', '0', null, '2015-07-16 17:47:49', 'songguoqiang', null, null, '江庆华');
INSERT INTO `solve_question_person` VALUES ('283', '198', '0', '89', null, null, '0', '0', null, '2015-07-16 17:50:55', 'jiangqinghua', null, null, '张孝林');
INSERT INTO `solve_question_person` VALUES ('284', '199', '0', '179', null, null, '0', '0', null, '2015-07-16 22:19:21', 'xiongzhanwen', null, null, '宋国强');
INSERT INTO `solve_question_person` VALUES ('285', '200', '0', '179', 'yhjjj', null, '0', '0', null, '2015-07-16 22:20:48', 'xiongzhanwen', null, null, '宋国强');
INSERT INTO `solve_question_person` VALUES ('286', '200', '0', '89', null, null, '0', '0', null, '2015-07-16 22:23:53', 'songguoqiang', null, null, '张孝林');
INSERT INTO `solve_question_person` VALUES ('287', '201', '0', '179', 'hello，我搞不定，你看看。', null, '0', '0', null, '2015-07-16 23:02:49', 'xiongzhanwen', null, null, '宋国强');
INSERT INTO `solve_question_person` VALUES ('288', '201', '0', '89', null, null, '0', '0', null, '2015-07-16 23:03:54', 'songguoqiang', null, null, '张孝林');
INSERT INTO `solve_question_person` VALUES ('289', '202', '0', '179', 'bunengjiejue', null, '0', '0', null, '2015-07-16 23:12:17', 'xiongzhanwen', null, null, '宋国强');
INSERT INTO `solve_question_person` VALUES ('290', '202', '0', '89', null, null, '0', '0', null, '2015-07-16 23:13:49', 'songguoqiang', null, null, '张孝林');
INSERT INTO `solve_question_person` VALUES ('291', '203', '0', '178', null, null, '0', '0', null, '2015-07-17 21:35:08', 'xiongzhanwen', null, null, '熊占文');
INSERT INTO `solve_question_person` VALUES ('292', '204', '0', '178', null, null, '0', '0', null, '2015-07-17 21:36:32', 'xiongzhanwen', null, null, '熊占文');

-- ----------------------------
-- Table structure for staff
-- ----------------------------
DROP TABLE IF EXISTS `staff`;
CREATE TABLE `staff` (
  `autoid` int(11) NOT NULL AUTO_INCREMENT,
  `userid` varchar(20) COLLATE utf8_unicode_ci DEFAULT NULL,
  `username` varchar(20) COLLATE utf8_unicode_ci DEFAULT NULL,
  `userpassword` varchar(20) COLLATE utf8_unicode_ci DEFAULT NULL,
  `userdepartment` varchar(20) COLLATE utf8_unicode_ci DEFAULT NULL,
  `userrole` varchar(50) COLLATE utf8_unicode_ci DEFAULT NULL,
  `upleader` varchar(20) COLLATE utf8_unicode_ci DEFAULT NULL,
  `rolelevel` int(11) DEFAULT NULL,
  `online` int(11) DEFAULT NULL,
  `isenable` int(11) DEFAULT NULL,
  `created_on` datetime DEFAULT NULL,
  `created_by` varchar(40) COLLATE utf8_unicode_ci DEFAULT NULL,
  `updated_on` datetime DEFAULT NULL,
  `updated_by` varchar(40) COLLATE utf8_unicode_ci DEFAULT NULL,
  PRIMARY KEY (`autoid`)
) ENGINE=InnoDB DEFAULT CHARSET=utf8 COLLATE=utf8_unicode_ci;

-- ----------------------------
-- Records of staff
-- ----------------------------

-- ----------------------------
-- Table structure for test
-- ----------------------------
DROP TABLE IF EXISTS `test`;
CREATE TABLE `test` (
  `a` char(1) DEFAULT NULL
) ENGINE=InnoDB DEFAULT CHARSET=utf8;

-- ----------------------------
-- Records of test
-- ----------------------------

-- ----------------------------
-- Table structure for Test
-- ----------------------------
DROP TABLE IF EXISTS `Test`;
CREATE TABLE `Test` (
  `a` char(1) DEFAULT NULL
) ENGINE=InnoDB DEFAULT CHARSET=utf8;

-- ----------------------------
-- Records of Test
-- ----------------------------

-- ----------------------------
-- Table structure for user_device
-- ----------------------------
DROP TABLE IF EXISTS `user_device`;
CREATE TABLE `user_device` (
  `id` int(11) NOT NULL AUTO_INCREMENT,
  `userid` int(11) NOT NULL,
  `device` varchar(50) DEFAULT NULL,
  `deviceid` varchar(80) NOT NULL,
  `remark` varchar(100) DEFAULT NULL,
  `created_on` datetime DEFAULT NULL,
  `created_by` varchar(40) DEFAULT NULL,
  `updated_on` datetime DEFAULT NULL,
  `updated_by` varchar(40) DEFAULT NULL,
  PRIMARY KEY (`id`),
  KEY `ud_user_id_fk` (`userid`),
  CONSTRAINT `ud_user_id_fk` FOREIGN KEY (`userid`) REFERENCES `ec_user` (`id`) ON DELETE CASCADE ON UPDATE CASCADE
) ENGINE=InnoDB AUTO_INCREMENT=146 DEFAULT CHARSET=utf8;

-- ----------------------------
-- Records of user_device
-- ----------------------------
INSERT INTO `user_device` VALUES ('138', '178', null, 'c45d6461f0d76f64', null, '2015-07-16 22:52:33', 'Core_API', null, null);
INSERT INTO `user_device` VALUES ('139', '178', null, '919d6e2ecd74766', null, '2015-07-16 22:52:40', 'Core_API', null, null);
INSERT INTO `user_device` VALUES ('140', '179', null, 'c45d6461f0d76f64', null, '2015-07-16 23:01:17', 'Core_API', null, null);
INSERT INTO `user_device` VALUES ('141', '173', null, 'c45d6461f0d76f64', null, '2015-07-16 23:14:17', 'Core_API', null, null);
INSERT INTO `user_device` VALUES ('142', '170', null, 'c45d6461f0d76f64', null, '2015-07-17 10:13:00', 'Core_API', null, null);
INSERT INTO `user_device` VALUES ('143', '95', null, 'c45d6461f0d76f64', null, '2015-07-17 11:34:51', 'Core_API', null, null);
INSERT INTO `user_device` VALUES ('144', '95', null, '919d6e2ecd74766', null, '2015-07-17 21:00:18', 'Core_API', null, null);
INSERT INTO `user_device` VALUES ('145', '174', null, 'c45d6461f0d76f64', null, '2015-07-17 21:17:37', 'Core_API', null, null);

-- ----------------------------
-- Table structure for variable_set
-- ----------------------------
DROP TABLE IF EXISTS `variable_set`;
CREATE TABLE `variable_set` (
  `id` int(11) NOT NULL AUTO_INCREMENT,
  `setkey` varchar(50) COLLATE utf8_unicode_ci NOT NULL,
  `type` varchar(50) COLLATE utf8_unicode_ci NOT NULL,
  `setvalue` varchar(500) COLLATE utf8_unicode_ci DEFAULT NULL,
  `status` varchar(10) COLLATE utf8_unicode_ci DEFAULT NULL,
  `createon` datetime DEFAULT NULL,
  `createby` varchar(50) COLLATE utf8_unicode_ci DEFAULT NULL,
  `updateon` datetime DEFAULT NULL,
  `updateby` varchar(50) COLLATE utf8_unicode_ci DEFAULT NULL,
  PRIMARY KEY (`id`)
) ENGINE=InnoDB AUTO_INCREMENT=15 DEFAULT CHARSET=utf8 COLLATE=utf8_unicode_ci;

-- ----------------------------
-- Records of variable_set
-- ----------------------------
INSERT INTO `variable_set` VALUES ('1', 'consteam', 'assigntype', '班组承包人', 'ACTIVE', null, null, '2015-06-07 17:03:06', 'admin');
INSERT INTO `variable_set` VALUES ('2', 'rollingPlan', 'planningtable', '双日滚动计划表', 'ACTIVE', null, null, '2015-06-01 17:28:40', 'admin');
INSERT INTO `variable_set` VALUES ('3', 'workStep', 'planningtable', '工序步骤表', 'ACTIVE', null, null, '2015-06-01 17:28:40', 'admin');
INSERT INTO `variable_set` VALUES ('4', 'GCL', 'price', '工程量', 'ACTIVE', null, null, '2015-06-07 17:21:19', 'admin');
INSERT INTO `variable_set` VALUES ('5', 'DZ', 'price', '点值', 'ACTIVE', null, null, '2015-06-07 17:21:19', 'admin');
INSERT INTO `variable_set` VALUES ('6', 'W', 'witnesstype', 'W级见证人', 'ACTIVE', null, null, '2015-06-09 17:52:12', 'admin');
INSERT INTO `variable_set` VALUES ('7', 'H', 'witnesstype', 'H级见证人', 'ACTIVE', null, null, '2015-06-09 17:52:12', 'admin');
INSERT INTO `variable_set` VALUES ('8', 'R', 'witnesstype', 'R级见证人', 'ACTIVE', null, null, '2015-06-09 17:52:12', 'admin');
INSERT INTO `variable_set` VALUES ('9', 'witnessTeam', 'witnesstype', '见证组长', 'ACTIVE', null, null, '2015-06-09 17:52:12', 'admin');
INSERT INTO `variable_set` VALUES ('10', 'weldZJ', 'welddistinguish', 'GDZJ', 'ACTIVE', null, null, '2015-06-14 22:37:38', 'admin');
INSERT INTO `variable_set` VALUES ('11', 'weldHK', 'welddistinguish', 'GDHK', 'ACTIVE', null, null, '2015-06-14 22:37:38', 'admin');
INSERT INTO `variable_set` VALUES ('12', 'hysteresis', 'hysteresis', '3', 'ACTIVE', null, null, '2015-06-14 22:38:56', 'admin');
INSERT INTO `variable_set` VALUES ('13', 'changeSolver', 'problem', '3', 'ACTIVE', null, null, '2015-05-30 13:30:40', 'admin');
INSERT INTO `variable_set` VALUES ('14', 'GS', 'price', '工时', 'ACTIVE', null, null, '2015-06-07 17:21:19', 'admin');

-- ----------------------------
-- Table structure for work_step
-- ----------------------------
DROP TABLE IF EXISTS `work_step`;
CREATE TABLE `work_step` (
  `autoid` int(11) NOT NULL AUTO_INCREMENT,
  `autoidup` int(11) NOT NULL,
  `stepno` int(11) NOT NULL,
  `stepflag` varchar(10) COLLATE utf8_unicode_ci DEFAULT NULL,
  `stepname` varchar(50) COLLATE utf8_unicode_ci DEFAULT NULL,
  `operater` varchar(50) COLLATE utf8_unicode_ci DEFAULT NULL,
  `operatedesc` varchar(1000) COLLATE utf8_unicode_ci DEFAULT NULL,
  `operatedate` datetime DEFAULT NULL,
  `noticeainfo` varchar(100) COLLATE utf8_unicode_ci DEFAULT NULL,
  `noticeresult` varchar(50) COLLATE utf8_unicode_ci DEFAULT NULL,
  `noticeresultdesc` varchar(100) COLLATE utf8_unicode_ci DEFAULT NULL,
  `noticeaqc1` char(1) COLLATE utf8_unicode_ci DEFAULT NULL,
  `witnesseraqc1` varchar(50) COLLATE utf8_unicode_ci DEFAULT NULL,
  `witnessdateaqc1` datetime DEFAULT NULL,
  `noticeaqc2` char(1) COLLATE utf8_unicode_ci DEFAULT NULL,
  `witnesseraqc2` varchar(50) COLLATE utf8_unicode_ci DEFAULT NULL,
  `witnessdateaqc2` datetime DEFAULT NULL,
  `noticeaqa` char(1) COLLATE utf8_unicode_ci DEFAULT NULL,
  `witnesseraqa` varchar(50) COLLATE utf8_unicode_ci DEFAULT NULL,
  `witnessdateaqa` datetime DEFAULT NULL,
  `noticeb` varchar(50) COLLATE utf8_unicode_ci DEFAULT NULL,
  `witnesserb` varchar(50) COLLATE utf8_unicode_ci DEFAULT NULL,
  `witnessdateb` datetime DEFAULT NULL,
  `noticec` varchar(50) COLLATE utf8_unicode_ci DEFAULT NULL,
  `witnesserc` varchar(50) COLLATE utf8_unicode_ci DEFAULT NULL,
  `witnessdatec` datetime DEFAULT NULL,
  `noticed` varchar(50) COLLATE utf8_unicode_ci DEFAULT NULL,
  `witnesserd` varchar(50) COLLATE utf8_unicode_ci DEFAULT NULL,
  `witnessdated` datetime DEFAULT NULL,
  `created_on` datetime DEFAULT NULL,
  `created_by` varchar(40) COLLATE utf8_unicode_ci DEFAULT NULL,
  `updated_on` datetime DEFAULT NULL,
  `updated_by` varchar(40) COLLATE utf8_unicode_ci DEFAULT NULL,
  PRIMARY KEY (`autoid`),
  KEY `work_step_rp_fk` (`autoidup`),
  CONSTRAINT `ws_rp_id_fk` FOREIGN KEY (`autoidup`) REFERENCES `rolling_plan` (`autoid`) ON DELETE CASCADE ON UPDATE CASCADE
) ENGINE=InnoDB AUTO_INCREMENT=3116 DEFAULT CHARSET=utf8 COLLATE=utf8_unicode_ci;

-- ----------------------------
-- Records of work_step
-- ----------------------------
INSERT INTO `work_step` VALUES ('3026', '626', '1', 'DONE', '坡口加工', 'ggg', '合格', '2015-07-16 08:19:27', null, null, null, null, null, null, null, null, null, null, null, null, null, null, null, null, null, null, null, null, null, '2015-07-16 17:22:30', 'hujufang', '2015-07-16 20:19:30', '178');
INSERT INTO `work_step` VALUES ('3027', '626', '2', 'DONE', '内部清洁度检查', 'vvg', '合格', '2015-07-16 08:21:01', null, '2', '--各通知点见证人见证通过--', 'W', '95', null, '', null, null, '', null, null, '', null, null, '', null, null, '', null, null, '2015-07-16 17:22:30', 'hujufang', '2015-07-16 21:18:34', 'system');
INSERT INTO `work_step` VALUES ('3028', '626', '3', 'DONE', '组对', 'gggg', '合格yvvv', '2015-07-16 09:19:17', null, '2', '--各通知点见证人见证通过--', 'W', '95', null, '', null, null, '', null, null, '', null, null, '', null, null, '', null, null, '2015-07-16 17:22:30', 'hujufang', '2015-07-16 21:31:13', 'system');
INSERT INTO `work_step` VALUES ('3029', '626', '4', 'DONE', '焊缝标识、标记', 'hhhh', '合格', '2015-07-16 09:31:55', null, null, null, null, null, null, null, null, null, null, null, null, null, null, null, null, null, null, null, null, null, '2015-07-16 17:22:31', 'hujufang', '2015-07-16 21:31:58', '178');
INSERT INTO `work_step` VALUES ('3030', '626', '5', 'DONE', '焊接', 'dds', '合格', '2015-07-16 09:32:29', null, '2', '--各通知点见证人见证通过--', 'W', '95', null, '', null, null, '', null, null, '', null, null, '', null, null, '', null, null, '2015-07-16 17:22:31', 'hujufang', '2015-07-16 21:34:05', 'system');
INSERT INTO `work_step` VALUES ('3031', '626', '6', 'DONE', '焊缝外观检查', 'gcv', '合格', '2015-07-16 09:35:52', null, '2', '--各通知点见证人见证通过--', 'W', '95', null, '', null, null, '', null, null, '', null, null, '', null, null, '', null, null, '2015-07-16 17:22:31', 'hujufang', '2015-07-16 22:10:34', 'system');
INSERT INTO `work_step` VALUES ('3032', '627', '1', 'DONE', '坡口加工', 'tgg', '合格', '2015-07-16 08:39:48', null, null, null, null, null, null, null, null, null, null, null, null, null, null, null, null, null, null, null, null, null, '2015-07-16 17:22:31', 'hujufang', '2015-07-16 20:39:51', '178');
INSERT INTO `work_step` VALUES ('3033', '627', '2', 'DONE', '内部清洁度检查', 'gvv', '合格', '2015-07-16 08:40:02', null, '3', '组长填写的合格', 'W', '95', null, '', '95', null, '', '95', null, '', null, null, '', null, null, '', null, null, '2015-07-16 17:22:31', 'hujufang', '2015-07-16 22:00:46', 'hujufang');
INSERT INTO `work_step` VALUES ('3034', '627', '3', 'DONE', '组对', 'hhh', '合格', '2015-07-16 10:00:04', null, '2', '--各通知点见证人见证通过--', 'W', '95', null, '', null, null, '', null, null, '', null, null, '', null, null, '', null, null, '2015-07-16 17:22:31', 'hujufang', '2015-07-16 22:12:10', 'system');
INSERT INTO `work_step` VALUES ('3035', '627', '4', 'DONE', '焊缝标识、标记', 'Ggg', '合格', '2015-07-16 10:13:55', null, null, null, null, null, null, null, null, null, null, null, null, null, null, null, null, null, null, null, null, null, '2015-07-16 17:22:31', 'hujufang', '2015-07-16 22:13:58', '178');
INSERT INTO `work_step` VALUES ('3036', '627', '5', 'DONE', '焊接', 'ffff', '合格', '2015-07-16 10:14:16', null, '2', '--各通知点见证人见证通过--', 'W', '95', null, '', null, null, '', null, null, '', null, null, '', null, null, '', null, null, '2015-07-16 17:22:31', 'hujufang', '2015-07-16 22:17:28', 'system');
INSERT INTO `work_step` VALUES ('3037', '627', '6', 'DONE', '焊缝外观检查', 'vvv', '合格', '2015-07-16 10:42:22', null, '2', '--各通知点见证人见证通过--', 'W', '95', null, '', null, null, '', null, null, '', null, null, '', null, null, '', null, null, '2015-07-16 17:22:31', 'hujufang', '2015-07-16 22:44:02', 'system');
INSERT INTO `work_step` VALUES ('3038', '629', '1', 'PREPARE', '坡口加工', null, null, null, null, null, null, null, null, null, null, null, null, null, null, null, null, null, null, null, null, null, null, null, null, '2015-07-16 17:22:32', 'hujufang', null, null);
INSERT INTO `work_step` VALUES ('3039', '629', '2', 'UNDO', '内部清洁度检查', null, null, null, null, null, null, 'W', null, null, 'W', null, null, 'W', null, null, null, null, null, null, null, null, null, null, null, '2015-07-16 17:22:32', 'hujufang', null, null);
INSERT INTO `work_step` VALUES ('3040', '629', '3', 'UNDO', '组对', null, null, null, null, null, null, 'W', null, null, 'W', null, null, 'W', null, null, 'W', null, null, null, null, null, null, null, null, '2015-07-16 17:22:32', 'hujufang', null, null);
INSERT INTO `work_step` VALUES ('3041', '629', '4', 'UNDO', '焊缝标识、标记', null, null, null, null, null, null, null, null, null, null, null, null, null, null, null, null, null, null, null, null, null, null, null, null, '2015-07-16 17:22:32', 'hujufang', null, null);
INSERT INTO `work_step` VALUES ('3042', '629', '5', 'UNDO', '焊接', null, null, null, null, null, null, 'W', null, null, 'W', null, null, 'W', null, null, 'H', null, null, 'H', null, null, 'H', null, null, '2015-07-16 17:22:32', 'hujufang', null, null);
INSERT INTO `work_step` VALUES ('3043', '629', '6', 'UNDO', '焊缝外观检查', null, null, null, null, null, null, 'W', null, null, 'W', null, null, 'W', null, null, null, null, null, null, null, null, null, null, null, '2015-07-16 17:22:32', 'hujufang', null, null);
INSERT INTO `work_step` VALUES ('3044', '630', '1', 'DONE', '坡口加工', 'fdsa', '合格', '2015-07-17 11:36:43', null, null, null, null, null, null, null, null, null, null, null, null, null, null, null, null, null, null, null, null, null, '2015-07-16 17:22:33', 'hujufang', '2015-07-17 11:36:46', 'admin');
INSERT INTO `work_step` VALUES ('3045', '630', '2', 'PREPARE', '内部清洁度检查', 'fdsa', 'fdsa', '2015-07-17 11:36:50', null, null, null, 'W', '95', null, 'W', '95', null, 'W', '95', null, null, null, null, null, null, null, null, null, null, '2015-07-16 17:22:33', 'hujufang', '2015-07-17 11:36:59', '8');
INSERT INTO `work_step` VALUES ('3046', '630', '3', 'UNDO', '组对', null, null, null, null, null, null, 'W', null, null, 'W', null, null, 'W', null, null, 'W', null, null, null, null, null, null, null, null, '2015-07-16 17:22:33', 'hujufang', null, null);
INSERT INTO `work_step` VALUES ('3047', '630', '4', 'UNDO', '焊缝标识、标记', null, null, null, null, null, null, null, null, null, null, null, null, null, null, null, null, null, null, null, null, null, null, null, null, '2015-07-16 17:22:34', 'hujufang', null, null);
INSERT INTO `work_step` VALUES ('3048', '630', '5', 'UNDO', '焊接', null, null, null, null, null, null, 'W', null, null, 'W', null, null, 'W', null, null, 'H', null, null, 'H', null, null, 'H', null, null, '2015-07-16 17:22:34', 'hujufang', null, null);
INSERT INTO `work_step` VALUES ('3049', '630', '6', 'UNDO', '焊缝外观检查', null, null, null, null, null, null, 'W', null, null, 'W', null, null, 'W', null, null, null, null, null, null, null, null, null, null, null, '2015-07-16 17:22:35', 'hujufang', null, null);
INSERT INTO `work_step` VALUES ('3050', '631', '1', 'DONE', '坡口加工', 'ggg', '合格', '2015-07-17 11:40:18', null, null, null, null, null, null, null, null, null, null, null, null, null, null, null, null, null, null, null, null, null, '2015-07-16 17:22:36', 'hujufang', '2015-07-17 11:40:19', '178');
INSERT INTO `work_step` VALUES ('3051', '631', '2', 'PREPARE', '内部清洁度检查', 'fvv', '合格', '2015-07-17 11:40:35', null, null, null, 'W', null, null, 'W', null, null, 'W', null, null, null, null, null, null, null, null, null, null, null, '2015-07-16 17:22:36', 'hujufang', '2015-07-17 11:40:36', '178');
INSERT INTO `work_step` VALUES ('3052', '631', '3', 'UNDO', '组对', null, null, null, null, null, null, 'W', null, null, 'W', null, null, 'W', null, null, 'W', null, null, null, null, null, null, null, null, '2015-07-16 17:22:36', 'hujufang', null, null);
INSERT INTO `work_step` VALUES ('3053', '631', '4', 'UNDO', '焊缝标识、标记', null, null, null, null, null, null, null, null, null, null, null, null, null, null, null, null, null, null, null, null, null, null, null, null, '2015-07-16 17:22:36', 'hujufang', null, null);
INSERT INTO `work_step` VALUES ('3054', '631', '5', 'UNDO', '焊接', null, null, null, null, null, null, 'W', null, null, 'W', null, null, 'W', null, null, 'H', null, null, 'H', null, null, 'H', null, null, '2015-07-16 17:22:36', 'hujufang', null, null);
INSERT INTO `work_step` VALUES ('3055', '631', '6', 'UNDO', '焊缝外观检查', null, null, null, null, null, null, 'W', null, null, 'W', null, null, 'W', null, null, null, null, null, null, null, null, null, null, null, '2015-07-16 17:22:36', 'hujufang', null, null);
INSERT INTO `work_step` VALUES ('3056', '632', '1', 'PREPARE', '坡口加工', null, null, null, null, null, null, null, null, null, null, null, null, null, null, null, null, null, null, null, null, null, null, null, null, '2015-07-16 17:22:36', 'hujufang', null, null);
INSERT INTO `work_step` VALUES ('3057', '632', '2', 'UNDO', '内部清洁度检查', null, null, null, null, null, null, 'W', null, null, 'W', null, null, 'W', null, null, null, null, null, null, null, null, null, null, null, '2015-07-16 17:22:36', 'hujufang', null, null);
INSERT INTO `work_step` VALUES ('3058', '632', '3', 'UNDO', '组对', null, null, null, null, null, null, 'W', null, null, 'W', null, null, 'W', null, null, 'W', null, null, null, null, null, null, null, null, '2015-07-16 17:22:36', 'hujufang', null, null);
INSERT INTO `work_step` VALUES ('3059', '632', '4', 'UNDO', '焊缝标识、标记', null, null, null, null, null, null, null, null, null, null, null, null, null, null, null, null, null, null, null, null, null, null, null, null, '2015-07-16 17:22:36', 'hujufang', null, null);
INSERT INTO `work_step` VALUES ('3060', '632', '5', 'UNDO', '焊接', null, null, null, null, null, null, 'W', null, null, 'W', null, null, 'W', null, null, 'H', null, null, 'H', null, null, 'H', null, null, '2015-07-16 17:22:36', 'hujufang', null, null);
INSERT INTO `work_step` VALUES ('3061', '632', '6', 'UNDO', '焊缝外观检查', null, null, null, null, null, null, 'W', null, null, 'W', null, null, 'W', null, null, null, null, null, null, null, null, null, null, null, '2015-07-16 17:22:36', 'hujufang', null, null);
INSERT INTO `work_step` VALUES ('3062', '634', '1', 'DONE', '坡口加工', '热身赛', '合格人员和社会公众参与和其他一些企业和社会公众参与联合国在中国家在中国家在中国家在中国有土地的时候你要了他在。\n', '2015-07-17 09:26:49', null, null, null, null, null, null, null, null, null, null, null, null, null, null, null, null, null, null, null, null, null, '2015-07-16 17:22:37', 'hujufang', '2015-07-17 21:26:49', '178');
INSERT INTO `work_step` VALUES ('3063', '634', '2', 'PREPARE', '内部清洁度检查', '组长', '不\n\n。合格', '2015-07-17 09:28:46', null, null, null, 'W', null, null, 'W', null, null, 'W', null, null, null, null, null, null, null, null, null, null, null, '2015-07-16 17:22:37', 'hujufang', '2015-07-17 21:28:47', '178');
INSERT INTO `work_step` VALUES ('3064', '634', '3', 'UNDO', '组对', null, null, null, null, null, null, 'W', null, null, 'W', null, null, 'W', null, null, 'W', null, null, null, null, null, null, null, null, '2015-07-16 17:22:37', 'hujufang', null, null);
INSERT INTO `work_step` VALUES ('3065', '634', '4', 'UNDO', '焊缝标识、标记', null, null, null, null, null, null, null, null, null, null, null, null, null, null, null, null, null, null, null, null, null, null, null, null, '2015-07-16 17:22:37', 'hujufang', null, null);
INSERT INTO `work_step` VALUES ('3066', '634', '5', 'UNDO', '焊接', null, null, null, null, null, null, 'W', null, null, 'W', null, null, 'W', null, null, 'H', null, null, 'H', null, null, 'H', null, null, '2015-07-16 17:22:37', 'hujufang', null, null);
INSERT INTO `work_step` VALUES ('3067', '634', '6', 'UNDO', '焊缝外观检查', null, null, null, null, null, null, 'W', null, null, 'W', null, null, 'W', null, null, null, null, null, null, null, null, null, null, null, '2015-07-16 17:22:37', 'hujufang', null, null);
INSERT INTO `work_step` VALUES ('3068', '635', '1', 'UNDO', '坡口加工', null, null, null, null, null, null, null, null, null, null, null, null, null, null, null, null, null, null, null, null, null, null, null, null, '2015-07-16 17:22:37', 'hujufang', null, null);
INSERT INTO `work_step` VALUES ('3069', '635', '2', 'UNDO', '内部清洁度检查', null, null, null, null, null, null, 'W', null, null, 'W', null, null, 'W', null, null, null, null, null, null, null, null, null, null, null, '2015-07-16 17:22:37', 'hujufang', null, null);
INSERT INTO `work_step` VALUES ('3070', '635', '3', 'UNDO', '组对', null, null, null, null, null, null, 'W', null, null, 'W', null, null, 'W', null, null, 'W', null, null, null, null, null, null, null, null, '2015-07-16 17:22:37', 'hujufang', null, null);
INSERT INTO `work_step` VALUES ('3071', '635', '4', 'UNDO', '焊缝标识、标记', null, null, null, null, null, null, null, null, null, null, null, null, null, null, null, null, null, null, null, null, null, null, null, null, '2015-07-16 17:22:37', 'hujufang', null, null);
INSERT INTO `work_step` VALUES ('3072', '635', '5', 'UNDO', '焊接', null, null, null, null, null, null, 'W', null, null, 'W', null, null, 'W', null, null, 'H', null, null, 'H', null, null, 'H', null, null, '2015-07-16 17:22:37', 'hujufang', null, null);
INSERT INTO `work_step` VALUES ('3073', '635', '6', 'UNDO', '焊缝外观检查', null, null, null, null, null, null, 'W', null, null, 'W', null, null, 'W', null, null, null, null, null, null, null, null, null, null, null, '2015-07-16 17:22:38', 'hujufang', null, null);
INSERT INTO `work_step` VALUES ('3074', '636', '1', 'UNDO', '坡口加工', null, null, null, null, null, null, null, null, null, null, null, null, null, null, null, null, null, null, null, null, null, null, null, null, '2015-07-16 17:22:38', 'hujufang', null, null);
INSERT INTO `work_step` VALUES ('3075', '636', '2', 'UNDO', '内部清洁度检查', null, null, null, null, null, null, 'W', null, null, 'W', null, null, 'W', null, null, null, null, null, null, null, null, null, null, null, '2015-07-16 17:22:38', 'hujufang', null, null);
INSERT INTO `work_step` VALUES ('3076', '636', '3', 'UNDO', '组对', null, null, null, null, null, null, 'W', null, null, 'W', null, null, 'W', null, null, 'W', null, null, null, null, null, null, null, null, '2015-07-16 17:22:38', 'hujufang', null, null);
INSERT INTO `work_step` VALUES ('3077', '636', '4', 'UNDO', '焊缝标识、标记', null, null, null, null, null, null, null, null, null, null, null, null, null, null, null, null, null, null, null, null, null, null, null, null, '2015-07-16 17:22:38', 'hujufang', null, null);
INSERT INTO `work_step` VALUES ('3078', '636', '5', 'UNDO', '焊接', null, null, null, null, null, null, 'W', null, null, 'W', null, null, 'W', null, null, 'H', null, null, 'H', null, null, 'H', null, null, '2015-07-16 17:22:38', 'hujufang', null, null);
INSERT INTO `work_step` VALUES ('3079', '636', '6', 'UNDO', '焊缝外观检查', null, null, null, null, null, null, 'W', null, null, 'W', null, null, 'W', null, null, null, null, null, null, null, null, null, null, null, '2015-07-16 17:22:38', 'hujufang', null, null);
INSERT INTO `work_step` VALUES ('3080', '637', '1', 'UNDO', '坡口加工', null, null, null, null, null, null, null, null, null, null, null, null, null, null, null, null, null, null, null, null, null, null, null, null, '2015-07-16 17:22:38', 'hujufang', null, null);
INSERT INTO `work_step` VALUES ('3081', '637', '2', 'UNDO', '内部清洁度检查', null, null, null, null, null, null, 'W', null, null, 'W', null, null, 'W', null, null, null, null, null, null, null, null, null, null, null, '2015-07-16 17:22:38', 'hujufang', null, null);
INSERT INTO `work_step` VALUES ('3082', '637', '3', 'UNDO', '组对', null, null, null, null, null, null, 'W', null, null, 'W', null, null, 'W', null, null, 'W', null, null, null, null, null, null, null, null, '2015-07-16 17:22:39', 'hujufang', null, null);
INSERT INTO `work_step` VALUES ('3083', '637', '4', 'UNDO', '焊缝标识、标记', null, null, null, null, null, null, null, null, null, null, null, null, null, null, null, null, null, null, null, null, null, null, null, null, '2015-07-16 17:22:39', 'hujufang', null, null);
INSERT INTO `work_step` VALUES ('3084', '637', '5', 'UNDO', '焊接', null, null, null, null, null, null, 'W', null, null, 'W', null, null, 'W', null, null, 'H', null, null, 'H', null, null, 'H', null, null, '2015-07-16 17:22:39', 'hujufang', null, null);
INSERT INTO `work_step` VALUES ('3085', '637', '6', 'UNDO', '焊缝外观检查', null, null, null, null, null, null, 'W', null, null, 'W', null, null, 'W', null, null, null, null, null, null, null, null, null, null, null, '2015-07-16 17:22:39', 'hujufang', null, null);
INSERT INTO `work_step` VALUES ('3086', '639', '1', 'UNDO', '坡口加工', null, null, null, null, null, null, null, null, null, null, null, null, null, null, null, null, null, null, null, null, null, null, null, null, '2015-07-16 17:22:39', 'hujufang', null, null);
INSERT INTO `work_step` VALUES ('3087', '639', '2', 'UNDO', '内部清洁度检查', null, null, null, null, null, null, 'W', null, null, 'W', null, null, 'W', null, null, null, null, null, null, null, null, null, null, null, '2015-07-16 17:22:39', 'hujufang', null, null);
INSERT INTO `work_step` VALUES ('3088', '639', '3', 'UNDO', '组对', null, null, null, null, null, null, 'W', null, null, 'W', null, null, 'W', null, null, 'W', null, null, null, null, null, null, null, null, '2015-07-16 17:22:39', 'hujufang', null, null);
INSERT INTO `work_step` VALUES ('3089', '639', '4', 'UNDO', '焊缝标识、标记', null, null, null, null, null, null, null, null, null, null, null, null, null, null, null, null, null, null, null, null, null, null, null, null, '2015-07-16 17:22:39', 'hujufang', null, null);
INSERT INTO `work_step` VALUES ('3090', '639', '5', 'UNDO', '焊接', null, null, null, null, null, null, 'W', null, null, 'W', null, null, 'W', null, null, 'H', null, null, 'H', null, null, 'H', null, null, '2015-07-16 17:22:39', 'hujufang', null, null);
INSERT INTO `work_step` VALUES ('3091', '639', '6', 'UNDO', '焊缝外观检查', null, null, null, null, null, null, 'W', null, null, 'W', null, null, 'W', null, null, null, null, null, null, null, null, null, null, null, '2015-07-16 17:22:39', 'hujufang', null, null);
INSERT INTO `work_step` VALUES ('3092', '640', '1', 'UNDO', '坡口加工', null, null, null, null, null, null, null, null, null, null, null, null, null, null, null, null, null, null, null, null, null, null, null, null, '2015-07-16 17:22:40', 'hujufang', null, null);
INSERT INTO `work_step` VALUES ('3093', '640', '2', 'UNDO', '内部清洁度检查', null, null, null, null, null, null, 'W', null, null, 'W', null, null, 'W', null, null, null, null, null, null, null, null, null, null, null, '2015-07-16 17:22:40', 'hujufang', null, null);
INSERT INTO `work_step` VALUES ('3094', '640', '3', 'UNDO', '组对', null, null, null, null, null, null, 'W', null, null, 'W', null, null, 'W', null, null, 'W', null, null, null, null, null, null, null, null, '2015-07-16 17:22:40', 'hujufang', null, null);
INSERT INTO `work_step` VALUES ('3095', '640', '4', 'UNDO', '焊缝标识、标记', null, null, null, null, null, null, null, null, null, null, null, null, null, null, null, null, null, null, null, null, null, null, null, null, '2015-07-16 17:22:40', 'hujufang', null, null);
INSERT INTO `work_step` VALUES ('3096', '640', '5', 'UNDO', '焊接', null, null, null, null, null, null, 'W', null, null, 'W', null, null, 'W', null, null, 'H', null, null, 'H', null, null, 'H', null, null, '2015-07-16 17:22:40', 'hujufang', null, null);
INSERT INTO `work_step` VALUES ('3097', '640', '6', 'UNDO', '焊缝外观检查', null, null, null, null, null, null, 'W', null, null, 'W', null, null, 'W', null, null, null, null, null, null, null, null, null, null, null, '2015-07-16 17:22:40', 'hujufang', null, null);
INSERT INTO `work_step` VALUES ('3098', '641', '1', 'UNDO', '坡口加工', null, null, null, null, null, null, null, null, null, null, null, null, null, null, null, null, null, null, null, null, null, null, null, null, '2015-07-16 17:22:40', 'hujufang', null, null);
INSERT INTO `work_step` VALUES ('3099', '641', '2', 'UNDO', '内部清洁度检查', null, null, null, null, null, null, 'W', null, null, 'W', null, null, 'W', null, null, null, null, null, null, null, null, null, null, null, '2015-07-16 17:22:40', 'hujufang', null, null);
INSERT INTO `work_step` VALUES ('3100', '641', '3', 'UNDO', '组对', null, null, null, null, null, null, 'W', null, null, 'W', null, null, 'W', null, null, 'W', null, null, null, null, null, null, null, null, '2015-07-16 17:22:40', 'hujufang', null, null);
INSERT INTO `work_step` VALUES ('3101', '641', '4', 'UNDO', '焊缝标识、标记', null, null, null, null, null, null, null, null, null, null, null, null, null, null, null, null, null, null, null, null, null, null, null, null, '2015-07-16 17:22:40', 'hujufang', null, null);
INSERT INTO `work_step` VALUES ('3102', '641', '5', 'UNDO', '焊接', null, null, null, null, null, null, 'W', null, null, 'W', null, null, 'W', null, null, 'H', null, null, 'H', null, null, 'H', null, null, '2015-07-16 17:22:40', 'hujufang', null, null);
INSERT INTO `work_step` VALUES ('3103', '641', '6', 'UNDO', '焊缝外观检查', null, null, null, null, null, null, 'W', null, null, 'W', null, null, 'W', null, null, null, null, null, null, null, null, null, null, null, '2015-07-16 17:22:40', 'hujufang', null, null);
INSERT INTO `work_step` VALUES ('3104', '642', '1', 'UNDO', '坡口加工', null, null, null, null, null, null, null, null, null, null, null, null, null, null, null, null, null, null, null, null, null, null, null, null, '2015-07-16 17:22:40', 'hujufang', null, null);
INSERT INTO `work_step` VALUES ('3105', '642', '2', 'UNDO', '内部清洁度检查', null, null, null, null, null, null, 'W', null, null, 'W', null, null, 'W', null, null, null, null, null, null, null, null, null, null, null, '2015-07-16 17:22:41', 'hujufang', null, null);
INSERT INTO `work_step` VALUES ('3106', '642', '3', 'UNDO', '组对', null, null, null, null, null, null, 'W', null, null, 'W', null, null, 'W', null, null, 'W', null, null, null, null, null, null, null, null, '2015-07-16 17:22:41', 'hujufang', null, null);
INSERT INTO `work_step` VALUES ('3107', '642', '4', 'UNDO', '焊缝标识、标记', null, null, null, null, null, null, null, null, null, null, null, null, null, null, null, null, null, null, null, null, null, null, null, null, '2015-07-16 17:22:41', 'hujufang', null, null);
INSERT INTO `work_step` VALUES ('3108', '642', '5', 'UNDO', '焊接', null, null, null, null, null, null, 'W', null, null, 'W', null, null, 'W', null, null, 'H', null, null, 'H', null, null, 'H', null, null, '2015-07-16 17:22:41', 'hujufang', null, null);
INSERT INTO `work_step` VALUES ('3109', '642', '6', 'UNDO', '焊缝外观检查', null, null, null, null, null, null, 'W', null, null, 'W', null, null, 'W', null, null, null, null, null, null, null, null, null, null, null, '2015-07-16 17:22:41', 'hujufang', null, null);
INSERT INTO `work_step` VALUES ('3110', '643', '1', 'UNDO', '坡口加工', null, null, null, null, null, null, null, null, null, null, null, null, null, null, null, null, null, null, null, null, null, null, null, null, '2015-07-16 17:22:41', 'hujufang', null, null);
INSERT INTO `work_step` VALUES ('3111', '643', '2', 'UNDO', '内部清洁度检查', null, null, null, null, null, null, 'W', null, null, 'W', null, null, 'W', null, null, null, null, null, null, null, null, null, null, null, '2015-07-16 17:22:41', 'hujufang', null, null);
INSERT INTO `work_step` VALUES ('3112', '643', '3', 'UNDO', '组对', null, null, null, null, null, null, 'W', null, null, 'W', null, null, 'W', null, null, 'W', null, null, null, null, null, null, null, null, '2015-07-16 17:22:41', 'hujufang', null, null);
INSERT INTO `work_step` VALUES ('3113', '643', '4', 'UNDO', '焊缝标识、标记', null, null, null, null, null, null, null, null, null, null, null, null, null, null, null, null, null, null, null, null, null, null, null, null, '2015-07-16 17:22:41', 'hujufang', null, null);
INSERT INTO `work_step` VALUES ('3114', '643', '5', 'UNDO', '焊接', null, null, null, null, null, null, 'W', null, null, 'W', null, null, 'W', null, null, 'H', null, null, 'H', null, null, 'H', null, null, '2015-07-16 17:22:41', 'hujufang', null, null);
INSERT INTO `work_step` VALUES ('3115', '643', '6', 'UNDO', '焊缝外观检查', null, null, null, null, null, null, 'W', null, null, 'W', null, null, 'W', null, null, null, null, null, null, null, null, null, null, null, '2015-07-16 17:22:41', 'hujufang', null, null);

-- ----------------------------
-- Table structure for work_step_witness
-- ----------------------------
DROP TABLE IF EXISTS `work_step_witness`;
CREATE TABLE `work_step_witness` (
  `id` int(11) NOT NULL AUTO_INCREMENT COMMENT '默认ID',
  `parent_id` int(11) DEFAULT NULL,
  `stepno` int(11) NOT NULL COMMENT '工序步骤ID',
  `witness` int(11) DEFAULT NULL COMMENT '见证人ID',
  `witnesser` varchar(50) COLLATE utf8_unicode_ci DEFAULT NULL,
  `witnessdes` varchar(10000) COLLATE utf8_unicode_ci DEFAULT NULL COMMENT '工序完成说明',
  `witnessdate` datetime DEFAULT NULL,
  `noticeresultdesc` varchar(1000) COLLATE utf8_unicode_ci DEFAULT NULL,
  `witnessaddress` varchar(200) COLLATE utf8_unicode_ci DEFAULT NULL,
  `status` int(11) DEFAULT NULL COMMENT '当前见证状态',
  `isok` int(11) DEFAULT NULL COMMENT '当前见证结果',
  `notice_point` varchar(10) COLLATE utf8_unicode_ci DEFAULT NULL,
  `notice_type` char(1) COLLATE utf8_unicode_ci DEFAULT NULL,
  `triggerName` varchar(50) COLLATE utf8_unicode_ci DEFAULT NULL,
  `remark` varchar(50) COLLATE utf8_unicode_ci DEFAULT NULL COMMENT '备注',
  `created_on` datetime DEFAULT NULL,
  `created_by` varchar(40) COLLATE utf8_unicode_ci DEFAULT NULL,
  `updated_on` datetime DEFAULT NULL,
  `updated_by` varchar(40) COLLATE utf8_unicode_ci DEFAULT NULL,
  PRIMARY KEY (`id`),
  KEY `wsw_id_fk` (`parent_id`),
  KEY `wsw_ws_id_fk` (`stepno`),
  CONSTRAINT `wsw_id_fk` FOREIGN KEY (`parent_id`) REFERENCES `work_step_witness` (`id`) ON DELETE CASCADE ON UPDATE CASCADE,
  CONSTRAINT `wsw_ws_id_fk` FOREIGN KEY (`stepno`) REFERENCES `work_step` (`autoid`) ON DELETE CASCADE ON UPDATE CASCADE
) ENGINE=InnoDB AUTO_INCREMENT=275 DEFAULT CHARSET=utf8 COLLATE=utf8_unicode_ci;

-- ----------------------------
-- Records of work_step_witness
-- ----------------------------
INSERT INTO `work_step_witness` VALUES ('251', null, '3027', '92', null, null, '2015-07-16 10:00:00', null, '中午分丰富', '1', '0', null, null, null, null, '2015-07-16 20:21:03', '178', null, null);
INSERT INTO `work_step_witness` VALUES ('252', null, '3033', '92', null, null, '2015-07-16 10:00:00', null, 'vbbh', '1', '0', null, null, null, null, '2015-07-16 20:40:05', '178', null, null);
INSERT INTO `work_step_witness` VALUES ('253', '251', '3027', null, '95', null, null, 'hhhh', null, '0', '3', 'A_QC1', 'W', null, null, '2015-07-16 20:57:18', '170', '2015-07-16 21:18:34', '95');
INSERT INTO `work_step_witness` VALUES ('254', null, '3028', '92', null, null, '2015-07-16 10:00:00', null, 'vhhh', '1', '0', null, null, null, null, '2015-07-16 21:19:20', '178', null, null);
INSERT INTO `work_step_witness` VALUES ('255', '252', '3033', null, '95', null, null, '无描述hhhbbbbhb', null, '0', '3', 'A_QA', 'W', null, null, '2015-07-16 21:20:39', '170', '2015-07-16 21:50:14', '95');
INSERT INTO `work_step_witness` VALUES ('256', '252', '3033', null, '95', null, null, '无描述dyidr', null, '0', '3', 'A_QC1', 'W', null, null, '2015-07-16 21:20:39', '170', '2015-07-16 21:31:04', '95');
INSERT INTO `work_step_witness` VALUES ('257', '252', '3033', null, '95', null, null, '无描述cccccvc', null, '0', '1', 'A_QC2', 'W', null, null, '2015-07-16 21:20:39', '170', '2015-07-16 21:23:34', '95');
INSERT INTO `work_step_witness` VALUES ('258', '254', '3028', null, '95', null, null, '无描述bbbbbb', null, '0', '3', 'A_QC1', 'W', null, null, '2015-07-16 21:29:24', '170', '2015-07-16 21:31:13', '95');
INSERT INTO `work_step_witness` VALUES ('259', null, '3030', '92', null, null, '2015-07-16 10:00:00', null, 'zhha', '1', '0', null, null, null, null, '2015-07-16 21:32:32', '178', null, null);
INSERT INTO `work_step_witness` VALUES ('260', '259', '3030', null, '95', null, null, '无描述vvbnm', null, '0', '3', 'A_QC1', 'W', null, null, '2015-07-16 21:33:32', '170', '2015-07-16 21:34:05', '95');
INSERT INTO `work_step_witness` VALUES ('261', null, '3031', '92', null, null, '2015-07-16 10:00:00', null, 'bb', '1', '0', null, null, null, null, '2015-07-16 21:35:55', '178', null, null);
INSERT INTO `work_step_witness` VALUES ('262', null, '3034', '92', null, null, '2015-07-16 10:00:00', null, 'vbb', '1', '0', null, null, null, null, '2015-07-16 22:00:07', '178', null, null);
INSERT INTO `work_step_witness` VALUES ('263', '261', '3031', null, '95', null, null, '合格', null, '0', '3', 'A_QC1', 'W', null, null, '2015-07-16 22:09:14', '170', '2015-07-16 22:10:34', '95');
INSERT INTO `work_step_witness` VALUES ('264', '262', '3034', null, '95', null, null, '无描述cvggg', null, '0', '3', 'A_QC1', 'W', null, null, '2015-07-16 22:11:19', '170', '2015-07-16 22:12:10', '95');
INSERT INTO `work_step_witness` VALUES ('265', null, '3036', '92', null, null, '2015-07-16 10:00:00', null, 'gcg', '1', '0', null, null, null, null, '2015-07-16 22:14:19', '178', null, null);
INSERT INTO `work_step_witness` VALUES ('266', '265', '3036', null, '95', null, null, '无描述', null, '0', '3', 'A_QC1', 'W', null, null, '2015-07-16 22:15:05', '170', '2015-07-16 22:17:28', '95');
INSERT INTO `work_step_witness` VALUES ('267', null, '3037', '92', null, null, '2015-07-16 10:00:00', null, 'bbb', '1', '0', null, null, null, null, '2015-07-16 22:42:25', '178', null, null);
INSERT INTO `work_step_witness` VALUES ('268', '267', '3037', null, '95', null, null, '无描述', null, '0', '3', 'A_QC1', 'W', null, null, '2015-07-16 22:43:32', '170', '2015-07-16 22:44:02', '95');
INSERT INTO `work_step_witness` VALUES ('269', null, '3045', '92', null, '', '2015-07-24 11:36:53', null, 'fdsafd', '1', '0', null, null, null, null, '2015-07-17 11:36:58', '8', null, null);
INSERT INTO `work_step_witness` VALUES ('270', null, '3051', '92', null, null, '2015-07-17 10:00:00', null, 'hhhj', '0', '0', null, null, null, null, '2015-07-17 11:40:36', '178', null, null);
INSERT INTO `work_step_witness` VALUES ('271', '269', '3045', null, '95', null, null, null, null, '0', '0', 'A_QA', 'W', null, null, '2015-07-17 11:41:17', '170', null, null);
INSERT INTO `work_step_witness` VALUES ('272', '269', '3045', null, '95', null, null, '无描述bjjkkkkkk', null, '0', '1', 'A_QC1', 'W', null, null, '2015-07-17 11:41:17', '170', '2015-07-17 21:17:05', '95');
INSERT INTO `work_step_witness` VALUES ('273', '269', '3045', null, '95', null, null, '无描述gggggggvgg', null, '0', '3', 'A_QC2', 'W', null, null, '2015-07-17 11:41:17', '170', '2015-07-17 21:16:55', '95');
INSERT INTO `work_step_witness` VALUES ('274', null, '3063', '92', null, null, '2015-07-17 10:00:00', null, '成都', '0', '0', null, null, null, null, '2015-07-17 21:28:47', '178', null, null);

-- ----------------------------
-- Table structure for worker_team
-- ----------------------------
DROP TABLE IF EXISTS `worker_team`;
CREATE TABLE `worker_team` (
  `id` varchar(20) COLLATE utf8_unicode_ci NOT NULL DEFAULT '',
  `consteamid` varchar(20) COLLATE utf8_unicode_ci DEFAULT NULL,
  `worker` varchar(20) COLLATE utf8_unicode_ci DEFAULT NULL,
  `workname` varchar(20) COLLATE utf8_unicode_ci DEFAULT NULL,
  `created_on` datetime DEFAULT NULL,
  `created_by` varchar(40) COLLATE utf8_unicode_ci DEFAULT NULL,
  `updated_on` datetime DEFAULT NULL,
  `updated_by` varchar(40) COLLATE utf8_unicode_ci DEFAULT NULL,
  PRIMARY KEY (`id`)
) ENGINE=InnoDB DEFAULT CHARSET=utf8 COLLATE=utf8_unicode_ci;

-- ----------------------------
-- Records of worker_team
-- ----------------------------

-- ----------------------------
-- Table structure for workstep_problem_file
-- ----------------------------
DROP TABLE IF EXISTS `workstep_problem_file`;
CREATE TABLE `workstep_problem_file` (
  `id` int(11) NOT NULL AUTO_INCREMENT,
  `problemid` int(11) NOT NULL,
  `filepath` varchar(100) COLLATE utf8_unicode_ci NOT NULL,
  `uploadtime` datetime NOT NULL,
  `filename` varchar(100) COLLATE utf8_unicode_ci NOT NULL,
  PRIMARY KEY (`id`)
) ENGINE=InnoDB AUTO_INCREMENT=87 DEFAULT CHARSET=utf8 COLLATE=utf8_unicode_ci;

-- ----------------------------
-- Records of workstep_problem_file
-- ----------------------------
INSERT INTO `workstep_problem_file` VALUES ('78', '198', '_201507161741221437039682462.jpg', '2015-07-16 17:41:22', 'psb');
INSERT INTO `workstep_problem_file` VALUES ('79', '199', '_201507162219201437056360836.jpg', '2015-07-16 22:19:21', 'IMG_20150704_113602');
INSERT INTO `workstep_problem_file` VALUES ('80', '200', '_201507162220471437056447807.jpg', '2015-07-16 22:20:48', 'IMG_20150704_113602');
INSERT INTO `workstep_problem_file` VALUES ('81', '203', '_201507172135081437140108197.jpg', '2015-07-17 21:35:08', '20150606_163426');
INSERT INTO `workstep_problem_file` VALUES ('82', '203', '_201507172135081437140108203.jpg', '2015-07-17 21:35:08', '1436459230116');
INSERT INTO `workstep_problem_file` VALUES ('83', '203', '_201507172135081437140108208.jpg', '2015-07-17 21:35:08', 'IMG_2015-07-02-144335');
INSERT INTO `workstep_problem_file` VALUES ('84', '203', '_201507172135081437140108224.jpg', '2015-07-17 21:35:08', '19');
INSERT INTO `workstep_problem_file` VALUES ('85', '203', '_201507172135081437140108226.jpg', '2015-07-17 21:35:09', '1436459165763');
INSERT INTO `workstep_problem_file` VALUES ('86', '204', '_201507172136321437140192606.jpg', '2015-07-17 21:36:33', 'IMG_2015-07-02-144335');

-- ----------------------------
-- View structure for shigongliang
-- ----------------------------
DROP VIEW IF EXISTS `shigongliang`;
CREATE ALGORITHM=UNDEFINED DEFINER=`easycms_v2`@`%` SQL SECURITY DEFINER VIEW `shigongliang` AS select count(0) AS `total`,`rolling_plan`.`consendman` AS `consendman` from `rolling_plan` where (`rolling_plan`.`isend` = 1) group by `rolling_plan`.`consendman` ;

-- ----------------------------
-- View structure for shigongwancheng
-- ----------------------------
DROP VIEW IF EXISTS `shigongwancheng`;
CREATE ALGORITHM=UNDEFINED DEFINER=`easycms_v2`@`%` SQL SECURITY DEFINER VIEW `shigongwancheng` AS select count(0) AS `total`,`rolling_plan`.`consendman` AS `consendman` from `rolling_plan` where (`rolling_plan`.`isend` = 2) group by `rolling_plan`.`consendman` ;
